# Canonical CLI VMC trajectories for the N=8 Mixer study
# Each epoch draws 1000 autoregressive samples and applies four AdamW updates
# columns: epoch, then energy_density, energy_density_stderr, sample_variance_density for seeds 7, 19, 43
1 -6.277632915080e-01 6.446148415232e-03 3.324226351296e-01 1.970227507353e-01 1.795527314603e-02 2.579134669988e+00 3.656959804595e-01 1.869789280556e-02 2.796889562947e+00
2 -6.515594769120e-01 5.787849104298e-03 2.679935780330e-01 8.663955262303e-02 1.684776701743e-02 2.270778027788e+00 2.681168079674e-01 1.835612381277e-02 2.695578251437e+00
3 -6.848484421372e-01 4.809469274819e-03 1.850479576435e-01 -3.524306744337e-02 1.571065646019e-02 1.974597811281e+00 1.632092731893e-01 1.742274754300e-02 2.428417055577e+00
4 -6.998820993602e-01 4.396982571722e-03 1.546676458882e-01 -1.323997918963e-01 1.470284696078e-02 1.729389670016e+00 7.045350471139e-02 1.679685697222e-02 2.257075233162e+00
5 -7.182513310611e-01 3.635528154290e-03 1.057365196851e-01 -2.729354665279e-01 1.332836379807e-02 1.421162252269e+00 -4.888187658787e-02 1.558867497498e-02 1.944054299805e+00
6 -7.333973919153e-01 3.058450278658e-03 7.483294485621e-02 -3.622558216751e-01 1.191146863908e-02 1.135064681119e+00 -1.534895229340e-01 1.485065808133e-02 1.764336363588e+00
7 -7.449321470261e-01 2.564007648817e-03 5.259308178553e-02 -4.255796577930e-01 1.045107165716e-02 8.737991902653e-01 -2.303254097104e-01 1.398159111691e-02 1.563879121283e+00
8 -7.480861436129e-01 2.185486114389e-03 3.821079644948e-02 -5.155884695053e-01 9.210644603399e-03 6.786877920810e-01 -3.275167548954e-01 1.233208011361e-02 1.216641599428e+00
9 -7.541404749155e-01 1.917488664701e-03 2.941410223405e-02 -5.474173335433e-01 7.767488253714e-03 4.826709901727e-01 -3.876564466655e-01 1.150178684520e-02 1.058328805059e+00
10 -7.530220407248e-01 1.785823999925e-03 2.551333886967e-02 -6.176209052801e-01 6.786541598372e-03 3.684571749314e-01 -4.434224874675e-01 1.014544505186e-02 8.234404424019e-01
11 -7.568846959472e-01 1.743366425831e-03 2.431461195771e-02 -6.456503811777e-01 5.689853316238e-03 2.589954460825e-01 -5.146384407580e-01 8.747851036644e-03 6.121991820745e-01
12 -7.579767962694e-01 1.502705128621e-03 1.806498162866e-02 -6.845764918327e-01 4.702452734661e-03 1.769044937738e-01 -5.387863776088e-01 7.962602402083e-03 5.072242961093e-01
13 -7.613903020024e-01 1.410950006335e-03 1.592623936302e-02 -7.077742152810e-01 3.806476642546e-03 1.159141154420e-01 -5.784108918011e-01 6.817121915673e-03 3.717852097052e-01
14 -7.641753154993e-01 1.692160383309e-03 2.290725410272e-02 -7.182728126645e-01 3.323860189243e-03 8.838437246107e-02 -6.102757670581e-01 6.014874774126e-03 2.894297483874e-01
15 -7.660957205296e-01 1.704487891413e-03 2.324223177580e-02 -7.313795358241e-01 2.717937287387e-03 5.909746478533e-02 -6.297933232486e-01 5.497787290383e-03 2.418053207224e-01
16 -7.645325239301e-01 1.489181458008e-03 1.774129131899e-02 -7.422920490503e-01 2.352051353520e-03 4.425716455676e-02 -6.491895451248e-01 4.415598877318e-03 1.559801075630e-01
17 -7.626187019944e-01 1.224068623376e-03 1.198675195787e-02 -7.472769888639e-01 2.169183617550e-03 3.764286053318e-02 -6.597603445649e-01 4.149060866246e-03 1.377176485745e-01
18 -7.670047975779e-01 1.430851915980e-03 1.637869764370e-02 -7.557762433290e-01 1.997600911673e-03 3.192327521854e-02 -6.833102003634e-01 3.397854611844e-03 9.236332770586e-02
19 -7.674840344787e-01 1.405426905842e-03 1.580179830131e-02 -7.524188039303e-01 1.698911384219e-03 2.309039913144e-02 -6.991589483917e-01 3.113164414329e-03 7.753434136516e-02
20 -7.689112759233e-01 1.460272833167e-03 1.705917397828e-02 -7.577389439940e-01 1.894275062234e-03 2.870622409121e-02 -7.117664487958e-01 2.869066588837e-03 6.585234472947e-02
21 -7.685806515813e-01 1.422589707675e-03 1.619009181107e-02 -7.607465369701e-01 1.664067242746e-03 2.215295830705e-02 -7.251381562650e-01 2.628221751440e-03 5.526039659793e-02
22 -7.663657296896e-01 1.200943022912e-03 1.153811315424e-02 -7.595694077611e-01 1.740920611170e-03 2.424643659516e-02 -7.254062691629e-01 2.373569620413e-03 4.507066194359e-02
23 -7.687124462128e-01 1.351206059736e-03 1.460606252693e-02 -7.624244219661e-01 1.610809618995e-03 2.075766102916e-02 -7.339286395311e-01 2.344946616381e-03 4.399019706941e-02
24 -7.689331480265e-01 1.259283389096e-03 1.268635723243e-02 -7.641991297603e-01 1.511933358578e-03 1.828753984625e-02 -7.387720288038e-01 2.235967650805e-03 3.999641068356e-02
25 -7.710270247459e-01 1.295452229769e-03 1.342557183691e-02 -7.657661684752e-01 1.656866511303e-03 2.196165309021e-02 -7.405828609467e-01 2.277265470711e-03 4.148750419273e-02
26 -7.692915000319e-01 1.568063915380e-03 1.967059554173e-02 -7.674736986756e-01 1.566294822696e-03 1.962623577284e-02 -7.521315735579e-01 2.235989827458e-03 3.999720406795e-02
27 -7.723362504244e-01 1.339312378854e-03 1.435006118520e-02 -7.676425030231e-01 1.417849809762e-03 1.608238466433e-02 -7.514125427008e-01 1.836478386336e-03 2.698122290783e-02
28 -7.724284008145e-01 1.456481077660e-03 1.697069703666e-02 -7.673466305137e-01 1.446587948202e-03 1.674093353507e-02 -7.543839783669e-01 1.941197543193e-03 3.014598321358e-02
29 -7.743195976615e-01 1.778552482724e-03 2.530599147042e-02 -7.697859080434e-01 1.482273958333e-03 1.757708870042e-02 -7.546942641139e-01 1.682363193157e-03 2.264276730950e-02
30 -7.718531810045e-01 1.611795005062e-03 2.078306510673e-02 -7.680875931382e-01 1.249302320399e-03 1.248605030203e-02 -7.570766786337e-01 1.726518208175e-03 2.384692098528e-02
31 -7.718198477030e-01 1.486634085522e-03 1.768064723388e-02 -7.701442954540e-01 1.466237277732e-03 1.719881403690e-02 -7.602007081509e-01 1.601416126899e-03 2.051626889194e-02
32 -7.714147973061e-01 1.322747734214e-03 1.399729254694e-02 -7.716768966913e-01 1.484000664209e-03 1.761806377099e-02 -7.603258664608e-01 1.698337992864e-03 2.307481550403e-02
33 -7.690225707293e-01 1.290528026586e-03 1.332370069922e-02 -7.710369212031e-01 1.370078443246e-03 1.501691952519e-02 -7.625055549145e-01 1.754063426448e-03 2.461390803201e-02
34 -7.710525467396e-01 1.386229259715e-03 1.537305248392e-02 -7.723409129381e-01 1.495241160797e-03 1.788596903152e-02 -7.618790428638e-01 1.395065610304e-03 1.556966445642e-02
35 -7.696668682694e-01 1.238564147978e-03 1.227232918926e-02 -7.698279085755e-01 1.500043686377e-03 1.800104848832e-02 -7.666905440092e-01 1.546992091212e-03 1.914547624218e-02
36 -7.688304032683e-01 1.310721774904e-03 1.374393256967e-02 -7.688356502652e-01 1.245624365681e-03 1.241264048303e-02 -7.621881742477e-01 1.321043508123e-03 1.396124760284e-02
37 -7.713681863546e-01 1.428945599109e-03 1.633508420170e-02 -7.681533457637e-01 1.174720704659e-03 1.103974987163e-02 -7.667219671011e-01 1.423715896498e-03 1.621573563153e-02
38 -7.710807353854e-01 1.591420288623e-03 2.026094828032e-02 -7.714533092380e-01 1.681996261504e-03 2.263289138970e-02 -7.672637964487e-01 1.471656638988e-03 1.732618610462e-02
39 -7.693310585618e-01 1.401565540701e-03 1.571508771903e-02 -7.716213970184e-01 1.342697178112e-03 1.442268569687e-02 -7.676811274290e-01 1.692616650962e-03 2.291960901692e-02
40 -7.704090279341e-01 1.325903298482e-03 1.406415645541e-02 -7.700884060264e-01 1.088775687481e-03 9.483459981192e-03 -7.685627924800e-01 1.380733049949e-03 1.525139004177e-02
41 -7.714781960249e-01 1.549706888008e-03 1.921273150992e-02 -7.719339380860e-01 1.486153872956e-03 1.766922667283e-02 -7.678858287334e-01 1.292641220570e-03 1.336737060093e-02
42 -7.680781133175e-01 1.279272897764e-03 1.309231317562e-02 -7.685853611231e-01 1.198643701051e-03 1.149397377656e-02 -7.699555563331e-01 1.535710876706e-03 1.886726317466e-02
43 -7.706351624727e-01 1.354489025937e-03 1.467712417108e-02 -7.738950116634e-01 1.677378701482e-03 2.250879446548e-02 -7.690258002877e-01 1.572291787284e-03 1.977681171488e-02
44 -7.704530527592e-01 1.268606425697e-03 1.287489810656e-02 -7.699028155804e-01 1.056566472178e-03 8.930661681039e-03 -7.699518979788e-01 1.314729690325e-03 1.382811326897e-02
45 -7.724131637812e-01 1.470594807148e-03 1.730119269449e-02 -7.715269328356e-01 1.424124013910e-03 1.622503365597e-02 -7.712791371346e-01 1.360684742081e-03 1.481170373866e-02
46 -7.682479886413e-01 1.373667747938e-03 1.509570465381e-02 -7.708466542959e-01 1.273360552743e-03 1.297157677825e-02 -7.700576190948e-01 1.426913207146e-03 1.628865040583e-02
47 -7.712516736388e-01 1.495876127493e-03 1.790116311043e-02 -7.703844053149e-01 1.126450627315e-03 1.015112812623e-02 -7.702991449237e-01 1.519686135550e-03 1.847556760466e-02
48 -7.695062035322e-01 1.156086550187e-03 1.069228889219e-02 -7.732444598675e-01 1.498949813037e-03 1.797480433602e-02 -7.703532704115e-01 1.366514476704e-03 1.493889452033e-02
49 -7.698534557819e-01 1.228863001301e-03 1.208083420772e-02 -7.703342649341e-01 1.155544320982e-03 1.068226142203e-02 -7.719054425955e-01 1.495447134713e-03 1.789089706178e-02
50 -7.719156075120e-01 1.327836878606e-03 1.410520620949e-02 -7.705913311839e-01 1.195865376769e-03 1.144075199484e-02 -7.717033516169e-01 1.315318584584e-03 1.384050383161e-02
51 -7.703106825948e-01 1.355770888968e-03 1.470491762698e-02 -7.718791307211e-01 1.321168171408e-03 1.396388269713e-02 -7.703374429941e-01 1.384479922217e-03 1.533427724019e-02
52 -7.733649182916e-01 1.290159395630e-03 1.331609012906e-02 -7.694619953036e-01 1.116334185619e-03 9.969616111848e-03 -7.715607953072e-01 1.518422116203e-03 1.844484578378e-02
53 -7.715781273842e-01 1.326291604936e-03 1.407239537059e-02 -7.718529722691e-01 1.583487655734e-03 2.005946524688e-02 -7.686224395633e-01 1.246770144142e-03 1.243548633859e-02
54 -7.712291479707e-01 1.260231582516e-03 1.270546913257e-02 -7.706473762989e-01 1.126080820913e-03 1.014446412182e-02 -7.727833853960e-01 1.200591241851e-03 1.153135464007e-02
55 -7.724915254116e-01 1.448800041932e-03 1.679217249201e-02 -7.710718287230e-01 1.143829121982e-03 1.046676048235e-02 -7.732219347358e-01 1.503133693609e-03 1.807528720691e-02
56 -7.730672282577e-01 1.340129546201e-03 1.436757760480e-02 -7.719784939885e-01 1.373860155747e-03 1.509993382040e-02 -7.700090001822e-01 1.331279219185e-03 1.417843487548e-02
57 -7.724778469205e-01 1.393475053290e-03 1.553418179314e-02 -7.698488643765e-01 9.888825182772e-04 7.823109079633e-03 -7.707721985579e-01 1.285127326135e-03 1.321241795503e-02
58 -7.697659532428e-01 1.102414172839e-03 9.722536067805e-03 -7.712774729729e-01 1.252167402115e-03 1.254338562335e-02 -7.724010928869e-01 1.496676799080e-03 1.792033152723e-02
59 -7.714764690399e-01 1.377774518522e-03 1.518610099111e-02 -7.733412728310e-01 1.524646754387e-03 1.859638180529e-02 -7.719917418361e-01 1.229085520035e-03 1.208520972448e-02
60 -7.727047423720e-01 1.349371259062e-03 1.456642235827e-02 -7.738919026256e-01 1.157215011374e-03 1.071317266040e-02 -7.690181049705e-01 1.453450277757e-03 1.690014167930e-02
61 -7.692730227113e-01 1.083917062226e-03 9.399009582277e-03 -7.730776367187e-01 1.178708471024e-03 1.111482927731e-02 -7.706150721908e-01 1.327201375480e-03 1.409170792861e-02
62 -7.711454153657e-01 1.642929776169e-03 2.159374599537e-02 -7.730528348088e-01 1.436729077438e-03 1.651352353566e-02 -7.732963492870e-01 1.379720512929e-03 1.522902955039e-02
63 -7.716597251892e-01 1.374410877486e-03 1.511204208122e-02 -7.705707780123e-01 1.201559016603e-03 1.154995256304e-02 -7.707805070877e-01 1.462081137671e-03 1.710145002506e-02
64 -7.718340692520e-01 1.146210486572e-03 1.051038783623e-02 -7.741713610291e-01 1.489004746193e-03 1.773708107349e-02 -7.718931272626e-01 1.383335409337e-03 1.530893483780e-02
65 -7.723429787755e-01 1.517323675736e-03 1.841816909559e-02 -7.716903427839e-01 1.102299735502e-03 9.720517655102e-03 -7.711836846471e-01 1.433110729089e-03 1.643045089463e-02
66 -7.713374647498e-01 1.298716332756e-03 1.349331290373e-02 -7.719724637866e-01 1.233267360373e-03 1.216758705728e-02 -7.706798862815e-01 1.355141629524e-03 1.469127068856e-02
67 -7.684567040205e-01 1.224182961611e-03 1.198899138799e-02 -7.703114976287e-01 1.133053897860e-03 1.027048908365e-02 -7.710852110386e-01 1.280703266993e-03 1.312160686469e-02
68 -7.704885440469e-01 1.299092815886e-03 1.350113715430e-02 -7.716588861346e-01 1.427362777435e-03 1.629891598726e-02 -7.692295426726e-01 1.246461784165e-03 1.242933583506e-02
69 -7.716605771780e-01 1.448456938032e-03 1.678422001065e-02 -7.714287235737e-01 1.273127873890e-03 1.296683666620e-02 -7.706210146546e-01 1.337863868993e-03 1.431903785565e-02
70 -7.703197651505e-01 1.233650432310e-03 1.217514711311e-02 -7.735681710243e-01 1.488717335647e-03 1.773023444366e-02 -7.684386183619e-01 1.215258215897e-03 1.181482025044e-02
71 -7.683426539898e-01 1.258893094743e-03 1.267849459193e-02 -7.721197769642e-01 1.161865869703e-03 1.079945839344e-02 -7.723564721346e-01 1.398075084639e-03 1.563691153831e-02
72 -7.712838314176e-01 1.486345642014e-03 1.767378694026e-02 -7.714669163227e-01 1.215253341497e-03 1.181472547215e-02 -7.710037155151e-01 1.444204181956e-03 1.668580575344e-02
73 -7.722942061424e-01 1.211827075721e-03 1.174819889160e-02 -7.716966488957e-01 1.378831523734e-03 1.520941096675e-02 -7.723352516890e-01 1.478150769900e-03 1.747943758844e-02
74 -7.705181767941e-01 1.437028816961e-03 1.652041456622e-02 -7.698078498244e-01 1.109558329063e-03 9.848957484738e-03 -7.693698216677e-01 1.128318498469e-03 1.018482107189e-02
75 -7.706441414952e-01 1.381376922637e-03 1.526561761916e-02 -7.722979213595e-01 1.360209322639e-03 1.480135521116e-02 -7.693345856667e-01 1.331972502199e-03 1.419320597291e-02
76 -7.716156031489e-01 1.448184510132e-03 1.677790700308e-02 -7.719956570268e-01 1.389647966194e-03 1.544897175957e-02 -7.685388556123e-01 1.127564650984e-03 1.017121633719e-02
77 -7.733597917557e-01 1.665871730534e-03 2.220102898074e-02 -7.728771221042e-01 1.392801202245e-03 1.551916151180e-02 -7.703659811616e-01 1.487614556938e-03 1.770397656010e-02
78 -7.723027592897e-01 1.327182616081e-03 1.409130957143e-02 -7.730147727728e-01 1.327407726140e-03 1.409609017134e-02 -7.719588737488e-01 1.385215085017e-03 1.535056665408e-02
79 -7.723666761518e-01 1.434611662909e-03 1.646488498683e-02 -7.724750307202e-01 1.382956603928e-03 1.530055174678e-02 -7.728499531746e-01 1.339883500102e-03 1.436230235076e-02
80 -7.731076660752e-01 1.291989857635e-03 1.335390233785e-02 -7.709129971266e-01 1.240356266188e-03 1.230786933657e-02 -7.711912124753e-01 1.362971915034e-03 1.486153952937e-02
81 -7.717553090453e-01 1.296076636018e-03 1.343851717145e-02 -7.712587480545e-01 1.140149599090e-03 1.039952886644e-02 -7.730561830401e-01 1.468334325678e-03 1.724804553572e-02
82 -7.721472377181e-01 1.504836293357e-03 1.811625815844e-02 -7.730666979551e-01 1.431377273311e-03 1.639072718840e-02 -7.724438530207e-01 1.347285473637e-03 1.452142517979e-02
83 -7.726974018216e-01 1.404004583949e-03 1.576983097399e-02 -7.721703280210e-01 1.205856037368e-03 1.163271026285e-02 -7.709602301121e-01 1.259280720907e-03 1.268630347239e-02
84 -7.719652066827e-01 1.377980708893e-03 1.519064667265e-02 -7.694366986752e-01 1.121646366581e-03 1.006472457332e-02 -7.712007486224e-01 1.288642907470e-03 1.328480434378e-02
85 -7.687793990970e-01 1.260962183530e-03 1.272020502633e-02 -7.728369716406e-01 1.335170120794e-03 1.426143401169e-02 -7.686220329404e-01 1.121534178056e-03 1.006271130038e-02
86 -7.716797162294e-01 1.362679794730e-03 1.485516978373e-02 -7.705652324557e-01 1.287716845425e-03 1.326571739193e-02 -7.714944695234e-01 1.241302142240e-03 1.232664806663e-02
87 -7.707456804514e-01 1.384904824563e-03 1.534369098478e-02 -7.714475606084e-01 1.142836780406e-03 1.044860725319e-02 -7.731576696634e-01 1.553338231267e-03 1.930287728572e-02
88 -7.726944758296e-01 1.245389201852e-03 1.240795411272e-02 -7.752656149268e-01 1.619593645312e-03 2.098466860749e-02 -7.709659364820e-01 1.409965526933e-03 1.590402229711e-02
89 -7.712739553452e-01 1.081522710917e-03 9.357530993841e-03 -7.731230469346e-01 1.315577996807e-03 1.384596372545e-02 -7.709706653953e-01 1.422242066383e-03 1.618217996311e-02
90 -7.711824141145e-01 1.354074924953e-03 1.466815121910e-02 -7.740135583878e-01 1.376382958578e-03 1.515544038931e-02 -7.690675420165e-01 1.316220898967e-03 1.385949963901e-02
91 -7.708335235715e-01 1.676987112063e-03 2.249828619220e-02 -7.721171440482e-01 1.265682500013e-03 1.281561752671e-02 -7.737677589655e-01 1.267424540280e-03 1.285091972243e-02
92 -7.690603921413e-01 1.372727571515e-03 1.507504788477e-02 -7.710556251407e-01 1.171879321529e-03 1.098640915382e-02 -7.733754629493e-01 1.554922640406e-03 1.934227534117e-02
93 -7.710882573724e-01 1.336456199108e-03 1.428892137707e-02 -7.712965622544e-01 1.162120271168e-03 1.080418819727e-02 -7.710831152201e-01 1.358290155513e-03 1.475961717250e-02
94 -7.709998013377e-01 1.509069840994e-03 1.821833427998e-02 -7.712382959127e-01 1.120057986780e-03 1.003623915000e-02 -7.690893738270e-01 1.311404961779e-03 1.375826379023e-02
95 -7.714335616827e-01 1.279972051967e-03 1.310662763053e-02 -7.723930912614e-01 1.438861674882e-03 1.656258335556e-02 -7.688778526783e-01 1.283033149599e-03 1.316939250376e-02
96 -7.722053735256e-01 1.390082826737e-03 1.545864212151e-02 -7.706879637837e-01 1.253870003263e-03 1.257751988067e-02 -7.714217618704e-01 1.195733233800e-03 1.143822373131e-02
97 -7.715340471864e-01 1.456698590022e-03 1.697576625739e-02 -7.724727896452e-01 1.269897898666e-03 1.290112538429e-02 -7.679573629498e-01 1.146455902911e-03 1.051488909855e-02
98 -7.732464066148e-01 1.678047164177e-03 2.252673828163e-02 -7.727159591317e-01 1.443809403605e-03 1.667668475150e-02 -7.697928985357e-01 1.368108895699e-03 1.497377560394e-02
99 -7.692041893601e-01 1.171824731120e-03 1.098538560372e-02 -7.720390670896e-01 1.348172893881e-03 1.454056121436e-02 -7.709206309915e-01 1.496387353041e-03 1.791340088273e-02
100 -7.685265766382e-01 1.317297991808e-03 1.388219199377e-02 -7.732172373533e-01 1.332176658466e-03 1.419755719489e-02 -7.717800427675e-01 1.640613781536e-03 2.153290864133e-02
101 -7.715811741352e-01 1.365623100378e-03 1.491941161828e-02 -7.717793767452e-01 1.265425081232e-03 1.281040508968e-02 -7.706786880493e-01 1.222354127133e-03 1.195319689696e-02
102 -7.731221305132e-01 1.411853150347e-03 1.594663454517e-02 -7.720140682459e-01 1.388605753138e-03 1.542580750119e-02 -7.728262742758e-01 1.507381855769e-03 1.817760047282e-02
103 -7.720730932951e-01 1.447062498329e-03 1.675191899256e-02 -7.717389885783e-01 1.139342680449e-03 1.038481394795e-02 -7.696412771344e-01 1.256346955508e-03 1.262726138092e-02
104 -7.715599341393e-01 1.129954811885e-03 1.021438301522e-02 -7.731712399721e-01 1.241865045412e-03 1.233783032813e-02 -7.706042379737e-01 1.141413203772e-03 1.042259281397e-02
105 -7.704181861877e-01 1.300534010448e-03 1.353110969866e-02 -7.701472475529e-01 1.076242009516e-03 9.266374904377e-03 -7.711307566762e-01 1.170198568078e-03 1.095491750985e-02
106 -7.727784451246e-01 1.441664976098e-03 1.662718322646e-02 -7.704887127280e-01 9.584301655756e-04 7.348707058282e-03 -7.718613140583e-01 1.504656857247e-03 1.811193806448e-02
107 -7.705382730365e-01 1.380748270240e-03 1.525172628616e-02 -7.717154731750e-01 1.172052681693e-03 1.098965990931e-02 -7.709815886617e-01 1.282200118300e-03 1.315229714694e-02
108 -7.729079190493e-01 1.327867894844e-03 1.410586516926e-02 -7.709871535301e-01 1.112242853150e-03 9.896673315066e-03 -7.724742721319e-01 1.332426126660e-03 1.420287506406e-02
109 -7.717265478373e-01 1.380581855416e-03 1.524805007603e-02 -7.722167024016e-01 1.374392189244e-03 1.511163111883e-02 -7.682412149906e-01 1.306974312518e-03 1.366545482866e-02
110 -7.717637289166e-01 1.285340701025e-03 1.321680574169e-02 -7.721819670200e-01 1.478850150719e-03 1.749598214626e-02 -7.693178980350e-01 1.117784301593e-03 9.995533959109e-03
111 -7.723328881264e-01 1.363177264141e-03 1.486601802776e-02 -7.749865974188e-01 1.410734545466e-03 1.592137566217e-02 -7.716501773596e-01 1.228330892302e-03 1.207037424787e-02
112 -7.712180092335e-01 1.340033116648e-03 1.436551002970e-02 -7.699112357497e-01 1.381910808970e-03 1.527741987158e-02 -7.688011531234e-01 1.340762682359e-03 1.438115656325e-02
113 -7.727980998158e-01 1.457973631238e-03 1.700549687509e-02 -7.712673816085e-01 1.296879768031e-03 1.345517706182e-02 -7.703558574915e-01 1.252006769918e-03 1.254016761537e-02
114 -7.721026222706e-01 1.370129098025e-03 1.501802996204e-02 -7.697598788738e-01 1.125483407804e-03 1.013370320994e-02 -7.731576380730e-01 1.441991429186e-03 1.663471425476e-02
115 -7.701241127253e-01 1.050350238300e-03 8.825884984780e-03 -7.711243944168e-01 1.360832411271e-03 1.481491881254e-02 -7.716543528438e-01 1.313304436597e-03 1.379814834548e-02
116 -7.698676225543e-01 1.276832619957e-03 1.304241231509e-02 -7.722271304727e-01 1.292312466568e-03 1.336057208998e-02 -7.716536267996e-01 1.253172803736e-03 1.256353660819e-02
117 -7.719026386142e-01 1.350542796606e-03 1.459172676372e-02 -7.719100546241e-01 1.047425053607e-03 8.776793943388e-03 -7.713515277505e-01 1.442420865071e-03 1.664462361593e-02
118 -7.712904482484e-01 1.426005369065e-03 1.626793050082e-02 -7.726095209122e-01 1.330957091106e-03 1.417157422691e-02 -7.716086174846e-01 1.335930835043e-03 1.427768956816e-02
119 -7.732396888733e-01 1.479749425047e-03 1.751726688742e-02 -7.740583553910e-01 1.442571424320e-03 1.664809851411e-02 -7.709574850798e-01 1.239616362547e-03 1.229318981035e-02
120 -7.706947298050e-01 1.238386502676e-03 1.226880904007e-02 -7.711256662011e-01 1.246302744951e-03 1.242616425658e-02 -7.712539951205e-01 1.469554122415e-03 1.727671454965e-02
121 -7.694482211471e-01 1.303100822542e-03 1.358457402967e-02 -7.723394927979e-01 1.309040495089e-03 1.370869614226e-02 -7.715551502109e-01 1.375067059926e-03 1.512647535436e-02
122 -7.715655053854e-01 1.667988767020e-03 2.225749221523e-02 -7.736683694720e-01 1.133557247378e-03 1.027961626466e-02 -7.683424468040e-01 1.192077271714e-03 1.136838577389e-02
123 -7.715772138834e-01 1.310263271534e-03 1.373431872584e-02 -7.716522719860e-01 1.435651437626e-03 1.648876040285e-02 -7.739865314960e-01 1.464158685977e-03 1.715008526178e-02
124 -7.737520309687e-01 1.384657662252e-03 1.533821473307e-02 -7.730965138674e-01 1.274724928993e-03 1.299938915676e-02 -7.717186731100e-01 1.257227085466e-03 1.264495955543e-02
125 -7.731666065454e-01 1.473517737115e-03 1.737003617275e-02 -7.702048406601e-01 9.959298472913e-04 7.935010085805e-03 -7.697857378125e-01 1.207785134983e-03 1.166995945828e-02
126 -7.685665518641e-01 1.107375585521e-03 9.810245499258e-03 -7.734181671739e-01 1.250885192662e-03 1.251771012178e-02 -7.731624796987e-01 1.518171186730e-03 1.843875001773e-02
127 -7.703718520403e-01 1.167473527477e-03 1.090395549888e-02 -7.710202664137e-01 1.204399494639e-03 1.160462514150e-02 -7.720465360284e-01 1.343687245718e-03 1.444396331443e-02
128 -7.714739592075e-01 1.314156793449e-03 1.381606462214e-02 -7.714734991789e-01 1.148305097708e-03 1.054883677938e-02 -7.718184155226e-01 1.245960059520e-03 1.241933175935e-02
129 -7.713853529692e-01 1.274276460981e-03 1.299024399207e-02 -7.723424490690e-01 1.097370500601e-03 9.633776124711e-03 -7.706619721055e-01 1.264251068938e-03 1.278664612249e-02
130 -7.753356299996e-01 1.539609240670e-03 1.896317291166e-02 -7.699770901203e-01 1.152749994842e-03 1.063066040487e-02 -7.729044438004e-01 1.366276120645e-03 1.493368350276e-02
131 -7.702935802937e-01 1.164955283303e-03 1.085696649676e-02 -7.711217118502e-01 1.236890518703e-03 1.223918524205e-02 -7.691643378139e-01 1.162692716512e-03 1.081483482424e-02
132 -7.722327886224e-01 1.290761001844e-03 1.332851171104e-02 -7.735121353865e-01 1.631267943996e-03 2.128828084088e-02 -7.712031607628e-01 1.318777837436e-03 1.391339987610e-02
133 -7.737003634572e-01 1.330378754795e-03 1.415926104969e-02 -7.693172648549e-01 8.732375372132e-04 6.100350371185e-03 -7.708450719714e-01 1.251825483748e-03 1.253653633409e-02
134 -7.695156995654e-01 1.261747705836e-03 1.273605818547e-02 -7.734873530865e-01 1.443034470184e-03 1.665878785711e-02 -7.709225329757e-01 1.361058729007e-03 1.481984691046e-02
135 -7.708497748375e-01 1.437627713618e-03 1.653418754370e-02 -7.740404835343e-01 1.436618087817e-03 1.651097224195e-02 -7.716784051061e-01 1.418820067938e-03 1.610440308148e-02
136 -7.712591939569e-01 1.300820876906e-03 1.353707963036e-02 -7.728810935616e-01 1.262550079483e-03 1.275226162563e-02 -7.699436895847e-01 1.215942792618e-03 1.182813499937e-02
137 -7.692381585240e-01 1.229555244074e-03 1.209444878584e-02 -7.722959268093e-01 1.165673889178e-03 1.087036492728e-02 -7.691242861152e-01 1.118112137373e-03 1.000139801393e-02
138 -7.717918393612e-01 1.423222613470e-03 1.620450085995e-02 -7.717133570313e-01 1.183896062542e-03 1.121287909521e-02 -7.713760325909e-01 1.271181027154e-03 1.292720963037e-02
139 -7.740794878006e-01 1.498000990669e-03 1.795205574436e-02 -7.730834125876e-01 1.265701283212e-03 1.281599790659e-02 -7.692228658795e-01 1.348367843910e-03 1.454476673992e-02
140 -7.728883106112e-01 1.303293618605e-03 1.358859405036e-02 -7.720553085208e-01 1.272734584414e-03 1.295882657891e-02 -7.712915322185e-01 1.242274901504e-03 1.234597544726e-02
141 -7.749628495574e-01 1.628512080161e-03 2.121641276185e-02 -7.727174620628e-01 1.426316173344e-03 1.627502261075e-02 -7.712211787701e-01 1.243524396133e-03 1.237082339022e-02
142 -7.716646128893e-01 1.359204618045e-03 1.477949754972e-02 -7.731151471734e-01 1.385729422572e-03 1.536196826064e-02 -7.714333854318e-01 1.440279292967e-03 1.659523553401e-02
143 -7.723156443238e-01 1.271891855459e-03 1.294167113587e-02 -7.727868453860e-01 1.151309613514e-03 1.060411060935e-02 -7.714391911030e-01 1.115460130474e-03 9.954010421414e-03
144 -7.732804914713e-01 1.506070654646e-03 1.814599053428e-02 -7.746604050398e-01 1.483092947559e-03 1.759651752880e-02 -7.699608925581e-01 1.377489514413e-03 1.517981889853e-02
145 -7.715687177777e-01 1.367236637308e-03 1.495468817919e-02 -7.719620900750e-01 1.395797180944e-03 1.558599816265e-02 -7.708792197704e-01 1.302194087906e-03 1.356567554062e-02
146 -7.704516258836e-01 1.322024199844e-03 1.398198387978e-02 -7.729215195775e-01 1.311723638157e-03 1.376495122321e-02 -7.707299553752e-01 1.273023591968e-03 1.296471252565e-02
147 -7.690392000675e-01 1.351893144821e-03 1.462092060011e-02 -7.727844804525e-01 1.231747644050e-03 1.213761806898e-02 -7.704656200409e-01 1.058042836244e-03 8.955637146626e-03
148 -7.721720007658e-01 1.195314125903e-03 1.143020687666e-02 -7.707914562821e-01 1.147656771301e-03 1.053692851771e-02 -7.686178711057e-01 1.132390224106e-03 1.025846095720e-02
149 -7.720671378970e-01 1.430632072237e-03 1.637366500890e-02 -7.715934539437e-01 1.027099140222e-03 8.439461150765e-03 -7.722069185972e-01 1.581452376253e-03 2.000793294685e-02
150 -7.715493344069e-01 1.466714377373e-03 1.721000851834e-02 -7.726070103645e-01 1.257702739157e-03 1.265452944066e-02 -7.726849828362e-01 1.677980676323e-03 2.252495320091e-02
151 -7.710135965347e-01 1.281263474719e-03 1.313308873319e-02 -7.725739604831e-01 1.468138891534e-03 1.724345443867e-02 -7.702320027351e-01 1.288222103613e-03 1.327612950589e-02
152 -7.702212350965e-01 1.249897712033e-03 1.249795432436e-02 -7.704560946226e-01 1.148416294895e-03 1.055087989104e-02 -7.708495188355e-01 1.443618075148e-03 1.667226517516e-02
153 -7.717404169440e-01 1.270661648087e-03 1.291664819135e-02 -7.710061087012e-01 1.222009768057e-03 1.194646298582e-02 -7.714020597339e-01 1.275223063085e-03 1.300955088499e-02
154 -7.716835470200e-01 1.453802568902e-03 1.690833527477e-02 -7.738940106630e-01 1.539451604054e-03 1.895928992980e-02 -7.714551499486e-01 1.247926731576e-03 1.245856901906e-02
155 -7.712201766968e-01 1.317021468387e-03 1.387636438553e-02 -7.727679184079e-01 1.109909380566e-03 9.855190664543e-03 -7.723303753734e-01 1.383370475417e-03 1.530971097805e-02
156 -7.720403689146e-01 1.251936336916e-03 1.253875673353e-02 -7.735908717513e-01 1.407570757378e-03 1.585004349622e-02 -7.732959020138e-01 1.475201516704e-03 1.740975611909e-02
157 -7.708937807679e-01 1.271424660020e-03 1.293216532885e-02 -7.718371163607e-01 1.221580754646e-03 1.193807632098e-02 -7.724993084669e-01 1.531853860798e-03 1.877261000674e-02
158 -7.691624141335e-01 1.045647268078e-03 8.747025673904e-03 -7.704466227293e-01 1.169350775909e-03 1.093904989694e-02 -7.723482015133e-01 1.343365161282e-03 1.443703965237e-02
159 -7.734921426177e-01 1.686701653723e-03 2.275969974938e-02 -7.713169081807e-01 1.193794224474e-03 1.140115720311e-02 -7.694918885827e-01 1.197150488967e-03 1.146535434586e-02
160 -7.728725596666e-01 1.490567949604e-03 1.777434249909e-02 -7.717609143853e-01 1.274451730823e-03 1.299381771358e-02 -7.716942581534e-01 1.341421413704e-03 1.439529127315e-02
161 -7.716537557244e-01 1.127611551557e-03 1.017206248964e-02 -7.734489815235e-01 1.413029105159e-03 1.597321001621e-02 -7.701180062890e-01 1.289616061394e-03 1.330487668645e-02
162 -7.713775221705e-01 1.284016209835e-03 1.318958101696e-02 -7.703189093471e-01 1.069392259806e-03 9.148798442663e-03 -7.707740696073e-01 1.329575147739e-03 1.414216058788e-02
163 -7.693699586987e-01 1.223239229737e-03 1.197051370534e-02 -7.710991599560e-01 1.085701265659e-03 9.429977906021e-03 -7.734376893044e-01 1.311491551607e-03 1.376008071950e-02
164 -7.700082114339e-01 1.228716093495e-03 1.207794590731e-02 -7.697252092361e-01 1.138892468173e-03 1.037660843248e-02 -7.730403882265e-01 1.694557530447e-03 2.297220179194e-02
165 -7.713475670218e-01 1.325695958985e-03 1.405975820535e-02 -7.717559102774e-01 1.315620288927e-03 1.384685395710e-02 -7.726828793287e-01 1.346050437832e-03 1.449481424949e-02
166 -7.714198479056e-01 1.274270600465e-03 1.299012450568e-02 -7.724467113614e-01 1.389390633639e-03 1.544325066275e-02 -7.712768972516e-01 1.282389951174e-03 1.315619189498e-02
167 -7.742508621216e-01 1.664381201845e-03 2.216131828045e-02 -7.705901526213e-01 1.198216335984e-03 1.148577910256e-02 -7.692340801954e-01 1.204222491553e-03 1.160121447330e-02
168 -7.730664182305e-01 1.474644811658e-03 1.739661856439e-02 -7.713731135130e-01 1.344899322680e-03 1.447003350517e-02 -7.720437594652e-01 1.235052803947e-03 1.220284342829e-02
169 -7.717355690598e-01 1.273058398489e-03 1.296542148770e-02 -7.735987629294e-01 1.443185462734e-03 1.666227423877e-02 -7.700533579588e-01 1.398678039952e-03 1.565040207555e-02
170 -7.741476032138e-01 1.545314930563e-03 1.910398587696e-02 -7.737415686846e-01 1.391325089452e-03 1.548628403631e-02 -7.706737641096e-01 1.256006973760e-03 1.262042814508e-02
171 -7.700230007768e-01 1.219706502905e-03 1.190147162583e-02 -7.719481417537e-01 1.262510756423e-03 1.275146728068e-02 -7.738992403746e-01 1.431963869386e-03 1.640416418581e-02
172 -7.734257038236e-01 1.329953580620e-03 1.415021221283e-02 -7.746194627881e-01 1.383155669370e-03 1.530495684568e-02 -7.708356962800e-01 1.235186013369e-03 1.220547590097e-02
173 -7.710811173320e-01 1.317191864465e-03 1.387995526251e-02 -7.715623049140e-01 1.247979323332e-03 1.245961913170e-02 -7.720285094380e-01 1.414489947635e-03 1.600625449568e-02
174 -7.734927608371e-01 1.223898827553e-03 1.198342672069e-02 -7.721739794016e-01 1.210678200859e-03 1.172593364828e-02 -7.694272658825e-01 1.131047092511e-03 1.023414020382e-02
175 -7.702214591503e-01 1.355784756200e-03 1.470521844116e-02 -7.719401961565e-01 1.116337971439e-03 9.969683731816e-03 -7.709783179760e-01 1.292942673493e-03 1.337360605551e-02
176 -7.714452044368e-01 1.372996836565e-03 1.508096250573e-02 -7.721490377784e-01 1.325057071352e-03 1.404620993872e-02 -7.714207962155e-01 1.268914858890e-03 1.288115935289e-02
177 -7.699977942705e-01 1.211443873675e-03 1.174077007252e-02 -7.706310675740e-01 1.299211290060e-03 1.350359980975e-02 -7.734527903795e-01 1.619016446044e-03 2.096971402049e-02
178 -7.722530679107e-01 1.319924781675e-03 1.393761143423e-02 -7.727355952859e-01 1.315140851548e-03 1.383676367529e-02 -7.709254416823e-01 1.232705770603e-03 1.215650813502e-02
179 -7.705362211466e-01 1.192446091927e-03 1.137542145721e-02 -7.728026712537e-01 1.186315709609e-03 1.125875970293e-02 -7.716462978721e-01 1.435276106652e-03 1.648014001862e-02
180 -7.718055477142e-01 1.369128305502e-03 1.499609853542e-02 -7.694897152781e-01 9.527236497812e-04 7.261458822819e-03 -7.712506150603e-01 1.290346144049e-03 1.331994537170e-02
181 -7.731955611110e-01 1.088112234414e-03 9.471905877448e-03 -7.707740764022e-01 1.177377637829e-03 1.108974481647e-02 -7.736902291775e-01 1.294726973058e-03 1.341054347810e-02
182 -7.702470735312e-01 1.083698559399e-03 9.395220541148e-03 -7.697979694605e-01 1.170073358560e-03 1.095257331530e-02 -7.731990856528e-01 1.169412393950e-03 1.094020277699e-02
183 -7.729065160751e-01 1.434542198416e-03 1.646329055230e-02 -7.713750521541e-01 1.274096288642e-03 1.298657082186e-02 -7.729444259405e-01 1.401087951780e-03 1.570437958898e-02
184 -7.732827857137e-01 1.349212869594e-03 1.456300293982e-02 -7.726777988076e-01 1.334355020091e-03 1.424402655714e-02 -7.709475409985e-01 1.208406275066e-03 1.168196580495e-02
185 -7.703832429051e-01 1.290775474801e-03 1.332881061077e-02 -7.725154462457e-01 1.475808064980e-03 1.742407555727e-02 -7.700510565042e-01 1.298096134639e-03 1.348042859811e-02
186 -7.711054915786e-01 1.208014135985e-03 1.167438522191e-02 -7.716296313405e-01 1.277273463724e-03 1.305142000906e-02 -7.717436755300e-01 1.241345535452e-03 1.232750990709e-02
187 -7.730776361227e-01 1.522695365594e-03 1.854880941121e-02 -7.722500724196e-01 1.170464761169e-03 1.095990205711e-02 -7.720293524265e-01 1.207536466692e-03 1.166515454713e-02
188 -7.713773996830e-01 1.359065149665e-03 1.477646464826e-02 -7.725327240229e-01 1.371744049626e-03 1.505345390147e-02 -7.723315511942e-01 1.303595188462e-03 1.359488332304e-02
189 -7.704735285044e-01 1.238440495860e-03 1.226987889428e-02 -7.705129119754e-01 1.066775103049e-03 9.104072963876e-03 -7.721188777685e-01 1.410380874664e-03 1.591339369295e-02
190 -7.703001472950e-01 1.239197116397e-03 1.228487594628e-02 -7.719255137444e-01 1.386706689938e-03 1.538364355135e-02 -7.703799870014e-01 1.132004957859e-03 1.025148179694e-02
191 -7.694666140676e-01 1.236142039849e-03 1.222437714146e-02 -7.715846403241e-01 1.284732340126e-03 1.320429748613e-02 -7.726666642427e-01 1.246230216584e-03 1.242471802182e-02
192 -7.704529564977e-01 1.469304342993e-03 1.727084201869e-02 -7.732616864443e-01 1.337727284855e-03 1.431611430917e-02 -7.705362834334e-01 1.090309903031e-03 9.510205477179e-03
193 -7.707918056846e-01 1.091737886929e-03 9.535132910051e-03 -7.714309048653e-01 1.282321726280e-03 1.315479207751e-02 -7.714690485597e-01 1.254673862954e-03 1.259365201903e-02
194 -7.701661728024e-01 1.290677661296e-03 1.332679060295e-02 -7.746307160258e-01 1.472519849319e-03 1.734651765310e-02 -7.686931760311e-01 1.329420015901e-03 1.413886062943e-02
195 -7.719518450499e-01 1.464304369016e-03 1.715349828095e-02 -7.727614652514e-01 1.244471368333e-03 1.238967189281e-02 -7.718418031931e-01 1.489140437720e-03 1.774031394601e-02
196 -7.714852133989e-01 1.325855921663e-03 1.406315140006e-02 -7.725567964911e-01 1.089006626125e-03 9.487483453960e-03 -7.731911533475e-01 1.423707833115e-03 1.621555195259e-02
197 -7.693505216241e-01 1.162961675487e-03 1.081983886922e-02 -7.681205791235e-01 1.073667822085e-03 9.222100737450e-03 -7.730468951464e-01 1.368783295360e-03 1.498854167726e-02
198 -7.698002178073e-01 1.331681124990e-03 1.418699694923e-02 -7.727287593484e-01 1.238344174809e-03 1.226797036227e-02 -7.735327934623e-01 1.270919464394e-03 1.292189027981e-02
199 -7.712819086313e-01 1.242314175959e-03 1.234675609431e-02 -7.715943330526e-01 1.181225312863e-03 1.116234591798e-02 -7.702514692545e-01 1.228844566258e-03 1.208047174418e-02
200 -7.712871465683e-01 1.558599733074e-03 1.943386502352e-02 -7.710030134320e-01 1.168419440564e-03 1.092163191271e-02 -7.724367352724e-01 1.317842193782e-03 1.389366438171e-02
201 -7.727250804901e-01 1.506060446925e-03 1.814574455835e-02 -7.717269070148e-01 1.116348381138e-03 9.969869664563e-03 -7.700851284862e-01 1.152776562713e-03 1.063115042832e-02
202 -7.683693799376e-01 1.012073501956e-03 8.194342186890e-03 -7.752009569407e-01 1.647329790158e-03 2.170956350034e-02 -7.718352455497e-01 1.384141043527e-03 1.532677142700e-02
203 -7.716310188174e-01 1.318803304024e-03 1.391393723764e-02 -7.708953512311e-01 1.107695167768e-03 9.815908677581e-03 -7.703594131470e-01 1.279734272669e-03 1.310175846915e-02
204 -7.692590130568e-01 9.953112516339e-04 7.925155901032e-03 -7.738809937835e-01 1.303241869820e-03 1.358751497001e-02 -7.704745463729e-01 1.320473212402e-03 1.394919603737e-02
205 -7.714357897043e-01 1.246874047949e-03 1.243755913158e-02 -7.727781183124e-01 1.187449154889e-03 1.128028396358e-02 -7.702305719256e-01 1.186597724651e-03 1.126411328118e-02
206 -7.708209387064e-01 1.267794640624e-03 1.285842600637e-02 -7.719197608232e-01 1.197458659324e-03 1.147125792632e-02 -7.706589215994e-01 1.234751439210e-03 1.219688893304e-02
207 -7.725441115499e-01 1.450089857701e-03 1.682208476325e-02 -7.711623681784e-01 1.422400387518e-03 1.618578289929e-02 -7.703635533452e-01 1.375509841440e-03 1.513621859119e-02
208 -7.694025089145e-01 1.284173032038e-03 1.319280300972e-02 -7.717518018484e-01 9.457947877886e-04 7.156222244865e-03 -7.717072995305e-01 1.414338624310e-03 1.600282995373e-02
209 -7.722788262367e-01 1.503099041415e-03 1.807445382643e-02 -7.713685503006e-01 1.161971107230e-03 1.080141483230e-02 -7.737906422019e-01 1.403122823654e-03 1.575002926607e-02
210 -7.715935504436e-01 1.284884054223e-03 1.320741626237e-02 -7.728980624080e-01 1.545644503639e-03 1.911213545304e-02 -7.703524283171e-01 1.207938608146e-03 1.167292544839e-02
211 -7.699256722331e-01 1.059224246052e-03 8.975648027389e-03 -7.719988660812e-01 1.027170994345e-03 8.440642012986e-03 -7.720111151338e-01 1.275000539485e-03 1.300501100549e-02
212 -7.718448737860e-01 1.230217250995e-03 1.210747587717e-02 -7.708349520564e-01 9.905109040774e-04 7.848894808769e-03 -7.706372044683e-01 1.235297091815e-03 1.220767124036e-02
213 -7.690294483304e-01 1.110455235107e-03 9.864886633419e-03 -7.736699290276e-01 1.571163011081e-03 1.974842565911e-02 -7.738276704550e-01 1.375657731408e-03 1.513947355185e-02
214 -7.694891694188e-01 1.141404316998e-03 1.042243051890e-02 -7.729414551258e-01 1.233257203905e-03 1.216738664788e-02 -7.713069452047e-01 1.268578787946e-03 1.287433712981e-02
215 -7.698465690017e-01 1.364805150861e-03 1.490154479853e-02 -7.722949033976e-01 1.092888987764e-03 9.555250716612e-03 -7.688373751044e-01 1.066361835986e-03 9.097020521974e-03
216 -7.710866206288e-01 1.361938559120e-03 1.483901311055e-02 -7.713377786279e-01 1.105362605804e-03 9.774611922478e-03 -7.736744526625e-01 1.687972949730e-03 2.279402143217e-02
217 -7.702011304498e-01 1.368403714326e-03 1.498022980305e-02 -7.715505791306e-01 1.189317001069e-03 1.131579943226e-02 -7.720650972128e-01 1.405312584307e-03 1.579922767689e-02
218 -7.737134524584e-01 1.438097575461e-03 1.654499709236e-02 -7.743304399848e-01 1.531751838347e-03 1.877010955423e-02 -7.741325867772e-01 1.320191158686e-03 1.394323756377e-02
219 -7.711655321121e-01 1.321515455450e-03 1.397122479195e-02 -7.745753117204e-01 1.209790658829e-03 1.170874750552e-02 -7.730845711231e-01 1.185349642294e-03 1.124043019589e-02
220 -7.712814292908e-01 1.179764716848e-03 1.113475829696e-02 -7.681745694876e-01 1.167106594033e-03 1.089710241468e-02 -7.707623725533e-01 1.309763974887e-03 1.372385335930e-02
221 -7.702043867707e-01 1.078657047116e-03 9.308008202351e-03 -7.712925851941e-01 1.157093912871e-03 1.071093058563e-02 -7.722232928872e-01 1.303764970824e-03 1.359842479319e-02
222 -7.696415017843e-01 9.788273254330e-04 7.664823464115e-03 -7.710837074518e-01 1.081910217623e-03 9.364237751972e-03 -7.712389408350e-01 1.304128874472e-03 1.360601696985e-02
223 -7.713219224215e-01 1.254462539194e-03 1.258941009793e-02 -7.746996485591e-01 1.620205521434e-03 2.100052745348e-02 -7.713944048882e-01 1.337110948740e-03 1.430292551392e-02
224 -7.713328065872e-01 1.260110245446e-03 1.270302264542e-02 -7.718427194357e-01 1.204750920201e-03 1.161139823780e-02 -7.743473516107e-01 1.386655548131e-03 1.538250887330e-02
225 -7.716332696676e-01 1.438358889639e-03 1.655101036323e-02 -7.695959447026e-01 1.023394374688e-03 8.378688369148e-03 -7.678404130936e-01 1.041022146145e-03 8.669816870117e-03
226 -7.738015455008e-01 1.555308229249e-03 1.935186950376e-02 -7.711814150214e-01 1.051649047838e-03 8.847725758546e-03 -7.681574674249e-01 1.114845504999e-03 9.943044000127e-03
227 -7.722827964425e-01 1.305584381187e-03 1.363640461120e-02 -7.728879511952e-01 1.213285578016e-03 1.177649515058e-02 -7.736344910860e-01 1.326207935290e-03 1.407061990101e-02
228 -7.749420155287e-01 1.328455416066e-03 1.411835033981e-02 -7.723390702009e-01 1.188051826632e-03 1.129173714212e-02 -7.726425445676e-01 1.475009686165e-03 1.740522859423e-02
229 -7.702721498013e-01 1.208889382534e-03 1.169130831363e-02 -7.725631278753e-01 1.411250124095e-03 1.593301530206e-02 -7.739043494463e-01 1.441188430614e-03 1.661619274028e-02
230 -7.710912399888e-01 1.103262282719e-03 9.737501315769e-03 -7.719489667416e-01 1.375324613832e-03 1.513214234730e-02 -7.731576690078e-01 1.379732075011e-03 1.522928479051e-02
231 -7.740376737714e-01 1.605160110357e-03 2.061231183905e-02 -7.711556841135e-01 1.119342226547e-03 1.002341616106e-02 -7.704736912847e-01 1.318395065353e-03 1.390532438678e-02
232 -7.712246734500e-01 1.469187122804e-03 1.726808641452e-02 -7.722738091946e-01 1.019946109220e-03 8.322320525702e-03 -7.712451441288e-01 1.235812988721e-03 1.221786994472e-02
233 -7.702080075741e-01 1.027795181278e-03 8.450903477265e-03 -7.727228943110e-01 1.202598559760e-03 1.156994636750e-02 -7.707432777882e-01 1.243394281084e-03 1.236823470586e-02
234 -7.696292197704e-01 1.327949645777e-03 1.410760209374e-02 -7.722272964716e-01 1.169406376033e-03 1.094009017846e-02 -7.716480794549e-01 1.292156264462e-03 1.335734249432e-02
235 -7.734449216723e-01 1.760053549024e-03 2.478230796347e-02 -7.711854686737e-01 1.273614133178e-03 1.297674368185e-02 -7.708981835842e-01 1.341117824820e-03 1.438877616039e-02
236 -7.699690124989e-01 1.275153068206e-03 1.300812277884e-02 -7.722686154842e-01 1.337320550575e-03 1.430741003993e-02 -7.720769498348e-01 1.229056859990e-03 1.208464612071e-02
237 -7.706793406010e-01 1.244971661743e-03 1.239963550835e-02 -7.729817589521e-01 1.413663785996e-03 1.598756239870e-02 -7.701877317429e-01 1.154223701254e-03 1.065785882029e-02
238 -7.708528476954e-01 1.381865863878e-03 1.527642612600e-02 -7.700429669619e-01 1.226223306882e-03 1.202898878673e-02 -7.708663225770e-01 1.481931312826e-03 1.756896332748e-02
239 -7.730400323868e-01 1.422845203679e-03 1.619590778907e-02 -7.738954769969e-01 1.301878066122e-03 1.355909199239e-02 -7.722584235668e-01 1.462494931066e-03 1.711113138715e-02
240 -7.725463156104e-01 1.540154117049e-03 1.897659763410e-02 -7.737991296053e-01 1.230624226213e-03 1.211548788914e-02 -7.718679987192e-01 1.376976603891e-03 1.516851654130e-02
241 -7.699256107807e-01 1.354492044213e-03 1.467718958269e-02 -7.729291177988e-01 1.065079106005e-03 9.075148016394e-03 -7.705494024754e-01 1.201629351006e-03 1.155130477759e-02
242 -7.708886393905e-01 1.083572166688e-03 9.393029123375e-03 -7.708823390007e-01 1.144384279439e-03 1.047692303221e-02 -7.735996046662e-01 1.260168641143e-03 1.270420003297e-02
243 -7.713219638467e-01 1.121471474618e-03 1.006158614706e-02 -7.731655290127e-01 1.170229410568e-03 1.095549498686e-02 -7.691400749683e-01 1.255975319662e-03 1.261979202879e-02
244 -7.723715805411e-01 1.235762849397e-03 1.221687855959e-02 -7.716269796491e-01 1.298451437604e-03 1.348780908653e-02 -7.731630508900e-01 1.234430797641e-03 1.219055515332e-02
245 -7.694264888167e-01 1.190593822581e-03 1.134010920294e-02 -7.716914324164e-01 1.310832605113e-03 1.374625694901e-02 -7.678024984002e-01 1.327995157406e-03 1.410856910475e-02
246 -7.702145439386e-01 1.393268087172e-03 1.552956770185e-02 -7.706922612786e-01 1.002133158757e-03 8.034166943036e-03 -7.739465634227e-01 1.398596997548e-03 1.564858849239e-02
247 -7.714882832766e-01 1.256219773195e-03 1.262470494853e-02 -7.716741686463e-01 1.253400926973e-03 1.256811106990e-02 -7.725159601569e-01 1.228157070303e-03 1.206695831468e-02
248 -7.730655258298e-01 1.531602117798e-03 1.876644037794e-02 -7.716135564446e-01 1.496648835132e-03 1.791966188561e-02 -7.702899493575e-01 1.217573690392e-03 1.185988553227e-02
249 -7.706675536036e-01 1.278539379038e-03 1.307730355001e-02 -7.728071595430e-01 1.236869504323e-03 1.223876936579e-02 -7.723096361756e-01 1.318107678120e-03 1.389926280896e-02
250 -7.704892280102e-01 1.137438853853e-03 1.035013717004e-02 -7.708611271381e-01 1.172187536234e-03 1.099218896082e-02 -7.710456338525e-01 1.178096160204e-03 1.110328450150e-02
251 -7.719516916871e-01 1.181412435183e-03 1.116588273604e-02 -7.709140833616e-01 1.217763584583e-03 1.186358518349e-02 -7.717341989279e-01 1.248743853948e-03 1.247488970217e-02
252 -7.722105528116e-01 1.513651659817e-03 1.832913077813e-02 -7.723765731454e-01 1.204674917716e-03 1.160993325900e-02 -7.732384782434e-01 1.345124895736e-03 1.447488788104e-02
253 -7.725630504489e-01 1.325790793166e-03 1.406176981796e-02 -7.698376504183e-01 1.170290923263e-03 1.095664676058e-02 -7.708994297981e-01 1.173119430401e-03 1.100967358387e-02
254 -7.759494454861e-01 1.422053686252e-03 1.617789349266e-02 -7.719750818610e-01 1.364955662670e-03 1.490483168844e-02 -7.739136977196e-01 1.510149697992e-03 1.824441688277e-02
255 -7.737108190656e-01 1.440775882328e-03 1.660668114478e-02 -7.736142027974e-01 1.485299088669e-03 1.764890706241e-02 -7.703547794819e-01 1.243834668279e-03 1.237699745610e-02
256 -7.740136178732e-01 1.364841022439e-03 1.490232813225e-02 -7.735587608814e-01 1.297418481573e-03 1.346635773063e-02 -7.718341287971e-01 1.159014477467e-03 1.074651647182e-02
257 -7.705424386859e-01 1.151201439265e-03 1.060211803013e-02 -7.728733234406e-01 1.218711750351e-03 1.188206664354e-02 -7.715405548811e-01 1.127730256322e-03 1.017420424819e-02
258 -7.707681143880e-01 1.286480697817e-03 1.324026068684e-02 -7.715365642309e-01 1.020748976718e-03 8.335427787769e-03 -7.699143261909e-01 1.239350469247e-03 1.228791668497e-02
259 -7.711350731850e-01 1.296208079437e-03 1.344124308159e-02 -7.733675462604e-01 1.101327424983e-03 9.703376776153e-03 -7.703164003491e-01 1.306349056822e-03 1.365238286608e-02
260 -7.735183912516e-01 1.325558040918e-03 1.405683295873e-02 -7.713083547950e-01 1.303937810895e-03 1.360203051745e-02 -7.722037155032e-01 1.298373112902e-03 1.348618192245e-02
261 -7.722321144938e-01 1.376403685470e-03 1.515589684301e-02 -7.705758747458e-01 1.058224318226e-03 8.958709661485e-03 -7.709747763872e-01 1.178796015348e-03 1.111648036639e-02
262 -7.719445891976e-01 1.411089690180e-03 1.592939290985e-02 -7.715306040645e-01 1.284827475127e-03 1.320625312672e-02 -7.703048667312e-01 1.235323327470e-03 1.220818978713e-02
263 -7.741804807186e-01 1.545232010068e-03 1.910193571952e-02 -7.715888106823e-01 1.189245182312e-03 1.131443282921e-02 -7.703924130201e-01 1.392335392882e-03 1.550878277019e-02
264 -7.724183650017e-01 1.290053499416e-03 1.331390425085e-02 -7.744741007686e-01 1.367573367766e-03 1.496205532979e-02 -7.711432965994e-01 1.271705132998e-03 1.293787156235e-02
265 -7.732765685320e-01 1.439246013229e-03 1.657143269276e-02 -7.719759984612e-01 1.143497593097e-03 1.046069396335e-02 -7.718533406258e-01 1.440065738503e-03 1.659031464968e-02
266 -7.742669834495e-01 1.347370055016e-03 1.452324852124e-02 -7.753839432001e-01 1.279903188906e-03 1.310521738377e-02 -7.688521215320e-01 1.070005203376e-03 9.159289082020e-03
267 -7.714984750152e-01 1.339563436645e-03 1.435544160638e-02 -7.724557669163e-01 1.246462797704e-03 1.242935604848e-02 -7.717838394642e-01 1.438243863052e-03 1.654836327686e-02
268 -7.700183016658e-01 1.220555841214e-03 1.191805249216e-02 -7.721392675638e-01 1.265918595661e-03 1.282039912671e-02 -7.700069981813e-01 1.104249939778e-03 9.754943435995e-03
269 -7.732152681947e-01 1.383093148291e-03 1.530357325479e-02 -7.745147243142e-01 1.400695523416e-03 1.569558359454e-02 -7.702957987785e-01 1.088476241823e-03 9.478244232103e-03
270 -7.730319678783e-01 1.311659814990e-03 1.376361176208e-02 -7.725430545211e-01 1.243928414362e-03 1.237886320045e-02 -7.696110720634e-01 1.202545318793e-03 1.156892195001e-02
271 -7.687144061327e-01 9.027195351630e-04 6.519220473320e-03 -7.728441015482e-01 1.428045373828e-03 1.631450871770e-02 -7.734319184422e-01 1.484983952787e-03 1.764141872028e-02
272 -7.692487668395e-01 1.227692209451e-03 1.205782528917e-02 -7.720526342392e-01 1.329810734599e-03 1.414717271883e-02 -7.703662788272e-01 9.345379210897e-04 6.986889007638e-03
273 -7.699188566208e-01 1.281308189549e-03 1.313400541284e-02 -7.728425334692e-01 1.283154128357e-03 1.317187613695e-02 -7.727420704365e-01 1.499634328234e-03 1.799122494734e-02
274 -7.694529064298e-01 1.178142099149e-03 1.110415044630e-02 -7.748474021554e-01 1.284024130187e-03 1.318974373521e-02 -7.704975681305e-01 1.171670194590e-03 1.098248835912e-02
275 -7.700470245481e-01 1.152588775300e-03 1.062768707958e-02 -7.740621635914e-01 1.350353898646e-03 1.458764521271e-02 -7.711080887914e-01 1.205092214484e-03 1.161797796328e-02
276 -7.696503375769e-01 1.310811796445e-03 1.374582052560e-02 -7.727423540354e-01 1.373430821015e-03 1.509049776090e-02 -7.716113880873e-01 1.401191533077e-03 1.570670169893e-02
277 -7.714460997581e-01 1.230201191204e-03 1.210715976671e-02 -7.723389444351e-01 1.174034689874e-03 1.102685962422e-02 -7.715149497986e-01 1.352339674778e-03 1.463058076782e-02
278 -7.716504575014e-01 1.397907657075e-03 1.563316654168e-02 -7.724222205877e-01 1.207804443063e-03 1.167033258147e-02 -7.710382768512e-01 1.117196626487e-03 9.985026417874e-03
279 -7.709955229163e-01 1.315432951881e-03 1.384291080716e-02 -7.714811784625e-01 1.125559771083e-03 1.013507838624e-02 -7.719782386422e-01 1.175752628060e-03 1.105915393911e-02
280 -7.717964819670e-01 1.576526215309e-03 1.988347926046e-02 -7.701091002226e-01 1.107817438478e-03 9.818075815960e-03 -7.718833446503e-01 1.248896292929e-03 1.247793560394e-02
281 -7.735207545161e-01 1.363744188569e-03 1.487838569485e-02 -7.728408328891e-01 1.406096459335e-03 1.581685802363e-02 -7.727046844959e-01 1.496407926362e-03 1.791389345664e-02
282 -7.709595723748e-01 1.066319420256e-03 9.096296848122e-03 -7.715759630799e-01 1.176096211572e-03 1.106561839099e-02 -7.692345958948e-01 1.268116223332e-03 1.286495004703e-02
283 -7.700711684227e-01 1.227852715378e-03 1.206097832529e-02 -7.728698568940e-01 1.194163270244e-03 1.140820732800e-02 -7.697445790768e-01 1.361013624189e-03 1.481886468183e-02
284 -7.703802960515e-01 1.204258075538e-03 1.160190009998e-02 -7.745620316267e-01 1.446575345486e-03 1.674064184134e-02 -7.714192163944e-01 1.213743848257e-03 1.178539303346e-02
285 -7.728780369759e-01 1.277889946149e-03 1.306402171575e-02 -7.745226163864e-01 1.247014341788e-03 1.244035814899e-02 -7.735750203729e-01 1.150680425728e-03 1.059252353722e-02
286 -7.715213066936e-01 1.298346158060e-03 1.348562196920e-02 -7.733662599325e-01 1.271365073543e-03 1.293095320180e-02 -7.700915359259e-01 1.276692339215e-03 1.303954663208e-02
287 -7.718551123738e-01 1.225361762627e-03 1.201209159446e-02 -7.717716255188e-01 1.167974948120e-03 1.091332383548e-02 -7.706012611389e-01 1.397356774630e-03 1.562084764483e-02
288 -7.726019397378e-01 1.365008386158e-03 1.490598315426e-02 -7.708650898337e-01 1.267720023126e-03 1.285691245628e-02 -7.724549331069e-01 1.100980708371e-03 9.697268161643e-03
289 -7.706631600857e-01 1.190218939425e-03 1.133296899012e-02 -7.724101915956e-01 1.336723874710e-03 1.429464573775e-02 -7.698464202881e-01 1.218395094908e-03 1.187589285837e-02
290 -7.729890163541e-01 1.471944718472e-03 1.733297003390e-02 -7.727067613006e-01 1.090512871894e-03 9.513746590135e-03 -7.712981115580e-01 1.244808965777e-03 1.239639489022e-02
291 -7.717536071539e-01 1.175293523905e-03 1.105051893867e-02 -7.719628755450e-01 1.211200186860e-03 1.173604714120e-02 -7.729163376689e-01 1.528702713970e-03 1.869545590160e-02
292 -7.700183404684e-01 1.137269527741e-03 1.034705582982e-02 -7.744468363523e-01 1.385511285692e-03 1.535713218225e-02 -7.706861420274e-01 1.402448480533e-03 1.573489392440e-02
293 -7.695748105049e-01 1.237085301494e-03 1.224304034539e-02 -7.723890343904e-01 1.229612416918e-03 1.209557356672e-02 -7.710781795979e-01 1.226455749914e-03 1.203354965198e-02
294 -7.702585902810e-01 1.056207717378e-03 8.924597937995e-03 -7.743957723975e-01 1.306283698209e-03 1.365101680165e-02 -7.690574539900e-01 1.108351876714e-03 9.827551060921e-03
295 -7.725945472121e-01 1.537903935567e-03 1.892118812025e-02 -7.718444677591e-01 1.368329842247e-03 1.497861245747e-02 -7.732753514647e-01 1.295127608087e-03 1.341884416982e-02
296 -7.722907994390e-01 1.429035265159e-03 1.633713431254e-02 -7.708216841817e-01 1.116546844779e-03 9.973414852685e-03 -7.696525498629e-01 1.293938909338e-03 1.339422320879e-02
297 -7.750568506122e-01 1.557068966624e-03 1.939571013458e-02 -7.696376426816e-01 1.240283963099e-03 1.230643447296e-02 -7.707005434036e-01 1.193285670880e-03 1.139144553862e-02
298 -7.728343929648e-01 1.392710835279e-03 1.551714776564e-02 -7.754983451962e-01 1.509770910066e-03 1.823526560706e-02 -7.742071831226e-01 1.331278114181e-03 1.417841133838e-02
299 -7.699369587898e-01 1.334943654033e-03 1.425659647555e-02 -7.718021249771e-01 1.063215483288e-03 9.043417311221e-03 -7.725633141994e-01 1.275488549136e-03 1.301496831182e-02
300 -7.730809065104e-01 1.379720689316e-03 1.522903344422e-02 -7.710063945055e-01 1.129278395412e-03 1.020215755475e-02 -7.736935552359e-01 1.408276173084e-03 1.586593423741e-02
301 -7.727107223272e-01 1.264389271547e-03 1.278944184002e-02 -7.722918581367e-01 1.487350395707e-03 1.769768959688e-02 -7.705282734036e-01 1.094141093415e-03 9.577157858391e-03
302 -7.711986899376e-01 1.310187894649e-03 1.373273855427e-02 -7.748468432426e-01 1.384446961918e-03 1.533354712291e-02 -7.700948525071e-01 1.125727617106e-03 1.013810134332e-02
303 -7.711469623446e-01 1.462992279006e-03 1.712277126745e-02 -7.732724838853e-01 1.064898486067e-03 9.072070285029e-03 -7.720996706486e-01 1.352328118127e-03 1.463033071261e-02
304 -7.702660133243e-01 1.217065453914e-03 1.184998655289e-02 -7.738116876483e-01 1.232487199028e-03 1.215219756613e-02 -7.698503280282e-01 1.064185169980e-03 9.059920608049e-03
305 -7.714878380299e-01 1.337313523164e-03 1.430725967389e-02 -7.720837233067e-01 1.288751637262e-03 1.328704626035e-02 -7.704874888062e-01 1.179846280007e-03 1.113629795557e-02
306 -7.712906785607e-01 1.159360387970e-03 1.075293207355e-02 -7.707975767851e-01 1.258729733025e-03 1.267520432640e-02 -7.737409272194e-01 1.507234405862e-03 1.817404443372e-02
307 -7.704575007558e-01 1.259531696125e-03 1.269136074835e-02 -7.728929983974e-01 1.233990637510e-03 1.218186314771e-02 -7.719602711201e-01 1.403377362466e-03 1.575574417186e-02
308 -7.712368042469e-01 1.318597148222e-03 1.390958751439e-02 -7.719528691173e-01 1.188511476270e-03 1.130047623380e-02 -7.722372481823e-01 1.365012030880e-03 1.490606275557e-02
309 -7.717315252423e-01 1.538089900225e-03 1.892576432940e-02 -7.741145203114e-01 1.408099456200e-03 1.586195262841e-02 -7.700622070432e-01 1.344147870231e-03 1.445386797637e-02
310 -7.714749740362e-01 1.168707935892e-03 1.092702591534e-02 -7.708010506630e-01 1.185882727407e-03 1.125054274530e-02 -7.695575932860e-01 1.132220143113e-03 1.025537961977e-02
311 -7.744926292896e-01 1.641288700997e-03 2.155062880017e-02 -7.690289576650e-01 1.103031970671e-03 9.733436226586e-03 -7.719251673818e-01 1.279683984039e-03 1.310072879204e-02
312 -7.683953643441e-01 1.372665965247e-03 1.507369481717e-02 -7.705449581146e-01 1.316972412768e-03 1.387533068794e-02 -7.685815454721e-01 1.096336207954e-03 9.615624646975e-03
313 -7.708340334892e-01 1.139936743305e-03 1.039564622990e-02 -7.735852169991e-01 1.319526464837e-03 1.392920073125e-02 -7.713059988022e-01 1.288887846637e-03 1.328985504967e-02
314 -7.706867865324e-01 1.140716459816e-03 1.040987233357e-02 -7.722072442770e-01 1.308604130462e-03 1.369955816210e-02 -7.709442392588e-01 1.237772457198e-03 1.225664524638e-02
315 -7.720871506929e-01 1.373584436681e-03 1.509387363753e-02 -7.737796307206e-01 1.485216310151e-03 1.764693990351e-02 -7.712552806139e-01 1.348305019715e-03 1.454341140951e-02
316 -7.717490733266e-01 1.416446416388e-03 1.605056360399e-02 -7.718706592321e-01 1.267743718365e-03 1.285739308362e-02 -7.700783584714e-01 1.142574713939e-03 1.044381581546e-02
317 -7.719083602428e-01 1.297364354278e-03 1.346523414201e-02 -7.713186734319e-01 1.128943490988e-03 1.019610724675e-02 -7.697082618475e-01 1.375897280463e-03 1.514474661108e-02
318 -7.715940842032e-01 1.228804416345e-03 1.207968234902e-02 -7.743318514824e-01 1.300691880778e-03 1.353439494977e-02 -7.705603127480e-01 1.266453255712e-03 1.283123079123e-02
319 -7.706390048265e-01 1.136313948438e-03 1.032967511532e-02 -7.715804949403e-01 1.172648353766e-03 1.100083329272e-02 -7.703743742108e-01 1.411988001527e-03 1.594968093165e-02
320 -7.723560863137e-01 1.298388629953e-03 1.348650427514e-02 -7.750229692459e-01 1.562358021241e-03 1.952770069230e-02 -7.720156413913e-01 1.180035979510e-03 1.113987930351e-02
321 -7.702623335719e-01 1.199187509749e-03 1.150440546830e-02 -7.715548980236e-01 1.498376738088e-03 1.796106279394e-02 -7.714617621303e-01 1.141606741099e-03 1.042612761058e-02
322 -7.707921526432e-01 1.155206018714e-03 1.067600756538e-02 -7.720505630374e-01 1.167123472963e-03 1.089741760913e-02 -7.706924060583e-01 1.285748280475e-03 1.322518912595e-02
323 -7.720542983413e-01 1.201665573446e-03 1.155200120325e-02 -7.721833540201e-01 1.128605787526e-03 1.019000818909e-02 -7.713695101142e-01 1.206258103506e-03 1.164046889819e-02
324 -7.736855948567e-01 1.601000681250e-03 2.050562545090e-02 -7.736836855412e-01 1.472087166744e-03 1.733632501195e-02 -7.727051880956e-01 1.368654537213e-03 1.498572193786e-02
325 -7.740143166780e-01 1.663868151253e-03 2.214765779804e-02 -7.724797860980e-01 1.260454795976e-03 1.270997034160e-02 -7.709403952360e-01 1.337863835308e-03 1.431903713460e-02
326 -7.735061580539e-01 1.246040046867e-03 1.242092638716e-02 -7.724336761832e-01 1.152517921515e-03 1.062638047530e-02 -7.733734449148e-01 1.300406347460e-03 1.352845334811e-02
327 -7.708141361475e-01 1.153674432373e-03 1.064771756729e-02 -7.724583568573e-01 1.294836162966e-03 1.341280551139e-02 -7.705304691195e-01 1.120733814433e-03 1.004835426251e-02
328 -7.689640159011e-01 1.347864522550e-03 1.453391016919e-02 -7.722912550569e-01 1.206016687269e-03 1.163580999978e-02 -7.704621787071e-01 1.072875727687e-03 9.208498616482e-03
329 -7.713864663243e-01 1.297834775690e-03 1.347500083992e-02 -7.732483608127e-01 1.327623749638e-03 1.410067856483e-02 -7.720380821824e-01 1.199563783167e-03 1.151162615909e-02
330 -7.708648083210e-01 1.195299722131e-03 1.142993140581e-02 -7.719266422987e-01 1.061602201712e-03 9.015993877430e-03 -7.725697686672e-01 1.248678048115e-03 1.247357494276e-02
331 -7.721756547093e-01 1.321454467948e-03 1.396993528687e-02 -7.705947362781e-01 1.386970962813e-03 1.538950761348e-02 -7.717370627522e-01 1.208484329450e-03 1.168347499620e-02
332 -7.727695645094e-01 1.599909860885e-03 2.047769250365e-02 -7.729373981953e-01 1.395455739111e-03 1.557837375853e-02 -7.717266239524e-01 1.230683015847e-03 1.211664548396e-02
333 -7.735622319579e-01 1.374719060575e-03 1.511881996407e-02 -7.734808770418e-01 1.316635828598e-03 1.386823924118e-02 -7.713383302093e-01 1.233544176904e-03 1.217304989100e-02
334 -7.715849618316e-01 1.250594220980e-03 1.251188724439e-02 -7.716886655092e-01 1.061340844874e-03 9.011555111983e-03 -7.729811348319e-01 1.116373285602e-03 9.970314502438e-03
335 -7.737978776097e-01 1.355676533173e-03 1.470287090077e-02 -7.709297353029e-01 1.194903499087e-03 1.142235497704e-02 -7.717483643293e-01 1.283574259118e-03 1.318050302935e-02
336 -7.706956186295e-01 1.146320229450e-03 1.051240054756e-02 -7.742768428326e-01 1.567965909916e-03 1.966813675727e-02 -7.722883580327e-01 1.431386387870e-03 1.639093593103e-02
337 -7.710527260303e-01 1.104220185727e-03 9.754417748542e-03 -7.725691193342e-01 1.074941693397e-03 9.243997153628e-03 -7.730429002047e-01 1.394574425328e-03 1.555870262222e-02
338 -7.724541702271e-01 1.255387351457e-03 1.260797921758e-02 -7.700075279474e-01 1.128208791894e-03 1.018284062485e-02 -7.737854515910e-01 1.480651457856e-03 1.753862991720e-02
339 -7.714781842828e-01 1.130694467757e-03 1.022775983533e-02 -7.743144892454e-01 1.536262752908e-03 1.888082596778e-02 -7.721169849634e-01 1.109372987413e-03 9.845667401611e-03
340 -7.712469515800e-01 1.358739772907e-03 1.476939016384e-02 -7.726500592232e-01 1.116826808385e-03 9.978416959413e-03 -7.712876060009e-01 1.334372059054e-03 1.424439033588e-02
341 -7.727383077741e-01 1.350678115780e-03 1.459465097957e-02 -7.726341379881e-01 1.248302513348e-03 1.246607331864e-02 -7.728506427407e-01 1.374553368050e-03 1.511517569294e-02
342 -7.714358647466e-01 1.412517652824e-03 1.596164895631e-02 -7.718134157062e-01 1.045791031757e-03 8.749431056820e-03 -7.722802843451e-01 1.201647598016e-03 1.155165559853e-02
343 -7.726989774108e-01 1.230986624564e-03 1.212262455884e-02 -7.739014625549e-01 1.317377854543e-03 1.388387529313e-02 -7.718714085221e-01 1.169256210065e-03 1.093728067820e-02
344 -7.720015782118e-01 1.207598783124e-03 1.166635856801e-02 -7.727236657739e-01 1.242545776239e-03 1.235136004840e-02 -7.721726635695e-01 1.307535786447e-03 1.367719866271e-02
345 -7.715653622150e-01 1.142498460483e-03 1.044242185764e-02 -7.718219971657e-01 1.180767999572e-03 1.115370455051e-02 -7.718842951655e-01 1.355014917670e-03 1.468852341687e-02
346 -7.727461108565e-01 1.099482433020e-03 9.670892964158e-03 -7.732040343285e-01 1.370003990236e-03 1.501528746610e-02 -7.724787735939e-01 1.164994509396e-03 1.085769765538e-02
347 -7.714404617548e-01 1.419363777950e-03 1.611674827325e-02 -7.730427626967e-01 1.312630460154e-03 1.378398979940e-02 -7.704974929094e-01 1.369950808984e-03 1.501412175228e-02
348 -7.736010664701e-01 1.335287434571e-03 1.426394026339e-02 -7.702745428085e-01 1.205266793396e-03 1.162134434611e-02 -7.743219096065e-01 1.344265340182e-03 1.445639443852e-02
349 -7.712888368368e-01 1.311710486158e-03 1.376467519598e-02 -7.694739529490e-01 1.013693567180e-03 8.220597185137e-03 -7.740341144800e-01 1.389365613291e-03 1.544269445917e-02
350 -7.695408200622e-01 1.289430349997e-03 1.330104501995e-02 -7.702612377405e-01 1.069583551078e-03 9.152071781896e-03 -7.707636820674e-01 1.185625684742e-03 1.124566611456e-02
351 -7.719161649346e-01 1.266332897103e-03 1.282879205028e-02 -7.730674437881e-01 1.418851989218e-03 1.610512773847e-02 -7.709589966536e-01 1.303736124161e-03 1.359782305153e-02
352 -7.710752645731e-01 1.213794344255e-03 1.178637368116e-02 -7.728274372816e-01 1.233661361643e-03 1.217536284168e-02 -7.732027035356e-01 1.292958860454e-03 1.337394091860e-02
353 -7.719345384240e-01 1.153272509719e-03 1.064029985339e-02 -7.729640967250e-01 1.282286835491e-03 1.315407622779e-02 -7.708588653207e-01 1.258611720275e-03 1.267282769932e-02
354 -7.709762564898e-01 1.211715169201e-03 1.174602921017e-02 -7.728532155752e-01 1.223353872731e-03 1.197275758340e-02 -7.724409883022e-01 1.159235983439e-03 1.075062452240e-02
355 -7.696762877703e-01 1.285348021564e-03 1.321695629230e-02 -7.728129141331e-01 1.149903385356e-03 1.057822236523e-02 -7.710786555409e-01 1.438762644675e-03 1.656030358169e-02
356 -7.710297920704e-01 1.219522491623e-03 1.189788086059e-02 -7.729453766346e-01 1.235401707862e-03 1.220973903830e-02 -7.712412405610e-01 1.167352241482e-03 1.090169004554e-02
357 -7.715311194658e-01 1.220178697980e-03 1.191068844004e-02 -7.735179335475e-01 1.224816063200e-03 1.200139510939e-02 -7.703900728226e-01 1.151812901846e-03 1.061338368687e-02
358 -7.722640590668e-01 1.319422375322e-03 1.392700323601e-02 -7.743617914319e-01 1.245732077788e-03 1.241478727705e-02 -7.716920075417e-01 1.317693854970e-03 1.389053676341e-02
359 -7.712376124859e-01 1.411173877758e-03 1.593129370614e-02 -7.731370016336e-01 1.256571701357e-03 1.263177952520e-02 -7.704821642637e-01 1.273163592019e-03 1.296756425635e-02
360 -7.716814150810e-01 1.232049437026e-03 1.214356652220e-02 -7.734597750902e-01 1.203865296739e-03 1.159433322155e-02 -7.712617068887e-01 1.208438286469e-03 1.168258473763e-02
361 -7.716286349893e-01 1.224541565257e-03 1.199601636033e-02 -7.727637421489e-01 1.181726535568e-03 1.117182083893e-02 -7.703079702854e-01 1.182754467131e-03 1.119126503615e-02
362 -7.696596531868e-01 1.252119337744e-03 1.254242268762e-02 -7.727905997038e-01 1.137146597733e-03 1.034481907789e-02 -7.724816019535e-01 1.418974049756e-03 1.610789883105e-02
363 -7.695973966122e-01 1.129601450377e-03 1.020799549354e-02 -7.726303548813e-01 1.289736440204e-03 1.330736068153e-02 -7.732394790649e-01 1.393422680485e-03 1.553301413192e-02
364 -7.738795775771e-01 1.576767505865e-03 1.988956614042e-02 -7.727227227092e-01 1.003687413578e-03 8.059107393400e-03 -7.731058560610e-01 1.256297638753e-03 1.262627005709e-02
365 -7.702604188919e-01 1.397426020009e-03 1.562239585118e-02 -7.711726496816e-01 1.230415049298e-03 1.211136954831e-02 -7.713948897719e-01 1.234892327218e-03 1.219967247857e-02
366 -7.707397060394e-01 1.249020239087e-03 1.248041246119e-02 -7.725925825238e-01 1.341943534772e-03 1.440649960412e-02 -7.688063875437e-01 1.132388955406e-03 1.025843797061e-02
367 -7.692683724761e-01 1.088011570127e-03 9.470153413844e-03 -7.708785994649e-01 1.148743774146e-03 1.055689806911e-02 -7.716871272326e-01 1.194891846467e-03 1.142213219802e-02
368 -7.718818376064e-01 1.201151237381e-03 1.154211436049e-02 -7.724875258803e-01 1.181885075347e-03 1.117481865063e-02 -7.716413461566e-01 1.281214383984e-03 1.313208238181e-02
369 -7.702100946307e-01 1.242463242931e-03 1.234971928029e-02 -7.717345705628e-01 1.278799462822e-03 1.308262452891e-02 -7.706037545204e-01 1.371430118734e-03 1.504656456456e-02
370 -7.725525557399e-01 1.362740683482e-03 1.485649736334e-02 -7.713313620687e-01 1.091886577395e-03 9.537730383157e-03 -7.707506445646e-01 1.044817952674e-03 8.733156433837e-03
371 -7.719558575153e-01 1.285175722639e-03 1.321341310449e-02 -7.708961156607e-01 1.196895105579e-03 1.146046315008e-02 -7.716820783019e-01 1.244932826380e-03 1.239886193759e-02
372 -7.702936060429e-01 1.085514089368e-03 9.426726705739e-03 -7.725189738870e-01 1.400524993923e-03 1.569176206883e-02 -7.706642027497e-01 1.113631264591e-03 9.921396747799e-03
373 -7.714209293723e-01 1.263090709087e-03 1.276318511505e-02 -7.722566197515e-01 1.109496837112e-03 9.847865852488e-03 -7.737806870341e-01 1.395318877615e-03 1.557531816184e-02
374 -7.715601277947e-01 1.038278504159e-03 8.624178017597e-03 -7.735538663268e-01 1.209028949168e-03 1.169400799940e-02 -7.741554537416e-01 1.444945565808e-03 1.670294150518e-02
375 -7.721818774939e-01 1.207853907907e-03 1.167128850276e-02 -7.712939725518e-01 1.269557641823e-03 1.289421284730e-02 -7.716469693184e-01 1.258485347367e-03 1.267028295630e-02
376 -7.738053195477e-01 1.478937153204e-03 1.749804082503e-02 -7.727847636342e-01 1.254198142387e-03 1.258410384293e-02 -7.719379715323e-01 1.121976944001e-03 1.007065810297e-02
377 -7.701270338893e-01 1.017079551022e-03 8.275606504850e-03 -7.744142666459e-01 1.406845521172e-03 1.583371456353e-02 -7.710488668084e-01 1.215433191019e-03 1.181822273465e-02
378 -7.724642306566e-01 1.421331049512e-03 1.616145561846e-02 -7.729188200831e-01 1.080363355425e-03 9.337479837959e-03 -7.730330294967e-01 1.419075432965e-03 1.611020067556e-02
379 -7.706326217651e-01 9.549544915541e-04 7.295504647514e-03 -7.716975948215e-01 1.266510813039e-03 1.283239711636e-02 -7.715831698775e-01 1.105301684268e-03 9.773534505961e-03
380 -7.717416195869e-01 1.556590243549e-03 1.938378549048e-02 -7.727394827604e-01 1.494697061612e-03 1.787295444794e-02 -7.727612777948e-01 1.478820567491e-03 1.749528216668e-02
381 -7.709886426330e-01 1.190944506144e-03 1.134679053371e-02 -7.713651418686e-01 1.136496254089e-03 1.033298988446e-02 -7.746129822135e-01 1.440582477717e-03 1.660222300083e-02
382 -7.731278665066e-01 1.358006941016e-03 1.475346281479e-02 -7.715485830307e-01 1.230569766780e-03 1.211441560730e-02 -7.696702550054e-01 1.159905344503e-03 1.076304326565e-02
383 -7.710438829660e-01 1.179173083505e-03 1.112359328690e-02 -7.723482919335e-01 1.338572077627e-03 1.433420165603e-02 -7.701561023593e-01 1.259454962348e-03 1.268981441746e-02
384 -7.718300540447e-01 1.178116103556e-03 1.110366042766e-02 -7.734721313119e-01 1.323747269647e-03 1.401845467119e-02 -7.700820600986e-01 1.211443377583e-03 1.174076045672e-02
385 -7.703287609220e-01 1.154005863621e-03 1.065383626618e-02 -7.734252018332e-01 1.303139540508e-03 1.358538129628e-02 -7.738992393017e-01 1.404553269590e-03 1.578215909692e-02
386 -7.729294813871e-01 1.333998786780e-03 1.423642210504e-02 -7.719097105265e-01 1.251890686704e-03 1.253784233165e-02 -7.724430510402e-01 1.047098239392e-03 8.771317783497e-03
387 -7.705496346354e-01 1.263454860568e-03 1.277054547754e-02 -7.709531687498e-01 1.200977838040e-03 1.153878213970e-02 -7.740590811968e-01 1.199922296041e-03 1.151850813229e-02
388 -7.716257449985e-01 1.277157583681e-03 1.304905194843e-02 -7.719402957559e-01 1.135554564951e-03 1.031587335984e-02 -7.727418398261e-01 1.226109104236e-03 1.202674828392e-02
389 -7.715991936922e-01 1.193747934475e-03 1.140027304850e-02 -7.736907505989e-01 1.045504218301e-03 8.744632563885e-03 -7.710667735338e-01 1.245892582269e-03 1.241798661243e-02
390 -7.692215634584e-01 1.151326583192e-03 1.060442320931e-02 -7.734582544565e-01 1.383894942663e-03 1.532132169863e-02 -7.712617977262e-01 1.218475869937e-03 1.187746756495e-02
391 -7.710767081976e-01 1.243833572755e-03 1.237697565369e-02 -7.740325146317e-01 1.371727669961e-03 1.505309440430e-02 -7.709819564223e-01 1.192126682150e-03 1.136932821035e-02
392 -7.726679721475e-01 1.537921261932e-03 1.892161446323e-02 -7.727248410583e-01 1.203463460917e-03 1.158659441410e-02 -7.734130312204e-01 1.330865043469e-03 1.416961411143e-02
393 -7.701912856698e-01 1.237664291162e-03 1.225450318093e-02 -7.712408992052e-01 1.150572424618e-03 1.059053523433e-02 -7.736480064392e-01 1.476643432855e-03 1.744380662235e-02
394 -7.732601727247e-01 1.371316274409e-03 1.504406659568e-02 -7.724972337484e-01 1.346626050310e-03 1.450721375499e-02 -7.715098462105e-01 1.141582148573e-03 1.042567841553e-02
395 -7.717083585858e-01 1.114200009097e-03 9.931533282173e-03 -7.740693339109e-01 1.198926697464e-03 1.149940180714e-02 -7.714726102948e-01 1.270274172138e-03 1.290877177921e-02
396 -7.717935112715e-01 1.202484288481e-03 1.156774771235e-02 -7.728516560793e-01 1.225976226145e-03 1.202414165658e-02 -7.716546763182e-01 1.186277643648e-03 1.125803718254e-02
397 -7.745971471071e-01 1.387546393855e-03 1.540227996079e-02 -7.716437334418e-01 1.117527625599e-03 9.990943951808e-03 -7.707720580101e-01 1.399507303506e-03 1.566896554053e-02
398 -7.719238120317e-01 1.048685658610e-03 8.797932884594e-03 -7.708940017819e-01 1.067069517108e-03 9.109098834732e-03 -7.710391682982e-01 1.051857083198e-03 8.851226587797e-03
399 -7.738130379319e-01 1.539244457892e-03 1.895418800920e-02 -7.708358140588e-01 1.050049694056e-03 8.820834879889e-03 -7.719553561807e-01 1.224297292827e-03 1.199123088979e-02
400 -7.716519625783e-01 1.086591916673e-03 9.445455947027e-03 -7.685022700429e-01 1.045267731352e-03 8.740677041641e-03 -7.723814806938e-01 1.267980161961e-03 1.286218952901e-02
401 -7.713329865932e-01 1.304364858709e-03 1.361094147709e-02 -7.723688694239e-01 1.655878952853e-03 2.193548085201e-02 -7.721987239122e-01 1.381986809465e-03 1.527910033227e-02
402 -7.698232478499e-01 1.360091093177e-03 1.479878225391e-02 -7.726017305255e-01 1.373678466226e-03 1.509594022859e-02 -7.727330284119e-01 1.345876837664e-03 1.449107569728e-02
403 -7.702294064164e-01 1.268657744508e-03 1.287593978160e-02 -7.721236178279e-01 9.559007600456e-04 7.309970104446e-03 -7.725146970749e-01 1.250816472623e-03 1.251633478549e-02
404 -7.705998675227e-01 1.156822582169e-03 1.070590789293e-02 -7.722009701729e-01 1.057392615083e-03 8.944633139456e-03 -7.725916348696e-01 1.211813574058e-03 1.174793710617e-02
405 -7.717683331966e-01 1.308730301100e-03 1.370220000813e-02 -7.728609773517e-01 1.297602708922e-03 1.347018232161e-02 -7.741901293397e-01 1.356890142786e-03 1.472920687672e-02
406 -7.708546150923e-01 1.161482478643e-03 1.079233238556e-02 -7.730056245923e-01 1.087629155853e-03 9.463497445297e-03 -7.738044176102e-01 1.343520281392e-03 1.444037397209e-02
407 -7.732599699497e-01 1.460063244665e-03 1.705427742737e-02 -7.721126372218e-01 1.191205281439e-03 1.135176018022e-02 -7.722018030882e-01 1.182952440580e-03 1.119501181339e-02
408 -7.722128990889e-01 1.103157958068e-03 9.735659843591e-03 -7.734158167243e-01 1.417358824614e-03 1.607124830168e-02 -7.720762425065e-01 1.330100327673e-03 1.415333505341e-02
409 -7.735657559633e-01 1.509284865072e-03 1.822352643148e-02 -7.733584061265e-01 1.401317416687e-03 1.570952401848e-02 -7.699413537979e-01 1.092297534223e-03 9.544911226151e-03
410 -7.710231239796e-01 1.121597361544e-03 1.006384513139e-02 -7.749245815277e-01 1.266829527670e-03 1.283885641742e-02 -7.712706787586e-01 1.286054970852e-03 1.323149910443e-02
411 -7.716908941269e-01 1.173821440748e-03 1.102285419808e-02 -7.716157136559e-01 1.177760174362e-03 1.109695222650e-02 -7.719687940478e-01 1.377257039399e-03 1.517469562059e-02
412 -7.712885407209e-01 1.088844536791e-03 9.484659402388e-03 -7.730883209705e-01 1.319757616194e-03 1.393408132401e-02 -7.695419725180e-01 1.091776310388e-03 9.535804095401e-03
413 -7.737240425348e-01 1.384964502288e-03 1.534501338079e-02 -7.729509226084e-01 1.309449582040e-03 1.371726566324e-02 -7.711382430196e-01 1.108214748296e-03 9.825119426724e-03
414 -7.724239332080e-01 1.180577331340e-03 1.115010268220e-02 -7.740830679536e-01 1.248721515636e-03 1.247444338891e-02 -7.713703536391e-01 1.312867081658e-03 1.378895979281e-02
415 -7.720298395753e-01 1.112279788530e-03 9.897330623784e-03 -7.726506727338e-01 1.279107551418e-03 1.308892902475e-02 -7.710323207974e-01 1.224099875662e-03 1.198736404477e-02
416 -7.737326274514e-01 1.348487141977e-03 1.454734057662e-02 -7.740316490531e-01 1.210332927182e-03 1.171924635698e-02 -7.734361313581e-01 1.225402836397e-03 1.201289689160e-02
417 -7.718376679420e-01 1.240549163049e-03 1.231169780754e-02 -7.730166051984e-01 1.234117805391e-03 1.218437406067e-02 -7.697264677286e-01 1.206700990791e-03 1.164901824941e-02
418 -7.713986133933e-01 1.190427355685e-03 1.133693831331e-02 -7.715460156202e-01 1.111700202446e-03 9.887018720955e-03 -7.702299735546e-01 1.127978000694e-03 1.017867496039e-02
419 -7.720734103918e-01 1.232366682213e-03 1.214982111543e-02 -7.704584873915e-01 1.091537513593e-03 9.531633148653e-03 -7.710414173603e-01 1.200422202706e-03 1.152810771799e-02
420 -7.717210861444e-01 1.160733028636e-03 1.077840931013e-02 -7.730178725123e-01 1.231415133910e-03 1.213106585618e-02 -7.719948117137e-01 1.172081551456e-03 1.099020130612e-02
421 -7.706622113585e-01 1.269084274777e-03 1.288459917189e-02 -7.719108867645e-01 1.342207496905e-03 1.441216771798e-02 -7.719732571840e-01 1.452907519736e-03 1.688752208724e-02
422 -7.712778138518e-01 1.535730221721e-03 1.886773851126e-02 -7.731022937894e-01 1.177184815582e-03 1.108611272029e-02 -7.700984001160e-01 1.082291785380e-03 9.370844069607e-03
423 -7.712435662150e-01 1.166910278029e-03 1.089343677576e-02 -7.727850953341e-01 1.240674867661e-03 1.231419301796e-02 -7.715568343401e-01 1.131059558102e-03 1.023436579179e-02
424 -7.708684771061e-01 1.064568660587e-03 9.066451464828e-03 -7.724169497490e-01 1.151484999191e-03 1.060734162690e-02 -7.702268262506e-01 1.090072899636e-03 9.506071412165e-03
425 -7.711403506398e-01 1.252476401421e-03 1.254957708894e-02 -7.716825046539e-01 1.222995517378e-03 1.196574428421e-02 -7.728201724887e-01 1.140033049946e-03 1.039740283976e-02
426 -7.732164982557e-01 1.303056864935e-03 1.358365754604e-02 -7.707356931567e-01 1.199980020172e-03 1.151961639049e-02 -7.725806028247e-01 1.253856220591e-03 1.257724337532e-02
427 -7.714907699227e-01 1.289392981998e-03 1.330027409621e-02 -7.742756691575e-01 1.351009003802e-03 1.460180262684e-02 -7.725214772820e-01 1.218581307041e-03 1.187952321496e-02
428 -7.746047860980e-01 1.366964996041e-03 1.494874640322e-02 -7.734546629190e-01 1.164130936437e-03 1.084160669736e-02 -7.718182002306e-01 1.197685454089e-03 1.147560357548e-02
429 -7.727766072750e-01 1.459040546235e-03 1.703039452446e-02 -7.716955090761e-01 1.005743270352e-03 8.092156206865e-03 -7.719470622540e-01 1.104655740493e-03 9.762114440037e-03
430 -7.713951377869e-01 1.262005282830e-03 1.274125867112e-02 -7.710834659934e-01 1.334583486704e-03 1.424890466387e-02 -7.715689746737e-01 1.161227706423e-03 1.078759828931e-02
431 -7.716032478213e-01 1.378585593507e-03 1.520398590899e-02 -7.725562679172e-01 1.350159006440e-03 1.458343474137e-02 -7.746409310102e-01 1.321732318042e-03 1.397581056445e-02
432 -7.721362054348e-01 1.318021947433e-03 1.389745483131e-02 -7.720965870023e-01 1.098737084604e-03 9.657785448672e-03 -7.723909048438e-01 1.143798069173e-03 1.046619218435e-02
433 -7.714957066774e-01 1.149069090164e-03 1.056287819176e-02 -7.710679818988e-01 1.077966943511e-03 9.296101850420e-03 -7.696622463465e-01 1.131025317371e-03 1.023374614828e-02
434 -7.716951769590e-01 1.039295190696e-03 8.641075947232e-03 -7.740948911309e-01 1.396844965884e-03 1.560940686972e-02 -7.703355976939e-01 1.175689272994e-03 1.105796213307e-02
435 -7.710381599665e-01 1.148271783384e-03 1.054822470812e-02 -7.720746533275e-01 1.284968170617e-03 1.320914559599e-02 -7.714638763666e-01 1.276030530334e-03 1.302603131476e-02
436 -7.727471370101e-01 1.340019157392e-03 1.436521073742e-02 -7.718213957548e-01 1.175229831869e-03 1.104932126171e-02 -7.710319602489e-01 1.248916161010e-03 1.247833261786e-02
437 -7.723887136579e-01 1.526454924012e-03 1.864051708033e-02 -7.725226263404e-01 1.314603909895e-03 1.382546751928e-02 -7.727743645310e-01 1.307390644510e-03 1.367416237883e-02
438 -7.709803229570e-01 1.201999715865e-03 1.155842653551e-02 -7.732663994431e-01 1.242664932683e-03 1.235372907936e-02 -7.732800569534e-01 1.300102375895e-03 1.352212950247e-02
439 -7.748842512965e-01 1.596552804175e-03 2.039184685216e-02 -7.733651233315e-01 1.205494704050e-03 1.162573985194e-02 -7.710314491391e-01 1.122092291788e-03 1.007272889031e-02
440 -7.737920597792e-01 1.222753445018e-03 1.196100789843e-02 -7.716827175021e-01 1.215622463898e-03 1.182190379786e-02 -7.714859337807e-01 1.274097811712e-03 1.298660187047e-02
441 -7.725932030082e-01 1.159675896467e-03 1.075878547878e-02 -7.714614673257e-01 1.098455261909e-03 9.652831699328e-03 -7.717504451275e-01 1.220708947517e-03 1.192104267639e-02
442 -7.724845445156e-01 1.088534870454e-03 9.479265313550e-03 -7.713387783766e-01 1.183226469102e-03 1.120019901747e-02 -7.723076933622e-01 1.307145380492e-03 1.366903236594e-02
443 -7.739504689574e-01 1.222871957062e-03 1.196332658695e-02 -7.729827372432e-01 1.308481997984e-03 1.369700111238e-02 -7.716436212063e-01 9.951244233024e-04 7.922180942823e-03
444 -7.714170860648e-01 1.049499521085e-03 8.811593958065e-03 -7.720788043737e-01 1.075593123684e-03 9.255204541728e-03 -7.717933095098e-01 1.133429219567e-03 1.027729436615e-02
445 -7.713903765678e-01 1.275995339490e-03 1.302531285119e-02 -7.720571357608e-01 1.101273362153e-03 9.702424145504e-03 -7.732379477620e-01 1.308290299103e-03 1.369298805382e-02
446 -7.726755950451e-01 1.327468804786e-03 1.409738742144e-02 -7.720856570601e-01 1.248374310869e-03 1.246750736030e-02 -7.713617294431e-01 1.123617613930e-03 1.010013233867e-02
447 -7.698471446037e-01 1.283802930526e-03 1.318519971541e-02 -7.706338596344e-01 1.210600881060e-03 1.172443594578e-02 -7.703391204476e-01 1.290356749957e-03 1.332016433727e-02
448 -7.702968034148e-01 1.168134803198e-03 1.091631134755e-02 -7.720176635981e-01 1.186589927424e-03 1.126396524691e-02 -7.732080070972e-01 1.254173907650e-03 1.258361752503e-02
449 -7.716769813895e-01 1.066347109210e-03 9.096769258571e-03 -7.730218492746e-01 1.252577155364e-03 1.255159624111e-02 -7.730455323458e-01 1.409624142174e-03 1.589632177759e-02
450 -7.720733967423e-01 1.262909295169e-03 1.275951910259e-02 -7.723176460266e-01 1.240295994015e-03 1.230667322215e-02 -7.704810991287e-01 1.217962643295e-03 1.186746400369e-02
451 -7.723278887868e-01 1.261025106557e-03 1.272147455494e-02 -7.717151969075e-01 9.331162962802e-04 6.965648179069e-03 -7.690937550068e-01 1.142175193720e-03 1.043651338519e-02
452 -7.706259953976e-01 1.350393861880e-03 1.458850865762e-02 -7.724509842396e-01 1.224569772309e-03 1.199656901803e-02 -7.711791059971e-01 1.189619582414e-03 1.132155800690e-02
453 -7.727375712395e-01 1.281481761971e-03 1.313756405011e-02 -7.706378329992e-01 1.241215651918e-03 1.232493035653e-02 -7.716137759089e-01 1.196038347742e-03 1.144406183415e-02
454 -7.719726135135e-01 1.316562356889e-03 1.386669151662e-02 -7.725614562035e-01 1.355567012506e-03 1.470049540315e-02 -7.703647345304e-01 1.084589141708e-03 9.410668850496e-03
455 -7.716526944637e-01 1.256699614799e-03 1.263435137469e-02 -7.732919428349e-01 1.378955152459e-03 1.521213849994e-02 -7.698953143954e-01 1.163955822807e-03 1.083834525958e-02
456 -7.736029986739e-01 1.551630716246e-03 1.926046303678e-02 -7.743145751953e-01 1.303923857899e-03 1.360173941759e-02 -7.682765907645e-01 1.012953516070e-03 8.208598605756e-03
457 -7.720899084806e-01 1.397173787163e-03 1.561675673229e-02 -7.731243385077e-01 1.197159450027e-03 1.146552599032e-02 -7.703402348161e-01 1.302853880360e-03 1.357942586855e-02
458 -7.715582618713e-01 1.339523297736e-03 1.435458132141e-02 -7.721771249771e-01 1.106486091929e-03 9.794491773058e-03 -7.717126739025e-01 1.382380175949e-03 1.528779960686e-02
459 -7.682557834387e-01 1.087103050927e-03 9.454344346682e-03 -7.757950667739e-01 1.288913112846e-03 1.329037609973e-02 -7.703713042736e-01 1.208614999741e-03 1.168600174079e-02
460 -7.707037906051e-01 1.171493778758e-03 1.097918138935e-02 -7.723863123655e-01 1.229599704384e-03 1.209532346416e-02 -7.713498561978e-01 1.063197769445e-03 9.043115975629e-03
461 -7.710059947968e-01 1.346922391678e-03 1.451359943363e-02 -7.724078262448e-01 1.095125726052e-03 9.594402846888e-03 -7.697176194787e-01 1.064465238882e-03 9.064689958310e-03
462 -7.710772456527e-01 1.149807680223e-03 1.057646161200e-02 -7.707407507896e-01 1.181641275377e-03 1.117020882939e-02 -7.729064128399e-01 1.346409147232e-03 1.450254073399e-02
463 -7.712165831327e-01 1.281114899741e-03 1.313004309071e-02 -7.737463920116e-01 1.506202926992e-03 1.814917805824e-02 -7.735269763470e-01 1.297961910157e-03 1.347764096175e-02
464 -7.707348230481e-01 1.055580212045e-03 8.913996672481e-03 -7.716522046924e-01 1.036495797896e-03 8.594588312442e-03 -7.732122161984e-01 1.518993630006e-03 1.845873318399e-02
465 -7.714063168168e-01 1.284816916058e-03 1.320603606231e-02 -7.747804229856e-01 1.250531102252e-03 1.251062430160e-02 -7.714224364161e-01 1.147263397573e-03 1.052970642729e-02
466 -7.706983007789e-01 1.299594920235e-03 1.351157565360e-02 -7.722652879953e-01 1.062752099050e-03 9.035536192286e-03 -7.720040025115e-01 1.243964344251e-03 1.237957831814e-02
467 -7.723566886783e-01 1.359817752198e-03 1.479283455355e-02 -7.734248846769e-01 1.352611535574e-03 1.463646372935e-02 -7.706856079102e-01 1.046221424784e-03 8.756634157416e-03
468 -7.717984597683e-01 1.065702830142e-03 9.085780177387e-03 -7.712718414068e-01 1.175899049898e-03 1.106190860440e-02 -7.741371393800e-01 1.395849527399e-03 1.558716722511e-02
469 -7.719206141233e-01 1.080771442570e-03 9.344535288602e-03 -7.732297735214e-01 1.336548535697e-03 1.429089590618e-02 -7.710531570911e-01 1.207639782377e-03 1.166715075183e-02
470 -7.708479185700e-01 1.316852027929e-03 1.387279410769e-02 -7.704991759658e-01 1.261010705713e-03 1.272118399938e-02 -7.721450082064e-01 1.419963031652e-03 1.613036009007e-02
471 -7.727273973227e-01 1.318889596775e-03 1.391575814785e-02 -7.725115619898e-01 1.096631725494e-03 9.620809130873e-03 -7.719575080276e-01 1.151894421390e-03 1.061488606424e-02
472 -7.701332267523e-01 1.014926979817e-03 8.240614194880e-03 -7.714151902199e-01 1.187175766980e-03 1.127509041364e-02 -7.706853403449e-01 1.277319978644e-03 1.305237062275e-02
473 -7.709297214746e-01 1.277066762076e-03 1.304719611839e-02 -7.703329547644e-01 9.048411104220e-04 6.549899480877e-03 -7.724070547819e-01 1.295958156486e-03 1.343606034690e-02
474 -7.713827776909e-01 1.172875596515e-03 1.100509731921e-02 -7.737312346101e-01 1.156637647152e-03 1.070248517448e-02 -7.701060024500e-01 1.125085295089e-03 1.012653536981e-02
475 -7.729804075956e-01 1.267619742326e-03 1.285487848907e-02 -7.726472482085e-01 1.228340785189e-03 1.207056867648e-02 -7.739142845273e-01 1.252241927877e-03 1.254487876747e-02
476 -7.719024014473e-01 1.314404799043e-03 1.382127980597e-02 -7.752531434298e-01 1.465569273134e-03 1.718314635484e-02 -7.720634773374e-01 1.267196225671e-03 1.284629019484e-02
477 -7.723579047322e-01 1.352634274811e-03 1.463695585115e-02 -7.710887717009e-01 1.188200341777e-03 1.129456041760e-02 -7.710903006196e-01 1.176504370918e-03 1.107330027831e-02
478 -7.718417850137e-01 1.171802253149e-03 1.098496416389e-02 -7.738361338377e-01 1.125824288228e-03 1.013984262371e-02 -7.731722398400e-01 1.276726759206e-03 1.304024974138e-02
479 -7.731160162687e-01 1.171213303363e-03 1.097392481580e-02 -7.696961977482e-01 1.106058781463e-03 9.786928224419e-03 -7.736457271576e-01 1.513095161445e-03 1.831565574070e-02
480 -7.732561980486e-01 1.285568840889e-03 1.322149795733e-02 -7.716425814033e-01 1.058941479489e-03 8.970856455853e-03 -7.725840687156e-01 1.204530916391e-03 1.160715782833e-02
481 -7.698653194904e-01 1.112616472491e-03 9.903323318867e-03 -7.703324059248e-01 9.053656763251e-04 6.557496062941e-03 -7.726195154786e-01 1.260170266651e-03 1.270423280761e-02
482 -7.736776997447e-01 1.260855759728e-03 1.271805797471e-02 -7.732612821460e-01 1.478577395171e-03 1.748952890809e-02 -7.721676804423e-01 1.149258811812e-03 1.056636653223e-02
483 -7.723172000051e-01 1.300601424906e-03 1.353251253174e-02 -7.755992194414e-01 1.451711232892e-03 1.685972402964e-02 -7.727200677395e-01 1.279088441946e-03 1.308853793856e-02
484 -7.709787033796e-01 1.052559516987e-03 8.863052294404e-03 -7.719800605178e-01 1.257200736503e-03 1.264442953492e-02 -7.715129609704e-01 1.393119183656e-03 1.552624847896e-02
485 -7.729076627493e-01 1.268311465262e-03 1.286891178332e-02 -7.733750654459e-01 1.100222742241e-03 9.683920660363e-03 -7.727847545743e-01 1.174037840090e-03 1.102691879971e-02
486 -7.718419616818e-01 1.274370703204e-03 1.299216551348e-02 -7.712897551656e-01 1.138848679286e-03 1.037581051448e-02 -7.720694605112e-01 1.089054064690e-03 9.488310046550e-03
487 -7.718487661481e-01 1.274388091989e-03 1.299252007203e-02 -7.739046375155e-01 1.319502552800e-03 1.392869589476e-02 -7.714934490919e-01 1.302128395721e-03 1.356430687154e-02
488 -7.723785992265e-01 1.029182334223e-03 8.473730216608e-03 -7.727112162113e-01 1.220514937357e-03 1.191725369849e-02 -7.701246725321e-01 1.295264639719e-03 1.342168389525e-02
489 -7.726691577435e-01 1.372673684375e-03 1.507386435021e-02 -7.728738534451e-01 1.169403487687e-03 1.094003613611e-02 -7.721655175090e-01 1.279022274433e-03 1.308718382797e-02
490 -7.717917914391e-01 1.139835572382e-03 1.039380105653e-02 -7.731668195128e-01 1.258002222936e-03 1.266055674329e-02 -7.713638410568e-01 1.117032405414e-03 9.982091157955e-03
491 -7.710732563734e-01 1.115434395034e-03 9.953551116993e-03 -7.733296518326e-01 1.169910141405e-03 1.094951791170e-02 -7.708500301838e-01 9.775028823232e-04 7.644095079602e-03
492 -7.704015977979e-01 1.261962603721e-03 1.274039690553e-02 -7.714629177451e-01 1.121795721477e-03 1.006740512580e-02 -7.714130445123e-01 1.096377362960e-03 9.616346576083e-03
493 -7.735520027280e-01 1.384277225038e-03 1.532978748607e-02 -7.712146559954e-01 1.209007229367e-03 1.169358784530e-02 -7.709340004325e-01 1.236058584911e-03 1.222272660265e-02
494 -7.718130121827e-01 1.150014703706e-03 1.058027054993e-02 -7.727832715511e-01 1.171540738714e-03 1.098006161973e-02 -7.703275330663e-01 1.220267296183e-03 1.191241819308e-02
495 -7.721079078317e-01 1.255560348706e-03 1.261145431395e-02 -7.711592506766e-01 1.112174700295e-03 9.895460511809e-03 -7.741344454885e-01 1.440839265598e-03 1.660814231432e-02
496 -7.728260412216e-01 1.552699352903e-03 1.928700224404e-02 -7.702069108486e-01 1.021178327274e-03 8.342441408758e-03 -7.716157518625e-01 1.310223173610e-03 1.373347811733e-02
497 -7.739311547875e-01 1.275252858412e-03 1.301015882309e-02 -7.726399375796e-01 1.255600235294e-03 1.261225560696e-02 -7.727025718093e-01 1.147694145110e-03 1.053761480577e-02
498 -7.732602317333e-01 1.289188955020e-03 1.329606529397e-02 -7.731039117575e-01 1.291245793860e-03 1.333852560129e-02 -7.713527631760e-01 1.161767239556e-03 1.079762495124e-02
499 -7.725928959846e-01 1.092112684875e-03 9.541680931725e-03 -7.739356695414e-01 1.153182069281e-03 1.063863107929e-02 -7.726105719209e-01 1.321881634191e-03 1.397896843849e-02
500 -7.710533511639e-01 1.095645482245e-03 9.603512182112e-03 -7.740655974746e-01 1.187222801240e-03 1.127598383828e-02 -7.730149019957e-01 1.330548534111e-03 1.416287521299e-02
501 -7.707853701115e-01 1.050393874675e-03 8.826618335639e-03 -7.737507804632e-01 1.009869345220e-03 8.158688755322e-03 -7.725781204700e-01 1.166586665927e-03 1.088739559294e-02
502 -7.733707519770e-01 1.353156363246e-03 1.464825714715e-02 -7.729963927269e-01 1.175850300932e-03 1.106099144161e-02 -7.708641767502e-01 1.163863005563e-03 1.083661676575e-02
503 -7.722509074807e-01 1.311536821326e-03 1.376103066955e-02 -7.725891309977e-01 1.179835365432e-03 1.113609191619e-02 -7.750011229515e-01 1.262236390966e-03 1.274592565344e-02
504 -7.726354514360e-01 1.244823129403e-03 1.239667698797e-02 -7.737871259451e-01 1.256461792014e-03 1.262956987833e-02 -7.728827069998e-01 1.287597510629e-03 1.326325879502e-02
505 -7.720874525309e-01 1.163621622042e-03 1.083212223428e-02 -7.721799781322e-01 1.172468879884e-03 1.099746619438e-02 -7.720189082623e-01 1.172124404595e-03 1.099100495877e-02
506 -7.733214401603e-01 1.158278948701e-03 1.073288098403e-02 -7.723139227033e-01 1.228122729087e-03 1.206628350160e-02 -7.727864333391e-01 1.230293210929e-03 1.210897107887e-02
507 -7.742923029065e-01 1.378102237386e-03 1.519332621351e-02 -7.743305138946e-01 1.318119741653e-03 1.389951722669e-02 -7.737072123885e-01 1.246197803189e-03 1.242407171739e-02
508 -7.707560177445e-01 1.104971892779e-03 9.767703070650e-03 -7.721754072905e-01 1.337662380609e-03 1.431472515597e-02 -7.706620649099e-01 1.188888959947e-03 1.130765567268e-02
509 -7.706044445634e-01 1.223691916691e-03 1.197937525579e-02 -7.723553475142e-01 1.104430998758e-03 9.758142648136e-03 -7.718013933301e-01 1.152368171716e-03 1.062361922547e-02
510 -7.712859240770e-01 1.164681857276e-03 1.085187062935e-02 -7.736495492458e-01 1.165073497503e-03 1.085917003666e-02 -7.720982630253e-01 1.253855291377e-03 1.257722473371e-02
511 -7.723181561828e-01 1.229649848436e-03 1.209630999807e-02 -7.742483459711e-01 1.326887319276e-03 1.408503966444e-02 -7.709596084356e-01 1.340171044805e-03 1.436846743467e-02
512 -7.709031310081e-01 1.200443705693e-03 1.152852072430e-02 -7.724549328089e-01 1.292301308336e-03 1.336034137222e-02 -7.740817802548e-01 1.319821746741e-03 1.393543554537e-02
513 -7.707133489251e-01 1.190872816699e-03 1.134542452441e-02 -7.739320373535e-01 1.252624848642e-03 1.255255209148e-02 -7.710729936957e-01 1.269407286281e-03 1.289115886771e-02
514 -7.726604574323e-01 1.219434048173e-03 1.189615518274e-02 -7.744068493247e-01 1.130508466546e-03 1.022439514346e-02 -7.722579079270e-01 1.266159026555e-03 1.282526944422e-02
515 -7.729734519720e-01 1.481354991522e-03 1.755530088726e-02 -7.744550711513e-01 1.302716041881e-03 1.357655268619e-02 -7.730855356455e-01 1.255412870029e-03 1.260849179387e-02
516 -7.730299550295e-01 1.352219768695e-03 1.462798642281e-02 -7.729149259329e-01 1.110755506298e-03 9.870222358171e-03 -7.725669478178e-01 1.118990043324e-03 1.001710973647e-02
517 -7.724016973972e-01 1.398320599356e-03 1.564240398866e-02 -7.743778828382e-01 1.385785433867e-03 1.536321014974e-02 -7.710634325743e-01 1.093967242263e-03 9.574114617158e-03
518 -7.725394293666e-01 1.074328675511e-03 9.233456824194e-03 -7.731951481700e-01 1.034044190072e-03 8.553979096172e-03 -7.722971132994e-01 1.211145688271e-03 1.173499102574e-02
519 -7.732256357074e-01 1.220175800533e-03 1.191063187365e-02 -7.704052580595e-01 1.019609502283e-03 8.316828297165e-03 -7.724871621132e-01 1.282377491590e-03 1.315593624749e-02
520 -7.714996224046e-01 1.197457529687e-03 1.147123628323e-02 -7.709654299021e-01 1.209994038348e-03 1.171268458270e-02 -7.727596030831e-01 1.402658543436e-03 1.573960791579e-02
521 -7.707740975618e-01 1.027110187458e-03 8.439642697439e-03 -7.709892050028e-01 1.042249761212e-03 8.690276517979e-03 -7.683782446980e-01 1.064969044293e-03 9.073272522415e-03
522 -7.733915497065e-01 1.424391582113e-03 1.623113103356e-02 -7.730604872704e-01 1.408995313567e-03 1.588214234924e-02 -7.744088878036e-01 1.118780189625e-03 1.001335290157e-02
523 -7.719936243296e-01 1.430843687438e-03 1.637850926304e-02 -7.762847035527e-01 1.571168807056e-03 1.974857136213e-02 -7.747462799549e-01 1.396430277217e-03 1.560014015303e-02
524 -7.720306795835e-01 1.187348760657e-03 1.127837663546e-02 -7.727066168189e-01 1.065522613486e-03 9.082707518792e-03 -7.703379411697e-01 1.065220420549e-03 9.077556354832e-03
525 -7.719302856326e-01 1.321777710177e-03 1.397677052097e-02 -7.706751832962e-01 1.187984662633e-03 1.129046046922e-02 -7.699227976799e-01 1.124583154643e-03 1.011749817365e-02
526 -7.706166197658e-01 1.127464465606e-03 1.016940896963e-02 -7.728031629324e-01 1.216079633769e-03 1.183079740534e-02 -7.732302349806e-01 1.348062109434e-03 1.453817160713e-02
527 -7.740587809086e-01 1.320586962354e-03 1.395159940112e-02 -7.710135459304e-01 1.134306630623e-03 1.029321225820e-02 -7.728554022312e-01 1.157396876613e-03 1.071654023995e-02
528 -7.737259552479e-01 1.239797444936e-03 1.229678163575e-02 -7.740753962398e-01 1.437826255573e-03 1.653875472971e-02 -7.728840935230e-01 1.226736840806e-03 1.203906621272e-02
529 -7.721372091174e-01 1.238724771385e-03 1.227551247395e-02 -7.736095569730e-01 1.293013684242e-03 1.337507510111e-02 -7.729906368852e-01 1.318926175292e-03 1.391653004696e-02
530 -7.705270283222e-01 1.046492005462e-03 8.761164139966e-03 -7.719441886544e-01 1.135824528501e-03 1.032077887636e-02 -7.726126314998e-01 1.274314012249e-03 1.299100961451e-02
531 -7.704616660476e-01 1.093669555288e-03 9.568904769317e-03 -7.726480525732e-01 1.252699613835e-03 1.255405058001e-02 -7.692315873504e-01 1.096784083552e-03 9.623482607468e-03
532 -7.726669574976e-01 1.200017338567e-03 1.152033290289e-02 -7.724659947157e-01 1.246484807392e-03 1.242979500046e-02 -7.742524134517e-01 1.308665890692e-03 1.370085130768e-02
533 -7.734567497373e-01 1.112503883890e-03 9.901319133371e-03 -7.724618216157e-01 1.039164928903e-03 8.638909995702e-03 -7.736113327742e-01 1.331941120362e-03 1.419253718489e-02
534 -7.707899014950e-01 1.236398713833e-03 1.222945423655e-02 -7.728995450735e-01 1.177755609223e-03 1.109686620044e-02 -7.726394347548e-01 1.227094517762e-03 1.204608764417e-02
535 -7.741143065095e-01 1.333722514840e-03 1.423052597273e-02 -7.715051333308e-01 1.162507567512e-03 1.081139075618e-02 -7.713817744851e-01 1.197059483506e-03 1.146361125641e-02
536 -7.722069246173e-01 1.154245318035e-03 1.065825803365e-02 -7.716263178587e-01 1.229074102371e-03 1.208498519294e-02 -7.728373169899e-01 1.137843238739e-03 1.035749788755e-02
537 -7.737305656075e-01 1.483582616455e-03 1.760813903878e-02 -7.745782971978e-01 1.287661687549e-03 1.326458097266e-02 -7.711118198633e-01 1.080232735691e-03 9.335222106063e-03
538 -7.718796399832e-01 1.202524342395e-03 1.156851835242e-02 -7.705875000358e-01 1.124011521499e-03 1.010721520371e-02 -7.721528745890e-01 1.244614017668e-03 1.239251242381e-02
539 -7.721486237645e-01 1.330702984772e-03 1.416616346944e-02 -7.720003635883e-01 1.123181754419e-03 1.009229802768e-02 -7.746494145393e-01 1.356198893752e-03 1.471420351532e-02
540 -7.739474315643e-01 1.526705722866e-03 1.864664291384e-02 -7.736204723120e-01 1.329733401514e-03 1.414552735282e-02 -7.709706749916e-01 9.832990170614e-04 7.735015655631e-03
541 -7.730658950210e-01 1.337967701278e-03 1.432126055729e-02 -7.713873894215e-01 1.162029373555e-03 1.080249812004e-02 -7.735974554420e-01 1.409277588241e-03 1.588850656575e-02
542 -7.706301494241e-01 1.034613032645e-03 8.563393018547e-03 -7.735273995996e-01 1.322695806356e-03 1.399619356921e-02 -7.719444221258e-01 1.162323884009e-03 1.080797449069e-02
543 -7.714691030979e-01 1.173207485442e-03 1.101132643119e-02 -7.718798356056e-01 1.034339522938e-03 8.558865989692e-03 -7.724625643492e-01 1.233813942749e-03 1.217837476258e-02
544 -7.712748584747e-01 1.212903282622e-03 1.176907498396e-02 -7.715944321156e-01 1.114034681289e-03 9.928586168918e-03 -7.715390971303e-01 1.235872225813e-03 1.221904126830e-02
545 -7.737902803421e-01 1.500752733617e-03 1.801807013967e-02 -7.729219965339e-01 1.144973160172e-03 1.048770830012e-02 -7.717438104749e-01 1.271955647168e-03 1.294296934689e-02
546 -7.719200354218e-01 1.085554156679e-03 9.427422616669e-03 -7.717293734550e-01 1.021890066015e-03 8.354074456168e-03 -7.723071236610e-01 1.276424286695e-03 1.303407167732e-02
547 -7.728787721395e-01 1.339064587964e-03 1.434475176591e-02 -7.712864484787e-01 1.160200341857e-03 1.076851866597e-02 -7.703598564863e-01 1.126853603449e-03 1.015839234885e-02
548 -7.701171609163e-01 1.005023243389e-03 8.080573758016e-03 -7.712719836831e-01 1.221408065947e-03 1.193470130848e-02 -7.724925047755e-01 1.247096699700e-03 1.244200142722e-02
549 -7.717087596655e-01 1.423958094283e-03 1.622125323418e-02 -7.722694475055e-01 1.339996303835e-03 1.436472075432e-02 -7.723314589262e-01 1.109942809607e-03 9.855784324786e-03
550 -7.712412339449e-01 1.287704191088e-03 1.326545666996e-02 -7.722842159271e-01 1.092555340405e-03 9.549417374772e-03 -7.703324483633e-01 1.246309922977e-03 1.242630739288e-02
551 -7.722057400346e-01 1.240909633620e-03 1.231885375049e-02 -7.722913153768e-01 1.199425794207e-03 1.150897788648e-02 -7.726524685025e-01 1.326422003041e-03 1.407516264120e-02
552 -7.720796235800e-01 1.473219401626e-03 1.736300324263e-02 -7.737269430161e-01 1.218687203449e-03 1.188158799880e-02 -7.709102791548e-01 1.140899985860e-03 1.041322222188e-02
553 -7.709504539967e-01 1.160547445656e-03 1.077496298895e-02 -7.702754880190e-01 1.057761642326e-03 8.950877535805e-03 -7.760261667967e-01 1.618197782554e-03 2.094851250769e-02
554 -7.718463639021e-01 1.132508833755e-03 1.026061006827e-02 -7.720976336598e-01 1.267307739157e-03 1.284855124582e-02 -7.737701842785e-01 1.200677928325e-03 1.153301990053e-02
555 -7.703796886206e-01 1.189129797321e-03 1.131223739901e-02 -7.725777733922e-01 1.196384001795e-03 1.145067743801e-02 -7.723002606034e-01 1.197318770586e-03 1.146857790718e-02
556 -7.700322062969e-01 1.268359270494e-03 1.286988191239e-02 -7.718065153360e-01 1.293054464656e-03 1.337591878853e-02 -7.725043665767e-01 1.297500599788e-03 1.346806245160e-02
557 -7.714271993041e-01 1.268388157980e-03 1.287046815442e-02 -7.706375000477e-01 1.160849478224e-03 1.078057208875e-02 -7.705617445111e-01 1.143735749792e-03 1.046505172282e-02
558 -7.696716028452e-01 1.079903546387e-03 9.329533356000e-03 -7.734994373918e-01 1.283085554552e-03 1.317046832241e-02 -7.745753213763e-01 1.537543410921e-03 1.891231792373e-02
559 -7.684510445595e-01 1.018940636110e-03 8.305920159335e-03 -7.751917070746e-01 1.351768001415e-03 1.461821383719e-02 -7.721396054626e-01 1.168071244696e-03 1.091512346148e-02
560 -7.706006883383e-01 1.126784005055e-03 1.015713755237e-02 -7.718875066638e-01 1.139485827114e-03 1.038742360154e-02 -7.721822789907e-01 1.125067659562e-03 1.012621790873e-02
561 -7.721775677800e-01 1.548193556579e-03 1.917522630906e-02 -7.718517267108e-01 1.224530781117e-03 1.199580507122e-02 -7.724544487000e-01 1.241683609614e-03 1.233422549106e-02
562 -7.724826912880e-01 1.503143534802e-03 1.807552388973e-02 -7.722906989455e-01 1.142814135361e-03 1.044819318384e-02 -7.724905139208e-01 1.138810047263e-03 1.037510658997e-02
563 -7.723075119853e-01 1.210985731316e-03 1.173189153161e-02 -7.737551032901e-01 1.381038278747e-03 1.525813381891e-02 -7.712497947812e-01 9.583882860072e-04 7.348064854047e-03
564 -7.698053761125e-01 1.246636751071e-03 1.243282551297e-02 -7.746616700292e-01 1.261322874483e-03 1.272748314956e-02 -7.726906787753e-01 1.150324781173e-03 1.058597681745e-02
565 -7.715501900911e-01 1.259686239443e-03 1.269447537474e-02 -7.717606655359e-01 1.080393696194e-03 9.338004310214e-03 -7.725876054764e-01 1.304638806636e-03 1.361665932625e-02
566 -7.728733546734e-01 1.301241840453e-03 1.354584261876e-02 -7.735629171133e-01 1.194547795792e-03 1.141555549146e-02 -7.710307971239e-01 1.034391619589e-03 8.559728181402e-03
567 -7.708152822852e-01 1.198235455134e-03 1.148614564752e-02 -7.720231473446e-01 1.086181423144e-03 9.438320671857e-03 -7.723595971465e-01 1.306743865603e-03 1.366063624232e-02
568 -7.719909116626e-01 1.264983265932e-03 1.280146130470e-02 -7.731218614578e-01 1.135183410322e-03 1.030913100056e-02 -7.712887020111e-01 1.138537285888e-03 1.037013721085e-02
569 -7.710312353969e-01 1.332437956438e-03 1.420312726206e-02 -7.733851144314e-01 1.446702441483e-03 1.674358363353e-02 -7.707671194077e-01 1.213738767765e-03 1.178529437101e-02
570 -7.701077499390e-01 1.110610299939e-03 9.867641906643e-03 -7.716901745200e-01 1.117035037388e-03 9.982138198016e-03 -7.728301432729e-01 1.294321394925e-03 1.340214298688e-02
571 -7.751551872492e-01 1.401126744134e-03 1.570524922502e-02 -7.708001864552e-01 1.254173880008e-03 1.258361697035e-02 -7.715744201541e-01 1.256939466631e-03 1.263917458219e-02
572 -7.739160166383e-01 1.242435797301e-03 1.234917368331e-02 -7.737427574396e-01 1.219829819423e-03 1.190387830682e-02 -7.729112991691e-01 1.333403502609e-03 1.422371920615e-02
573 -7.733447164297e-01 1.253973201964e-03 1.257959032994e-02 -7.726212258935e-01 1.175193212715e-03 1.104863269769e-02 -7.717433421612e-01 1.180218774354e-03 1.114333084271e-02
574 -7.714860784411e-01 1.231137400861e-03 1.212559439838e-02 -7.707085523009e-01 1.066640215627e-03 9.101770796741e-03 -7.721005570292e-01 1.304512705930e-03 1.361402719947e-02
575 -7.721181252599e-01 1.115095420097e-03 9.947502367379e-03 -7.740220933557e-01 1.315592346738e-03 1.384626578237e-02 -7.704317429066e-01 1.075326182643e-03 9.250611192619e-03
576 -7.718325372338e-01 1.188238449712e-03 1.129528490700e-02 -7.727739087939e-01 1.264784354196e-03 1.279743570096e-02 -7.730255030990e-01 1.231935414722e-03 1.214131892836e-02
577 -7.733663293719e-01 1.229349464661e-03 1.209040085010e-02 -7.717941446900e-01 1.008529326369e-03 8.137051217172e-03 -7.710185474157e-01 1.078853429571e-03 9.311397779970e-03
578 -7.711631994843e-01 1.192697719145e-03 1.138022279403e-02 -7.719270099401e-01 1.098974852087e-03 9.661965804151e-03 -7.730929598212e-01 1.400729364754e-03 1.569634202627e-02
579 -7.718028763533e-01 1.311229276686e-03 1.375457772832e-02 -7.730032695532e-01 1.179830904901e-03 1.113600771327e-02 -7.717818267345e-01 1.374650937344e-03 1.511732159632e-02
580 -7.718071340322e-01 1.195205403327e-03 1.142812764914e-02 -7.719788604379e-01 1.337392107246e-03 1.430894118818e-02 -7.720074967146e-01 1.229691525275e-03 1.209712997866e-02
581 -7.705815291405e-01 1.105006701946e-03 9.768318490767e-03 -7.727962261438e-01 1.201736061113e-03 1.155335648463e-02 -7.731673611999e-01 1.085206085234e-03 9.421377979433e-03
582 -7.691954465508e-01 1.109031772369e-03 9.839611776997e-03 -7.719503613114e-01 1.029673135906e-03 8.481814134459e-03 -7.716318645477e-01 1.114476071620e-03 9.936455313713e-03
583 -7.699188127518e-01 1.205710323893e-03 1.162989908113e-02 -7.716726984382e-01 1.285423507101e-03 1.321850874085e-02 -7.723453355432e-01 1.118151433426e-03 1.000210102458e-02
584 -7.720009265542e-01 1.231382514200e-03 1.213042317023e-02 -7.715073342323e-01 1.005857558110e-03 8.093995417653e-03 -7.719981641769e-01 1.342780361579e-03 1.442447279554e-02
585 -7.729896661043e-01 1.414408131837e-03 1.600440290725e-02 -7.711627334356e-01 1.133234913406e-03 1.027377095170e-02 -7.724101015925e-01 1.230082823752e-03 1.210483002631e-02
586 -7.699087934494e-01 1.150490933787e-03 1.058903510981e-02 -7.749935020208e-01 1.514409256586e-03 1.834748317146e-02 -7.701841922402e-01 1.100714051699e-03 9.692571388853e-03
587 -7.718784951568e-01 1.200069928625e-03 1.152134266873e-02 -7.714411027431e-01 1.103436697759e-03 9.740580367692e-03 -7.727685050368e-01 1.103588539005e-03 9.743261307378e-03
588 -7.716958789229e-01 1.030141547018e-03 8.489532855138e-03 -7.723854644299e-01 1.226728971571e-03 1.203891175754e-02 -7.717517199516e-01 1.201235690837e-03 1.154373747953e-02
589 -7.732898389697e-01 1.349918742674e-03 1.457824489459e-02 -7.736329684854e-01 1.213419919082e-03 1.177910320021e-02 -7.728255604506e-01 1.151328933590e-03 1.060446650658e-02
590 -7.724222046733e-01 1.234315289930e-03 1.218827387964e-02 -7.717442290783e-01 1.221757315923e-03 1.194152751209e-02 -7.725423289537e-01 1.203622043942e-03 1.158964819730e-02
591 -7.715049656630e-01 1.253513995644e-03 1.257037869820e-02 -7.710596276522e-01 1.230380096986e-03 1.211068146448e-02 -7.737560480833e-01 1.251150220204e-03 1.252301498814e-02
592 -7.705986987352e-01 1.135176504364e-03 1.030900556848e-02 -7.709041558504e-01 1.292635496375e-03 1.336725221191e-02 -7.701457981467e-01 1.222575076408e-03 1.195751853964e-02
593 -7.717702533007e-01 1.317474282469e-03 1.388590787974e-02 -7.727048062086e-01 1.341510811491e-03 1.439721005877e-02 -7.708795482516e-01 1.086213111292e-03 9.438871385139e-03
594 -7.727004484534e-01 1.338985680350e-03 1.434306121747e-02 -7.716062725782e-01 1.064925907776e-03 9.072537512417e-03 -7.709007298350e-01 1.122482449474e-03 1.007973479502e-02
595 -7.724694505930e-01 1.213190220398e-03 1.177464408695e-02 -7.735603504181e-01 1.145124084887e-03 1.049047335831e-02 -7.699064963460e-01 1.013132555845e-03 8.211500605712e-03
596 -7.708132843971e-01 1.162843735683e-03 1.081764442894e-02 -7.723238561749e-01 1.236290881710e-03 1.222732115360e-02 -7.713539071083e-01 1.257329430346e-03 1.264701837131e-02
597 -7.711194391251e-01 1.180056375008e-03 1.114026438558e-02 -7.730430405736e-01 1.332091250626e-03 1.419573679995e-02 -7.712831612229e-01 1.128567543097e-03 1.018931759466e-02
598 -7.726619127989e-01 1.121434255084e-03 1.006091830781e-02 -7.722333573699e-01 1.124443211574e-03 1.011498028844e-02 -7.740982812643e-01 1.421865005547e-03 1.617360075200e-02
599 -7.730863622427e-01 1.234644538708e-03 1.219477709569e-02 -7.737337861061e-01 1.439383117235e-03 1.657459006544e-02 -7.726692265272e-01 1.131601073869e-03 1.024416792306e-02
600 -7.738052991629e-01 1.408663133522e-03 1.587465458996e-02 -7.729664231539e-01 1.190635197124e-03 1.134089738105e-02 -7.715528597236e-01 1.140676352025e-03 1.040914032055e-02
601 -7.703053145409e-01 1.167902059605e-03 1.091196176664e-02 -7.732763520479e-01 1.180220159704e-03 1.114335700297e-02 -7.730382757187e-01 1.259947513323e-03 1.269974189064e-02
602 -7.715815930367e-01 1.065888677009e-03 9.088949374215e-03 -7.715787766576e-01 1.161972531859e-03 1.080144131837e-02 -7.711009296775e-01 1.024819182346e-03 8.402034852031e-03
603 -7.730256549716e-01 1.271958496317e-03 1.294302733083e-02 -7.725879430175e-01 1.151171911843e-03 1.060157416494e-02 -7.720568952560e-01 1.261235016798e-03 1.272571014078e-02
604 -7.705664574504e-01 1.219394805983e-03 1.189538954286e-02 -7.736327355504e-01 1.099498130596e-03 9.671169113467e-03 -7.711568704844e-01 1.161613662090e-03 1.079477039963e-02
605 -7.719099036455e-01 1.311413487661e-03 1.375844268496e-02 -7.748724741936e-01 1.279074912339e-03 1.308826105099e-02 -7.696899855137e-01 1.053459241063e-03 8.878210980654e-03
606 -7.748629821539e-01 1.336608561033e-03 1.429217956341e-02 -7.716194006801e-01 1.165000130342e-03 1.085780242958e-02 -7.708139917850e-01 1.153108270815e-03 1.063726947378e-02
607 -7.719037550688e-01 1.251107099578e-03 1.252215179692e-02 -7.701581315994e-01 1.046316407272e-03 8.758224193019e-03 -7.719837334752e-01 1.160362633239e-03 1.077153152495e-02
608 -7.751661216021e-01 1.442360168051e-03 1.664322283504e-02 -7.719491523504e-01 1.125639581856e-03 1.013651574593e-02 -7.725430002809e-01 1.206145241456e-03 1.163829074789e-02
609 -7.730846675634e-01 1.286912663940e-03 1.324915363687e-02 -7.729594218135e-01 1.172241454743e-03 1.099320022575e-02 -7.716836441755e-01 1.169630753376e-03 1.094428879395e-02
610 -7.713131168485e-01 1.163877100869e-03 1.083687924741e-02 -7.713935539722e-01 1.189347065456e-03 1.131637153688e-02 -7.744872716665e-01 1.582695575289e-03 2.003940227231e-02
611 -7.726539263129e-01 9.933033295012e-04 7.893212035185e-03 -7.727659785151e-01 1.354300928555e-03 1.467304804068e-02 -7.710053159595e-01 1.152778836991e-03 1.063119237612e-02
612 -7.711767573357e-01 1.251327070873e-03 1.252655550640e-02 -7.702591788769e-01 1.032811170109e-03 8.533591304822e-03 -7.703186969757e-01 1.091219736054e-03 9.526084098824e-03
613 -7.699818663597e-01 1.127131078776e-03 1.016339574994e-02 -7.727690035701e-01 1.076448736960e-03 9.269935066429e-03 -7.696990985870e-01 1.071703700415e-03 9.188390571870e-03
614 -7.738894872665e-01 1.320429795514e-03 1.394827875904e-02 -7.721689158082e-01 1.183999584743e-03 1.121484013337e-02 -7.726524407864e-01 1.292431136721e-03 1.336302594533e-02
615 -7.729277335405e-01 1.281713726067e-03 1.314232060471e-02 -7.719386379719e-01 1.311640426538e-03 1.376320486824e-02 -7.702021371126e-01 1.304779265060e-03 1.361959144424e-02
616 -7.698896372318e-01 1.157718399045e-03 1.072249513190e-02 -7.744025689363e-01 1.375436780076e-03 1.513461068789e-02 -7.729075706005e-01 1.147775507586e-03 1.053910892652e-02
617 -7.717887348533e-01 1.340587127004e-03 1.437739076071e-02 -7.720497660637e-01 1.028763572766e-03 8.466835909197e-03 -7.730592207909e-01 1.239619284310e-03 1.229324776026e-02
618 -7.723576083779e-01 1.209384935205e-03 1.170089537200e-02 -7.741930227876e-01 1.160500819102e-03 1.077409720909e-02 -7.706546449661e-01 1.014070545523e-03 8.226712570379e-03
619 -7.716067988276e-01 1.140902245915e-03 1.041326347787e-02 -7.725158692002e-01 1.136324431104e-03 1.032986570180e-02 -7.719170894623e-01 1.148467135028e-03 1.055181408192e-02
620 -7.707493835688e-01 1.186175593419e-03 1.125610030739e-02 -7.730232213140e-01 1.285279239094e-03 1.321554177957e-02 -7.736282112598e-01 1.305108458588e-03 1.362646470942e-02
621 -7.716028374434e-01 1.289947721579e-03 1.331172099526e-02 -7.719125022292e-01 1.138083989960e-03 1.036188134562e-02 -7.726286362410e-01 1.181994343412e-03 1.117688502287e-02
622 -7.709387728572e-01 1.174691144875e-03 1.103919428678e-02 -7.727502200007e-01 1.163452344027e-03 1.082897085458e-02 -7.722152296901e-01 1.192513561519e-03 1.137670875526e-02
623 -7.715416519046e-01 1.306270212363e-03 1.365073494165e-02 -7.720615637302e-01 1.261329733927e-03 1.272762158150e-02 -7.694936450720e-01 1.042951458791e-03 8.701981963159e-03
624 -7.708386653066e-01 1.263843492870e-03 1.277840299575e-02 -7.722261707783e-01 1.248486603853e-03 1.246975040001e-02 -7.747997868061e-01 1.303320657195e-03 1.358915788377e-02
625 -7.729130648971e-01 1.282429165526e-03 1.315699651674e-02 -7.729330736399e-01 1.198864814870e-03 1.149821475466e-02 -7.742029855251e-01 1.155000103679e-03 1.067220191598e-02
626 -7.723955962062e-01 1.210227143279e-03 1.171719790663e-02 -7.725080847144e-01 1.122528849443e-03 1.008056814266e-02 -7.706894952059e-01 9.978504120604e-04 7.965643558792e-03
627 -7.728005386591e-01 1.341860549143e-03 1.440471786678e-02 -7.717485696077e-01 1.245729496297e-03 1.241473582355e-02 -7.724971709847e-01 1.188753847118e-03 1.130508567230e-02
628 -7.734336029291e-01 1.119478040790e-03 1.002584867048e-02 -7.737101744413e-01 1.193673060877e-03 1.139884301011e-02 -7.718856252432e-01 1.133951191575e-03 1.028676243899e-02
629 -7.702456652522e-01 1.131034251417e-03 1.023390782303e-02 -7.714115769267e-01 1.167326550277e-03 1.090121019985e-02 -7.733205784559e-01 1.539687157934e-03 1.896509235445e-02
630 -7.714826965928e-01 1.196196061106e-03 1.144708013284e-02 -7.746198098063e-01 1.190548582065e-03 1.133924741005e-02 -7.725243686438e-01 1.161038214130e-03 1.078407787736e-02
631 -7.731724390388e-01 1.199938053494e-03 1.151881065778e-02 -7.723363327980e-01 1.181220547341e-03 1.116225585169e-02 -7.720043050647e-01 1.158462682856e-03 1.073628630056e-02
632 -7.735940039754e-01 1.285708173204e-03 1.322436405316e-02 -7.736764833927e-01 1.275042096371e-03 1.300585878015e-02 -7.727623519301e-01 1.162118868206e-03 1.080416211072e-02
633 -7.721986166239e-01 1.201719266323e-03 1.155303356042e-02 -7.713931369781e-01 1.163277810058e-03 1.082572210699e-02 -7.729824202061e-01 1.315113230707e-03 1.383618247664e-02
634 -7.723558711410e-01 1.229346279558e-03 1.209033820050e-02 -7.711092547178e-01 1.125142138886e-03 1.012755866157e-02 -7.715852660537e-01 1.155021187828e-03 1.067259155465e-02
635 -7.720042133927e-01 1.174918224642e-03 1.104346267677e-02 -7.731251659989e-01 1.242485812647e-03 1.235016795703e-02 -7.713352667093e-01 1.198002412290e-03 1.148167823883e-02
636 -7.727268286347e-01 1.288898503481e-03 1.329007481820e-02 -7.729796246290e-01 1.194722815319e-03 1.141890084354e-02 -7.717031388879e-01 1.138803215772e-03 1.037498211401e-02
637 -7.725804880261e-01 1.298921727674e-03 1.349758123699e-02 -7.737818296552e-01 1.290447646702e-03 1.332204103103e-02 -7.705807552338e-01 1.138294593400e-03 1.036571665091e-02
638 -7.720972810984e-01 1.353196536796e-03 1.464912693758e-02 -7.721582566500e-01 1.087194750749e-03 9.455939408453e-03 -7.717960115671e-01 1.353779882790e-03 1.466175976838e-02
639 -7.716457751393e-01 1.383240765080e-03 1.530684011342e-02 -7.706807355285e-01 1.191553381846e-03 1.135839569430e-02 -7.746328104734e-01 1.288667531215e-03 1.328531204805e-02
640 -7.689059137702e-01 1.099487319525e-03 9.670978926368e-03 -7.721030360460e-01 1.157165872818e-03 1.071226285772e-02 -7.720565763712e-01 1.165135401058e-03 1.086032402239e-02
641 -7.741713784933e-01 1.286422122407e-03 1.323905501614e-02 -7.719411257505e-01 1.049383144630e-03 8.809639873864e-03 -7.714078646302e-01 1.195460923558e-03 1.143301455803e-02
642 -7.716549685001e-01 1.257402050809e-03 1.264847933903e-02 -7.753191221356e-01 1.215504921753e-03 1.181961771845e-02 -7.721334943771e-01 1.232364025766e-03 1.214976873601e-02
643 -7.700304839015e-01 1.158331956862e-03 1.073386337830e-02 -7.725593591928e-01 9.432617325847e-04 7.117941569269e-03 -7.722712093592e-01 1.048713190628e-03 8.798394849578e-03
644 -7.719814978838e-01 1.239423181580e-03 1.228935858431e-02 -7.717974401712e-01 1.201764562784e-03 1.155390451490e-02 -7.728589224219e-01 1.408715249387e-03 1.587582923084e-02
645 -7.718061197996e-01 1.143645410023e-03 1.046339859094e-02 -7.737917869091e-01 1.282878169002e-03 1.316621117202e-02 -7.729381725788e-01 1.425947743244e-03 1.626661573169e-02
646 -7.709613828063e-01 1.207862509625e-03 1.167145473726e-02 -7.721383272409e-01 1.158812139462e-03 1.074276459651e-02 -7.717925458550e-01 1.201558885485e-03 1.154995004230e-02
647 -7.734270529151e-01 1.351295765431e-03 1.460800196538e-02 -7.724651121497e-01 1.213164850155e-03 1.177415162921e-02 -7.727080259323e-01 1.322431467640e-03 1.399059989284e-02
648 -7.736122783422e-01 1.491124533383e-03 1.778761899245e-02 -7.728012394309e-01 1.244508033556e-03 1.239040196468e-02 -7.719892501831e-01 1.128184574887e-03 1.018240348010e-02
649 -7.719806846380e-01 1.128563390187e-03 1.018924260536e-02 -7.735416371822e-01 1.025494547124e-03 8.413112529443e-03 -7.705401007533e-01 1.120187707784e-03 1.003856400536e-02
650 -7.705342700481e-01 1.238625545559e-03 1.227354593688e-02 -7.722124908566e-01 1.250835965841e-03 1.251672490753e-02 -7.718986253738e-01 1.166423289339e-03 1.088434631929e-02
651 -7.706767760515e-01 1.123804653489e-03 1.010349519363e-02 -7.721637924910e-01 1.202850814800e-03 1.157480066132e-02 -7.708532047868e-01 1.281064499662e-03 1.312901001835e-02
652 -7.726292369366e-01 1.225582018872e-03 1.201641027986e-02 -7.722392796874e-01 1.055196983434e-03 8.907525390789e-03 -7.711314150095e-01 1.328866486883e-03 1.412708911969e-02
653 -7.739639216661e-01 1.577840313082e-03 1.991664042869e-02 -7.749090846777e-01 1.152365981988e-03 1.062357885154e-02 -7.702436107993e-01 1.111006651535e-03 9.874686238039e-03
654 -7.707609746456e-01 1.094295285032e-03 9.579857366740e-03 -7.725389545560e-01 1.188758696330e-03 1.130517790480e-02 -7.713966475725e-01 1.267375838709e-03 1.284993213235e-02
655 -7.717202815413e-01 1.157867343019e-03 1.072525427225e-02 -7.708456877470e-01 1.159631562150e-03 1.075796287948e-02 -7.729033045173e-01 1.232566153944e-03 1.215375459078e-02
656 -7.715362990499e-01 1.266096906979e-03 1.282401102290e-02 -7.727411057949e-01 1.091710684940e-03 9.534657756897e-03 -7.726269033551e-01 1.089426751634e-03 9.494805177410e-03
657 -7.711040595174e-01 1.073661179362e-03 9.221986624556e-03 -7.717274142504e-01 1.142358629292e-03 1.043986590335e-02 -7.726023228765e-01 1.118844884069e-03 1.001451099685e-02
658 -7.716018333435e-01 1.167728782205e-03 1.090872407033e-02 -7.716527300477e-01 1.032513555254e-03 8.528673934266e-03 -7.728726996183e-01 1.372556803222e-03 1.507129742457e-02
659 -7.722186431885e-01 1.391161800137e-03 1.548264923328e-02 -7.712970980406e-01 1.153340148729e-03 1.064154798936e-02 -7.717528621554e-01 1.108190858485e-03 9.824695830641e-03
660 -7.738306807876e-01 1.528530440303e-03 1.869124245546e-02 -7.711040611267e-01 1.072335718562e-03 9.199231146433e-03 -7.728425991535e-01 1.181491820067e-03 1.116738336709e-02
661 -7.734087194800e-01 1.247382160395e-03 1.244769803258e-02 -7.715270433426e-01 1.290633429710e-03 1.332587719908e-02 -7.741411591768e-01 1.110420713675e-03 9.864273290871e-03
662 -7.730571888089e-01 1.173411397866e-03 1.101515446914e-02 -7.729509301186e-01 1.278803214828e-03 1.308270129804e-02 -7.749184951782e-01 1.237386841699e-03 1.224900956807e-02
663 -7.716849061251e-01 1.274548547185e-03 1.299579199306e-02 -7.724502241611e-01 1.214553122911e-03 1.180111430698e-02 -7.742356696129e-01 1.285402745914e-03 1.321808175363e-02
664 -7.735905093551e-01 1.252381647483e-03 1.254767832762e-02 -7.712741707563e-01 1.237179740871e-03 1.224490968977e-02 -7.724157660007e-01 1.251541250460e-03 1.253084401282e-02
665 -7.718875608444e-01 1.098328869505e-03 9.650610444708e-03 -7.750195449591e-01 1.186667931203e-03 1.126544623156e-02 -7.737032606602e-01 1.279910120210e-03 1.310535932652e-02
666 -7.731110437512e-01 1.316454791235e-03 1.386442573892e-02 -7.716169610620e-01 1.327913897539e-03 1.410684255422e-02 -7.727021379471e-01 1.130086712411e-03 1.021676782054e-02
667 -7.726451281309e-01 1.164024644934e-03 1.083962699212e-02 -7.714987999201e-01 1.152678478577e-03 1.062934139980e-02 -7.730541438460e-01 1.117778317582e-03 9.995426938048e-03
668 -7.727544442415e-01 1.453266141160e-03 1.689585981634e-02 -7.733544681668e-01 1.158908426463e-03 1.074454992741e-02 -7.744895783663e-01 1.348164967677e-03 1.454039024058e-02
669 -7.725421708822e-01 1.160218677526e-03 1.076885903745e-02 -7.716339146495e-01 1.242514551675e-03 1.235073928900e-02 -7.728714513183e-01 1.300590977334e-03 1.353229512258e-02
670 -7.712090127468e-01 1.137850931603e-03 1.035763794040e-02 -7.716724836230e-01 1.160428322551e-03 1.077275113423e-02 -7.720157358646e-01 1.043824487371e-03 8.716556483487e-03
671 -7.724237031341e-01 1.264914025728e-03 1.280005993987e-02 -7.737495366335e-01 1.201130621891e-03 1.154171816676e-02 -7.711918599606e-01 1.058149965160e-03 8.957450790148e-03
672 -7.704922179580e-01 1.144602477207e-03 1.048091864663e-02 -7.719956929088e-01 1.150191980055e-03 1.058353272786e-02 -7.704106259346e-01 1.096471185951e-03 9.617992492961e-03
673 -7.735877341628e-01 1.461630003299e-03 1.709089813234e-02 -7.714222202897e-01 1.164819143392e-03 1.085442909450e-02 -7.732122578025e-01 1.414597807868e-03 1.600869566420e-02
674 -7.708084052205e-01 1.014363176696e-03 8.231461233899e-03 -7.737233672738e-01 1.265386806430e-03 1.280963015909e-02 -7.724834823608e-01 1.236000458776e-03 1.222157707275e-02
675 -7.706988918185e-01 1.170513472897e-03 1.096081432186e-02 -7.732717157602e-01 1.296978225645e-03 1.345722014238e-02 -7.719201392531e-01 1.311598350018e-03 1.376232185416e-02
676 -7.716841377020e-01 1.160021101391e-03 1.076519164538e-02 -7.748068804145e-01 1.263890246104e-03 1.277934843358e-02 -7.697670525312e-01 1.191926815124e-03 1.136551626089e-02
677 -7.724360578060e-01 1.199539857053e-03 1.151116694927e-02 -7.721455674171e-01 1.250755964238e-03 1.251512385662e-02 -7.722653019428e-01 1.224867410033e-03 1.200240137730e-02
678 -7.719525292516e-01 1.086803735882e-03 9.449138882612e-03 -7.726238255501e-01 1.151571996124e-03 1.060894449805e-02 -7.736990859509e-01 1.115504117613e-03 9.954795491291e-03
679 -7.708542974591e-01 1.022532745353e-03 8.364585722559e-03 -7.734267094731e-01 1.292679864783e-03 1.336816986252e-02 -7.744798043966e-01 1.307165477530e-03 1.366945268517e-02
680 -7.727248861790e-01 1.148198108291e-03 1.054687116707e-02 -7.729561600089e-01 1.052365054654e-03 8.859777666063e-03 -7.726416466832e-01 1.063464062503e-03 9.047646497887e-03
681 -7.693161389232e-01 1.133597998889e-03 1.028035538468e-02 -7.707994088531e-01 1.107485449261e-03 9.812192162597e-03 -7.722280694842e-01 1.194177468304e-03 1.140847860644e-02
682 -7.744423630238e-01 1.545083482719e-03 1.909826374856e-02 -7.709663550854e-01 1.340796874854e-03 1.438189007694e-02 -7.727266212106e-01 1.100582384188e-03 9.690252675088e-03
683 -7.703924113512e-01 1.372910554872e-03 1.507906713343e-02 -7.730576707125e-01 1.284500017907e-03 1.319952236802e-02 -7.725116356015e-01 1.152145043251e-03 1.061950560550e-02
684 -7.722288891673e-01 1.076312134090e-03 9.267582479914e-03 -7.726584678888e-01 1.218475955916e-03 1.187746924117e-02 -7.725287663937e-01 1.166231773770e-03 1.088077240121e-02
685 -7.718789887428e-01 1.128730082144e-03 1.019225278669e-02 -7.716223500967e-01 1.220396478405e-03 1.191494051603e-02 -7.716949034929e-01 1.119019383408e-03 1.001763504353e-02
686 -7.695975252390e-01 9.312540566235e-04 6.937872943822e-03 -7.724510800838e-01 9.164590830198e-04 6.719178006796e-03 -7.727035765648e-01 1.236039792465e-03 1.222235494845e-02
687 -7.698735659719e-01 1.064291726084e-03 9.061735025689e-03 -7.713650861382e-01 1.303249701372e-03 1.358767827300e-02 -7.718052144051e-01 1.155139064561e-03 1.067477006780e-02
688 -7.703831083775e-01 1.103014902997e-03 9.733135009865e-03 -7.709266510606e-01 1.111363134046e-03 9.881024125733e-03 -7.699540962577e-01 1.038967219029e-03 8.635623057742e-03
689 -7.735525529385e-01 1.567779895201e-03 1.966347039837e-02 -7.738784476519e-01 1.187875225421e-03 1.128838040935e-02 -7.725749712586e-01 1.243898656711e-03 1.237827094534e-02
690 -7.708613389134e-01 1.103788037869e-03 9.746784260344e-03 -7.711805989146e-01 1.166397913065e-03 1.088387273282e-02 -7.732234950662e-01 1.156091936156e-03 1.069238851875e-02
691 -7.728700074553e-01 1.384852178067e-03 1.534252444078e-02 -7.714149154425e-01 1.171276484661e-03 1.097510882816e-02 -7.727923751473e-01 1.256100351462e-03 1.262230474355e-02
692 -7.717022392154e-01 1.105193873098e-03 9.771627977069e-03 -7.723149239421e-01 1.129791696056e-03 1.021143421182e-02 -7.715268830061e-01 1.179570394864e-03 1.113109053152e-02
693 -7.719013915658e-01 1.032029490199e-03 8.520678949125e-03 -7.739604113698e-01 1.191660967080e-03 1.136044688369e-02 -7.729512205124e-01 1.141493578424e-03 1.042406071666e-02
694 -7.692137883306e-01 1.177333430942e-03 1.108891206091e-02 -7.723805459738e-01 1.129536086461e-03 1.020681416494e-02 -7.728038243055e-01 1.165472480008e-03 1.086660881326e-02
695 -7.712137191892e-01 1.216563206117e-03 1.184020827581e-02 -7.732546205521e-01 1.248122796590e-03 1.246248412293e-02 -7.725338114500e-01 1.210764744202e-03 1.172761012642e-02
696 -7.741759631038e-01 1.424780825708e-03 1.624000321044e-02 -7.729495398402e-01 1.028963009257e-03 8.470118995355e-03 -7.710836718678e-01 1.138809075446e-03 1.037508888254e-02
697 -7.719756290317e-01 1.237970258251e-03 1.226056288252e-02 -7.715726103187e-01 1.055289902907e-03 8.909094233424e-03 -7.723562747240e-01 1.078878932873e-03 9.311838014384e-03
698 -7.723644579649e-01 1.358052714589e-03 1.475445740483e-02 -7.739696865082e-01 1.399457913251e-03 1.566785960769e-02 -7.716347530484e-01 1.060144424420e-03 8.991249605034e-03
699 -7.730683737993e-01 1.291924089558e-03 1.335254282544e-02 -7.737775822878e-01 1.271116370503e-03 1.292589461889e-02 -7.717549421191e-01 1.037836618116e-03 8.616838767218e-03
700 -7.706952841282e-01 1.199076383782e-03 1.150227339315e-02 -7.720003046393e-01 1.125203317802e-03 1.012866005115e-02 -7.707932908535e-01 1.224095826347e-03 1.198728473664e-02
701 -7.724400859475e-01 1.239270673616e-03 1.228633441987e-02 -7.723936311007e-01 1.143878102540e-03 1.046765690776e-02 -7.723443619013e-01 1.202757130637e-03 1.157299772238e-02
702 -7.695782806873e-01 9.818626184515e-04 7.712433612100e-03 -7.734876226187e-01 1.149635917534e-03 1.057330194308e-02 -7.739381026626e-01 1.047751639012e-03 8.782267976419e-03
703 -7.718530275226e-01 1.242165814656e-03 1.234380728879e-02 -7.750145525336e-01 1.429652059533e-03 1.635124009062e-02 -7.717302185893e-01 9.898610246116e-04 7.838598784361e-03
704 -7.720801073313e-01 1.155258107703e-03 1.067697036331e-02 -7.743341982961e-01 1.165642622996e-03 1.086978179636e-02 -7.716750271916e-01 9.918653674917e-04 7.870375257836e-03
705 -7.719408795834e-01 1.239798049590e-03 1.229679363013e-02 -7.733299180865e-01 1.157646115682e-03 1.072115623322e-02 -7.728443687558e-01 1.363699858185e-03 1.487741842571e-02
706 -7.716084631085e-01 1.103822413585e-03 9.747391365866e-03 -7.744372261167e-01 1.272782309743e-03 1.295979846395e-02 -7.701129339933e-01 1.019338032640e-03 8.312400198291e-03
707 -7.724593592286e-01 1.343533904039e-03 1.444066681042e-02 -7.707560389638e-01 9.810826233481e-04 7.700184910685e-03 -7.729474868774e-01 1.242983144246e-03 1.236005677503e-02
708 -7.708878810406e-01 1.154904929028e-03 1.067044316074e-02 -7.716345412135e-01 1.199822522446e-03 1.151659268296e-02 -7.713265998960e-01 1.399353814576e-03 1.566552878695e-02
709 -7.710167695880e-01 1.292025136078e-03 1.335463161806e-02 -7.707505619526e-01 1.128273667792e-03 1.018401175546e-02 -7.747226661444e-01 1.269140228005e-03 1.288573534673e-02
710 -7.714574070573e-01 1.439430543736e-03 1.657568232193e-02 -7.708305271864e-01 9.501179584527e-04 7.221793079795e-03 -7.718380743861e-01 1.088800978724e-03 9.483900570168e-03
711 -7.740505366921e-01 1.318023152907e-03 1.389748025280e-02 -7.723097198606e-01 1.416318609149e-03 1.604766722098e-02 -7.717872685194e-01 1.399463238570e-03 1.566797884886e-02
712 -7.717111597061e-01 1.176045845939e-03 1.106467065401e-02 -7.742004676461e-01 1.359997331530e-03 1.479674193414e-02 -7.727947996855e-01 1.156351898882e-03 1.069719771239e-02
713 -7.704943174124e-01 1.014539920552e-03 8.234330003155e-03 -7.737578114271e-01 1.270597459636e-03 1.291534323546e-02 -7.712826263905e-01 1.154610571997e-03 1.066500458373e-02
714 -7.731341766715e-01 1.131800506398e-03 1.024777909027e-02 -7.719888153076e-01 1.120253866241e-03 1.003974979863e-02 -7.720676265955e-01 1.089130958971e-03 9.489649966311e-03
715 -7.712342885733e-01 1.186247124319e-03 1.125745791964e-02 -7.735974840522e-01 1.164734224068e-03 1.085284650172e-02 -7.738259286284e-01 1.306885668618e-03 1.366360120672e-02
716 -7.729184715748e-01 1.360223522684e-03 1.480166425331e-02 -7.720578702688e-01 9.832348942572e-04 7.734006858279e-03 -7.750438812971e-01 1.245468073931e-03 1.240952578546e-02
717 -7.709733063579e-01 1.126459574535e-03 1.015128938450e-02 -7.733918958902e-01 1.185888401101e-03 1.125065039892e-02 -7.718153622746e-01 1.231866873954e-03 1.213996796116e-02
718 -7.730617094636e-01 1.375052485730e-03 1.512615470810e-02 -7.726729397774e-01 1.214892947164e-03 1.180771898456e-02 -7.726264963746e-01 1.223368372629e-03 1.197304140118e-02
719 -7.726210190654e-01 1.236744930159e-03 1.223630417819e-02 -7.726609838605e-01 1.116996893977e-03 9.981456489243e-03 -7.734948795438e-01 1.281292173257e-03 1.313367706600e-02
720 -7.732640591860e-01 1.311376920888e-03 1.375767542910e-02 -7.710905612111e-01 1.163313280300e-03 1.082638230499e-02 -7.728370474577e-01 1.125680498965e-03 1.013725268600e-02
721 -7.734142904282e-01 1.385516904612e-03 1.535725674373e-02 -7.741546899676e-01 1.427168366067e-03 1.629447636083e-02 -7.719107050300e-01 1.119904024545e-03 1.003348019354e-02
722 -7.719920231700e-01 1.109339261636e-03 9.845068779260e-03 -7.757149688005e-01 1.278381475255e-03 1.307407357021e-02 -7.727328267694e-01 1.081519843647e-03 9.357481377609e-03
723 -7.720180127621e-01 1.135933572194e-03 1.032276064350e-02 -7.712181496620e-01 1.082564846629e-03 9.375573177252e-03 -7.711467417479e-01 1.230150555345e-03 1.210616311052e-02
724 -7.707990670800e-01 1.214466605913e-03 1.179943309503e-02 -7.731483922601e-01 1.155493965729e-03 1.068133043870e-02 -7.750469860435e-01 1.327808367488e-03 1.410460048618e-02
725 -7.703279308677e-01 1.239709753136e-03 1.229504217616e-02 -7.742436578274e-01 1.119397198488e-03 1.002440070386e-02 -7.742182415724e-01 1.231665732173e-03 1.213600380648e-02
726 -7.725105776191e-01 1.288522277672e-03 1.328231728046e-02 -7.705228776932e-01 1.192911791597e-03 1.138430834026e-02 -7.729145727754e-01 1.127865832240e-03 1.017665068427e-02
727 -7.725746905804e-01 1.190009307413e-03 1.132897721384e-02 -7.718073064089e-01 1.076021287365e-03 9.262574486899e-03 -7.725569443107e-01 1.165542303920e-03 1.086791089782e-02
728 -7.718687361479e-01 1.360481165641e-03 1.480727201652e-02 -7.707444231510e-01 1.036857924482e-03 8.600594844488e-03 -7.722123141885e-01 1.114560171025e-03 9.937954998677e-03
729 -7.739818510413e-01 1.191690523864e-03 1.136101043734e-02 -7.729759134650e-01 1.290714842420e-03 1.332755843554e-02 -7.731529974341e-01 1.263501996853e-03 1.277149836842e-02
730 -7.723604519367e-01 1.291513851571e-03 1.334406423040e-02 -7.724957001805e-01 1.260468475557e-03 1.271024622298e-02 -7.729451828003e-01 1.088091712796e-03 9.471548603647e-03
731 -7.718757085204e-01 1.162378098463e-03 1.080898275030e-02 -7.728744028807e-01 1.200345406976e-03 1.152663276838e-02 -7.717189955711e-01 1.198066074299e-03 1.148289854710e-02
732 -7.713156375885e-01 1.045665354167e-03 8.747328263241e-03 -7.747304313779e-01 1.232552082054e-03 1.215347707980e-02 -7.732758601904e-01 1.175742519689e-03 1.105896378083e-02
733 -7.705446657538e-01 1.199387367823e-03 1.150824046475e-02 -7.712570675611e-01 1.061831087354e-03 9.019882064576e-03 -7.712201307416e-01 1.120076840045e-03 1.003657702084e-02
734 -7.716914742589e-01 1.222011210235e-03 1.194649118353e-02 -7.725874585509e-01 1.165113642724e-03 1.085991840370e-02 -7.726533926129e-01 1.129414296889e-03 1.020461323213e-02
735 -7.723732773066e-01 1.396810211072e-03 1.560863012603e-02 -7.720244731307e-01 1.162982892649e-03 1.082023366875e-02 -7.737441943884e-01 1.367014196305e-03 1.494982250320e-02
736 -7.697874953151e-01 1.076055129525e-03 9.263157134222e-03 -7.730815531015e-01 1.192780974135e-03 1.138181161807e-02 -7.722258692980e-01 1.046957676828e-03 8.768963016555e-03
737 -7.734270744920e-01 1.161111852052e-03 1.078544586381e-02 -7.732130210400e-01 1.086794296256e-03 9.448974738989e-03 -7.714212910533e-01 1.103680313623e-03 9.744881877433e-03
738 -7.724260285497e-01 1.098090324629e-03 9.646418888349e-03 -7.728748485446e-01 1.206721660932e-03 1.164941733570e-02 -7.715317866802e-01 1.382995045460e-03 1.530140236613e-02
739 -7.733661606908e-01 1.400237730056e-03 1.568532560538e-02 -7.713786845207e-01 1.059498744240e-03 8.980300712369e-03 -7.711678739190e-01 1.079676558861e-03 9.325611774033e-03
740 -7.712575442791e-01 9.941106771004e-04 7.906048306600e-03 -7.723668074012e-01 1.002901039154e-03 8.046483954696e-03 -7.733772766590e-01 1.228993265601e-03 1.208339557514e-02
741 -7.748955128193e-01 1.273214420680e-03 1.296859968821e-02 -7.719780580997e-01 1.127622303788e-03 1.017225648000e-02 -7.713930987716e-01 1.076407243834e-03 9.269220436618e-03
742 -7.714569377899e-01 1.422360549646e-03 1.618487626552e-02 -7.713150645494e-01 1.187144982993e-03 1.127450568517e-02 -7.719058509469e-01 1.055306415202e-03 8.909373039730e-03
743 -7.728137829304e-01 1.164191603376e-03 1.084273671496e-02 -7.707345474958e-01 1.115200098150e-03 9.949370071315e-03 -7.716501252055e-01 1.207738939379e-03 1.166906676554e-02
744 -7.717349081635e-01 1.114618175262e-03 9.938989412998e-03 -7.729775720239e-01 1.543564830600e-03 1.906073909013e-02 -7.727269602418e-01 1.303483403081e-03 1.359255185687e-02
745 -7.697558131814e-01 1.167828861193e-03 1.091059399228e-02 -7.732750753164e-01 1.216699390521e-03 1.184285925516e-02 -7.742828853130e-01 1.344188841650e-03 1.445474913614e-02
746 -7.718368275762e-01 1.182407323654e-03 1.118469663225e-02 -7.753136593103e-01 1.256908068302e-03 1.263854313730e-02 -7.718327780962e-01 1.012783939770e-03 8.205850469249e-03
747 -7.728368492723e-01 1.167013540977e-03 1.089536483858e-02 -7.706158860922e-01 1.075400655692e-03 9.251892562105e-03 -7.713308087587e-01 1.114067250154e-03 9.929166702924e-03
748 -7.733176999092e-01 1.381161637076e-03 1.526085974185e-02 -7.744707993269e-01 1.243061612019e-03 1.236161737020e-02 -7.734740341306e-01 1.170832954953e-03 1.096679846722e-02
749 -7.737011134624e-01 1.307043131685e-03 1.366689398469e-02 -7.726400938034e-01 1.068738679692e-03 9.137618923751e-03 -7.735070928335e-01 1.199811333695e-03 1.151637789170e-02
750 -7.720129888654e-01 1.105131555789e-03 9.770526044803e-03 -7.748752444386e-01 1.379162743216e-03 1.521671897820e-02 -7.739986077547e-01 1.240872349176e-03 1.231811349561e-02
751 -7.728527130485e-01 9.303456447550e-04 6.924344149716e-03 -7.741308286190e-01 1.264994589158e-03 1.280169048479e-02 -7.735367166996e-01 1.338135862965e-03 1.432486070203e-02
752 -7.708619046807e-01 1.123510112052e-03 1.009819977506e-02 -7.718949177861e-01 1.041818471600e-03 8.683085822129e-03 -7.715600469708e-01 1.139830240500e-03 1.039370381726e-02
753 -7.728727614880e-01 1.320128207461e-03 1.394190787306e-02 -7.738055610061e-01 1.164772582230e-03 1.085356134651e-02 -7.721030610204e-01 1.257236184149e-03 1.264514258187e-02
754 -7.743815842271e-01 1.404303163777e-03 1.577653900636e-02 -7.709854127765e-01 1.188072935330e-03 1.129213839731e-02 -7.717633926868e-01 9.946031564496e-04 7.913883510556e-03
755 -7.715919511914e-01 1.035270325414e-03 8.574277173460e-03 -7.727468281388e-01 1.096213625218e-03 9.613474496906e-03 -7.721052159667e-01 1.126598767247e-03 1.015379825890e-02
756 -7.740364488363e-01 1.204606028416e-03 1.160860546956e-02 -7.721351837516e-01 1.184517237224e-03 1.122464868224e-02 -7.696442907453e-01 1.012012448561e-03 8.193353568344e-03
757 -7.728234016895e-01 1.413962846233e-03 1.599432744422e-02 -7.718764885068e-01 1.032843973174e-03 8.534133383377e-03 -7.733850952387e-01 1.551034213374e-03 1.924565704846e-02
758 -7.718066657186e-01 1.174405287916e-03 1.103382224227e-02 -7.723689339161e-01 1.079446999505e-03 9.321646597923e-03 -7.704059765935e-01 1.126477858737e-03 1.015161892980e-02
759 -7.744908841252e-01 1.305926840179e-03 1.364355929519e-02 -7.715318381786e-01 1.248963687352e-03 1.247928233859e-02 -7.724755710959e-01 1.181503535386e-03 1.116760483304e-02
760 -7.724348453283e-01 1.086409895469e-03 9.442291687784e-03 -7.741732293367e-01 1.213500992913e-03 1.178067727841e-02 -7.716252233982e-01 1.175321915141e-03 1.105105283368e-02
761 -7.722586246133e-01 1.251426660069e-03 1.252854948426e-02 -7.729911647439e-01 1.132455623321e-03 1.025964591034e-02 -7.732209162116e-01 1.133861107519e-03 1.028512808916e-02
762 -7.735370754600e-01 1.115671435588e-03 9.957782017489e-03 -7.734899652004e-01 1.235623311444e-03 1.221411974227e-02 -7.729195798635e-01 1.235786790066e-03 1.221735192401e-02
763 -7.718267769217e-01 1.277758274319e-03 1.306132966073e-02 -7.705305614471e-01 1.086658279580e-03 9.446609732646e-03 -7.738806461692e-01 1.194762790772e-03 1.141966500971e-02
764 -7.718313727975e-01 1.375099465761e-03 1.512718832590e-02 -7.717550628185e-01 1.136077838659e-03 1.032538284394e-02 -7.702353041172e-01 1.094472805651e-03 9.582965778485e-03
765 -7.715605083108e-01 1.427362549101e-03 1.629891077261e-02 -7.730423451066e-01 1.115323306251e-03 9.951568619735e-03 -7.729382196069e-01 1.198871229936e-03 1.149833780774e-02
766 -7.703762018085e-01 1.227199443748e-03 1.204814779789e-02 -7.715015705228e-01 1.141180395059e-03 1.041834155254e-02 -7.729645802379e-01 1.207822307956e-03 1.167067782077e-02
767 -7.737786490321e-01 1.195176817250e-03 1.142758099594e-02 -7.733969524503e-01 1.392475722862e-03 1.551190911009e-02 -7.705143939257e-01 1.006812677202e-03 8.109374135791e-03
768 -7.715092324615e-01 1.190707476505e-03 1.134227435684e-02 -7.729543411136e-01 1.273307022412e-03 1.297048618660e-02 -7.698324203491e-01 9.740381729155e-04 7.590002898372e-03
769 -7.709976955056e-01 1.019731411689e-03 8.318817215886e-03 -7.732545245290e-01 1.009866694190e-03 8.158645920274e-03 -7.714360477328e-01 1.060585111147e-03 8.998726223887e-03
770 -7.702342606783e-01 1.212678224317e-03 1.176470780585e-02 -7.726157864332e-01 1.130366733662e-03 1.022183162055e-02 -7.723567248583e-01 1.470609229503e-03 1.730153204721e-02
771 -7.728831182122e-01 1.284249151299e-03 1.319436706089e-02 -7.711812329888e-01 9.400128410882e-04 7.068993131286e-03 -7.725123519897e-01 1.031785110724e-03 8.516644117694e-03
772 -7.734510828257e-01 1.195728988027e-03 1.143814250246e-02 -7.748437392116e-01 1.325931073893e-03 1.406474570172e-02 -7.718937931657e-01 1.077957850317e-03 9.295945016488e-03
773 -7.714585239291e-01 1.213059302907e-03 1.177210297896e-02 -7.735906817913e-01 1.208415045076e-03 1.168213536933e-02 -7.721429702044e-01 1.162316408578e-03 1.080783546920e-02
774 -7.719922553897e-01 1.149337932278e-03 1.056782146058e-02 -7.737413499355e-01 1.061643586739e-03 9.016696842104e-03 -7.715736302733e-01 1.050290360663e-03 8.824878733615e-03
775 -7.708123898506e-01 1.086633764671e-03 9.446183508186e-03 -7.733800364137e-01 1.192311131128e-03 1.137284666729e-02 -7.735442500710e-01 1.153008629977e-03 1.063543120642e-02
776 -7.707653753161e-01 1.246274710335e-03 1.242560522897e-02 -7.740562275052e-01 1.147527538933e-03 1.053455562088e-02 -7.712427091002e-01 1.169323977356e-03 1.093854851216e-02
777 -7.723726565838e-01 1.265325397720e-03 1.280838689692e-02 -7.716195434928e-01 1.177232585039e-03 1.108701247421e-02 -7.725878759027e-01 1.241145697412e-03 1.232354113764e-02
778 -7.737666490078e-01 1.542735985116e-03 1.904027455817e-02 -7.724192039967e-01 1.018859772787e-03 8.304601892831e-03 -7.725008761287e-01 1.403063736721e-03 1.574870279441e-02
779 -7.731569311619e-01 1.164678193745e-03 1.085180235988e-02 -7.708676221371e-01 1.106724989305e-03 9.798721615618e-03 -7.723255470395e-01 1.159491444916e-03 1.075536328666e-02
780 -7.710716053247e-01 1.343291738073e-03 1.443546154860e-02 -7.732365941405e-01 1.203079260463e-03 1.157919765565e-02 -7.745576408505e-01 1.249590297219e-03 1.249180728724e-02
781 -7.714707521796e-01 1.049658610508e-03 8.814265588909e-03 -7.716836200356e-01 1.132638089305e-03 1.026295233076e-02 -7.721629507542e-01 1.095639387764e-03 9.603405344154e-03
782 -7.726521329880e-01 1.144819192835e-03 1.048488787426e-02 -7.707510801554e-01 8.795620491679e-04 6.189035186692e-03 -7.724203707576e-01 1.417508721107e-03 1.607464779532e-02
783 -7.723263709545e-01 1.260171158741e-03 1.270425079459e-02 -7.723079541326e-01 1.217680717992e-03 1.186197064776e-02 -7.727290604115e-01 1.195934012969e-03 1.144206530701e-02
784 -7.727106967568e-01 1.264000086487e-03 1.278156974911e-02 -7.723502520919e-01 1.274042994734e-03 1.298548441946e-02 -7.699047502875e-01 1.113193193115e-03 9.913592681573e-03
785 -7.709599247575e-01 1.059248385650e-03 8.976057140023e-03 -7.735167764425e-01 1.373762316404e-03 1.509778321577e-02 -7.717234877348e-01 1.036556599234e-03 8.595596667326e-03
786 -7.712795301676e-01 1.129077976882e-03 1.019853662305e-02 -7.733221811652e-01 1.006794449350e-03 8.109080505935e-03 -7.705050181746e-01 1.153708063647e-03 1.064833836899e-02
787 -7.717336830497e-01 1.127861393866e-03 1.017657059019e-02 -7.731048609018e-01 1.160083844576e-03 1.076635621157e-02 -7.733378995657e-01 1.322360110490e-03 1.398909009453e-02
788 -7.730625755787e-01 1.157705176982e-03 1.072225021449e-02 -7.715501393080e-01 1.307357215775e-03 1.367346311711e-02 -7.710174826980e-01 1.083094438971e-03 9.384748509832e-03
789 -7.717410145402e-01 1.088325839729e-03 9.475625067367e-03 -7.725665685534e-01 9.963409432633e-04 7.941562201783e-03 -7.714126790762e-01 1.213258156376e-03 1.177596283210e-02
790 -7.702044606209e-01 1.043747706067e-03 8.715274191367e-03 -7.729581701756e-01 1.244668594718e-03 1.239359928542e-02 -7.744129877687e-01 1.320460253196e-03 1.394892224216e-02
791 -7.725950790644e-01 1.602565539798e-03 2.054573047479e-02 -7.711255254149e-01 1.138826148419e-03 1.037539997059e-02 -7.715488236547e-01 1.149834456529e-03 1.057695421937e-02
792 -7.712010812759e-01 1.274453987615e-03 1.299386373239e-02 -7.733522583842e-01 1.271784662901e-03 1.293948983033e-02 -7.723802911043e-01 1.019857588302e-03 8.320876003343e-03
793 -7.730975738168e-01 1.309098927515e-03 1.370992001616e-02 -7.712860033512e-01 1.043008074658e-03 8.702926750417e-03 -7.743971096277e-01 1.209734037598e-03 1.170765153378e-02
794 -7.715530028939e-01 1.016438830406e-03 8.265183167656e-03 -7.739958319664e-01 1.256647396871e-03 1.263330144051e-02 -7.709304914474e-01 1.085768685311e-03 9.431149104022e-03
795 -7.726209720373e-01 1.118946327924e-03 1.001632707820e-02 -7.716365645528e-01 1.282315339437e-03 1.315466103804e-02 -7.727000744939e-01 1.078425630796e-03 9.304014729256e-03
796 -7.740958357453e-01 1.206353534627e-03 1.164231080405e-02 -7.728371839523e-01 1.189978223816e-03 1.132838538525e-02 -7.727835058570e-01 1.221353732860e-03 1.193363952617e-02
797 -7.710605059266e-01 1.104899769275e-03 9.766428001159e-03 -7.705791059732e-01 9.884109893211e-04 7.815650270485e-03 -7.714344580770e-01 9.210867652435e-04 6.787206632854e-03
798 -7.699427772164e-01 1.054163004436e-03 8.890077119365e-03 -7.720706508756e-01 1.021503689920e-03 8.347758308155e-03 -7.723495942950e-01 1.341044962483e-03 1.438721273121e-02
799 -7.713549541831e-01 1.308346288062e-03 1.369416007589e-02 -7.704564939737e-01 9.319646089862e-04 6.948464259222e-03 -7.736189095378e-01 1.248516060405e-03 1.247033882472e-02
800 -7.748411131501e-01 1.505423310848e-03 1.813039475875e-02 -7.720284729600e-01 1.223186120199e-03 1.196947427718e-02 -7.700058852434e-01 1.144917664654e-03 1.048669167070e-02
801 -7.714703645706e-01 1.074748692956e-03 9.240678024084e-03 -7.743024391532e-01 1.355879174954e-03 1.470726669659e-02 -7.706420180798e-01 1.068709601672e-03 9.137121701652e-03
802 -7.725400518775e-01 1.261686486554e-03 1.273482232283e-02 -7.705196223855e-01 1.018805826326e-03 8.303722494052e-03 -7.724988730550e-01 1.370328643494e-03 1.502240472943e-02
803 -7.721190652847e-01 1.159393664163e-03 1.075354934802e-02 -7.724855358601e-01 1.095196962397e-03 9.595651091551e-03 -7.726933971643e-01 1.185267354141e-03 1.123886960634e-02
804 -7.709314589500e-01 1.037623956369e-03 8.613307798647e-03 -7.723320227265e-01 1.036174146663e-03 8.589254897704e-03 -7.712330896258e-01 1.072472059161e-03 9.201570541447e-03
805 -7.726355329752e-01 1.216600680396e-03 1.184093772432e-02 -7.733501862288e-01 1.135568909513e-03 1.031613398602e-02 -7.749658448100e-01 1.544618763362e-03 1.908677699305e-02
806 -7.722332347631e-01 1.178392368035e-03 1.110886858435e-02 -7.729261797667e-01 1.091577516178e-03 9.532331790595e-03 -7.714294233322e-01 1.156621753851e-03 1.070219105186e-02
807 -7.715640300512e-01 1.075651290728e-03 9.256205593965e-03 -7.733373193741e-01 1.302529833957e-03 1.357267174679e-02 -7.711442705989e-01 1.175141166311e-03 1.104765408607e-02
808 -7.726891731620e-01 1.256744733214e-03 1.263525859570e-02 -7.701733180285e-01 9.317347929876e-04 6.945037795710e-03 -7.729008657336e-01 1.162522326969e-03 1.081166528561e-02
809 -7.726438496113e-01 1.184922161409e-03 1.123232422879e-02 -7.716531722546e-01 1.204622351021e-03 1.160892006863e-02 -7.725985371470e-01 1.155411590851e-03 1.067980755419e-02
810 -7.718370525241e-01 1.206156168744e-03 1.163850162719e-02 -7.749210129976e-01 1.526873271967e-03 1.865073590919e-02 -7.738465612531e-01 1.201395593916e-03 1.154681098464e-02
811 -7.709644078016e-01 1.292509944267e-03 1.336465564823e-02 -7.757799093127e-01 1.351734727105e-03 1.461749417969e-02 -7.728227873445e-01 1.167820942673e-03 1.091044603317e-02
812 -7.711877734661e-01 1.123796725466e-03 1.010335264134e-02 -7.708943594694e-01 1.046579549307e-03 8.762630024221e-03 -7.740489435196e-01 1.266216218278e-03 1.282642809144e-02
813 -7.725673441887e-01 1.241878049702e-03 1.233808872265e-02 -7.726846587062e-01 1.196270344189e-03 1.144850189109e-02 -7.737435231209e-01 1.317608405399e-03 1.388873527983e-02
814 -7.713929698467e-01 1.099943820061e-03 9.679011258326e-03 -7.728594137430e-01 1.086251839575e-03 9.439544471844e-03 -7.706071836352e-01 1.169941492827e-03 1.095010477310e-02
815 -7.711024193168e-01 1.075479373284e-03 9.253247058880e-03 -7.722450170517e-01 1.077991460069e-03 9.296524703858e-03 -7.735818186402e-01 1.139954855779e-03 1.039597658572e-02
816 -7.715346803069e-01 1.077571667929e-03 9.289285596181e-03 -7.732299130559e-01 1.340520438238e-03 1.437596036268e-02 -7.729461893439e-01 1.096815607831e-03 9.624035820658e-03
817 -7.704604711533e-01 1.144408091218e-03 1.047735903397e-02 -7.728387686014e-01 1.227951710371e-03 1.206292322402e-02 -7.719357043505e-01 1.226351051277e-03 1.203149520775e-02
818 -7.728368510604e-01 1.095256550690e-03 9.596695294631e-03 -7.730867549777e-01 1.126462877587e-03 1.015134891665e-02 -7.724421948195e-01 1.209369786232e-03 1.170060223881e-02
819 -7.716635431647e-01 1.227400073817e-03 1.205208752966e-02 -7.735008505583e-01 1.288222482262e-03 1.327613731044e-02 -7.730957622528e-01 1.296604146938e-03 1.344945851085e-02
820 -7.718993707895e-01 1.190825917030e-03 1.134453091737e-02 -7.735100041628e-01 1.067678970421e-03 9.119507071030e-03 -7.731533635259e-01 1.220264513293e-03 1.191236385921e-02
821 -7.729277082086e-01 1.267549273959e-03 1.285344929531e-02 -7.732316915989e-01 1.232682647351e-03 1.215605207265e-02 -7.706571565866e-01 1.154447609841e-03 1.066199427095e-02
822 -7.733966202736e-01 1.456044486835e-03 1.696052438113e-02 -7.720991209745e-01 1.030688836109e-03 8.498555815045e-03 -7.745491661429e-01 1.284965050578e-03 1.320908144965e-02
823 -7.716498274803e-01 1.247351293092e-03 1.244708198702e-02 -7.742099928856e-01 1.347613054744e-03 1.452848756254e-02 -7.747793982029e-01 1.245400651090e-03 1.240818225388e-02
824 -7.720206054449e-01 1.056615675746e-03 8.931493489857e-03 -7.735898569226e-01 1.224213478895e-03 1.198958913527e-02 -7.709113469124e-01 1.113165677324e-03 9.913102601386e-03
825 -7.729601719975e-01 1.224651842290e-03 1.199817707860e-02 -7.718847964406e-01 1.124185384904e-03 1.011034223705e-02 -7.737521165013e-01 1.111295353790e-03 9.879818906842e-03
826 -7.732267757654e-01 1.273276661436e-03 1.296986765245e-02 -7.742571828365e-01 1.318770580038e-03 1.391324674220e-02 -7.740159279704e-01 1.276978473858e-03 1.304539218157e-02
827 -7.730486407280e-01 1.096122500999e-03 9.611876297576e-03 -7.744567832351e-01 1.277878526746e-03 1.306378823294e-02 -7.719985882044e-01 1.110607963361e-03 9.867600386248e-03
828 -7.720001031160e-01 1.055552387566e-03 8.913526743178e-03 -7.726734352708e-01 1.179487784681e-03 1.112953147369e-02 -7.722010515928e-01 1.135049998713e-03 1.030670799662e-02
829 -7.743021930456e-01 1.333085114088e-03 1.421692737122e-02 -7.728655791283e-01 1.032822371659e-03 8.533776411193e-03 -7.722021769881e-01 1.177078034527e-03 1.108410159492e-02
830 -7.712941798568e-01 1.276323907418e-03 1.303202173318e-02 -7.717019985318e-01 1.046846561047e-03 8.767101779014e-03 -7.742705554366e-01 1.305486533737e-03 1.363436071814e-02
831 -7.707392546535e-01 1.185314020542e-03 1.123975461835e-02 -7.736083049774e-01 1.425498209309e-03 1.625636115795e-02 -7.738043460846e-01 1.228580941814e-03 1.207528904471e-02
832 -7.718690893054e-01 1.119735962302e-03 1.003046900218e-02 -7.727430588603e-01 1.189598536031e-03 1.132115741541e-02 -7.720050891638e-01 1.178983226831e-03 1.112001159319e-02
833 -7.703486818671e-01 1.132309901852e-03 1.025700571066e-02 -7.721020632982e-01 1.142810276469e-03 1.044812262403e-02 -7.737673534751e-01 1.147400056418e-03 1.053221511575e-02
834 -7.732873721123e-01 1.339762690565e-03 1.435971253624e-02 -7.739475956559e-01 1.314031788122e-03 1.381343632156e-02 -7.732643859982e-01 1.155328045417e-03 1.067826314021e-02
835 -7.715645188093e-01 1.269155689590e-03 1.288604931534e-02 -7.715076271892e-01 1.001656551769e-03 8.026526781615e-03 -7.720045832396e-01 1.196392468330e-03 1.145083950622e-02
836 -7.746254602671e-01 1.319984594336e-03 1.393887463427e-02 -7.728989056945e-01 1.188934488018e-03 1.130852173439e-02 -7.725297362208e-01 1.037834862192e-03 8.616809609457e-03
837 -7.728870419264e-01 1.203131610711e-03 1.158020538154e-02 -7.724263538122e-01 1.022405185579e-03 8.362498907983e-03 -7.706759772301e-01 1.107547383780e-03 9.813289658536e-03
838 -7.713351268768e-01 1.233491256839e-03 1.217200544559e-02 -7.728132102489e-01 1.294020092812e-03 1.339590400481e-02 -7.718282454610e-01 1.301387440675e-03 1.354887416598e-02
839 -7.723751769662e-01 1.116083272836e-03 9.965134975239e-03 -7.727051848769e-01 1.162202319929e-03 1.080571385958e-02 -7.704444902539e-01 1.194687714803e-03 1.141822988720e-02
840 -7.714088808298e-01 1.258057596179e-03 1.266167132242e-02 -7.709306985736e-01 1.109099947516e-03 9.840821548648e-03 -7.728479662538e-01 1.155445732478e-03 1.068043872561e-02
841 -7.717452918887e-01 1.129908296617e-03 1.021354207011e-02 -7.739834686518e-01 1.098667257709e-03 9.656557945299e-03 -7.702181823850e-01 1.077138780016e-03 9.281823611309e-03
842 -7.717304177284e-01 1.378446105350e-03 1.520090932283e-02 -7.716679215431e-01 1.259489095960e-03 1.269050226273e-02 -7.723456392884e-01 1.078237777933e-03 9.300773646093e-03
843 -7.719939478040e-01 1.112027662879e-03 9.892844184063e-03 -7.713856027722e-01 9.659252627180e-04 7.464092905255e-03 -7.733859725595e-01 1.358362922653e-03 1.476119863711e-02
844 -7.709258557558e-01 1.144871468335e-03 1.048584543207e-02 -7.728201557994e-01 1.262899631897e-03 1.275932384197e-02 -7.723151409626e-01 1.281674464956e-03 1.314151547297e-02
845 -7.709738612771e-01 1.011885681639e-03 8.191301061641e-03 -7.722532713413e-01 9.698524598586e-04 7.524910351151e-03 -7.721764500141e-01 1.244923335627e-03 1.239867289272e-02
846 -7.710117278695e-01 9.754188220125e-04 7.611535026689e-03 -7.740801646113e-01 1.239295502993e-03 1.228682674991e-02 -7.712738493681e-01 1.061227924115e-03 9.009637655369e-03
847 -7.703482594490e-01 1.134601678487e-03 1.029856775061e-02 -7.735474120975e-01 1.122769895745e-03 1.008489791032e-02 -7.727439453006e-01 1.235520591524e-03 1.221208905663e-02
848 -7.741943320036e-01 1.304721302504e-03 1.361838141766e-02 -7.734385145903e-01 1.163352672878e-03 1.082711553194e-02 -7.718190377951e-01 1.191500143188e-03 1.135738072974e-02
849 -7.699513992071e-01 1.176165640420e-03 1.106692490965e-02 -7.728610332012e-01 1.086672638208e-03 9.446859381043e-03 -7.736182782650e-01 1.333730015552e-03 1.423068603508e-02
850 -7.734481638074e-01 1.276724354629e-03 1.304020062162e-02 -7.734999356270e-01 1.221482522281e-03 1.193615641790e-02 -7.721645501852e-01 1.167044400698e-03 1.089594106560e-02
851 -7.725085387230e-01 1.137629000295e-03 1.035359793849e-02 -7.739344146848e-01 1.267933252966e-03 1.286123787181e-02 -7.724581427574e-01 1.151056821342e-03 1.059945444766e-02
852 -7.726971490979e-01 1.189925860101e-03 1.132738842031e-02 -7.731447303891e-01 1.201926929129e-03 1.155702674373e-02 -7.722625280619e-01 1.115220462191e-03 9.949733434325e-03
853 -7.727266929150e-01 1.295834723538e-03 1.343350104582e-02 -7.722915108204e-01 1.227461710962e-03 1.205329801502e-02 -7.700368440747e-01 1.099702295109e-03 9.674761102946e-03
854 -7.729271167517e-01 1.106033246242e-03 9.786476334347e-03 -7.726829855442e-01 1.118412468940e-03 1.000677160545e-02 -7.741548597217e-01 1.164116988631e-03 1.084134690576e-02
855 -7.720862188935e-01 1.128606362397e-03 1.019001856994e-02 -7.712204930782e-01 1.132804493374e-03 1.026596816166e-02 -7.737304704785e-01 1.391631603698e-03 1.549310816329e-02
856 -7.722989437580e-01 1.009485171420e-03 8.152482490535e-03 -7.739698952436e-01 1.314635056482e-03 1.382612265386e-02 -7.730221094489e-01 1.217604655799e-03 1.186048878258e-02
857 -7.724823911786e-01 1.367270054588e-03 1.495541921738e-02 -7.712293922901e-01 1.080533181706e-03 9.340415654133e-03 -7.714691457748e-01 1.117077367981e-03 9.982894768441e-03
858 -7.735058519244e-01 1.335492372581e-03 1.426831901778e-02 -7.729912205338e-01 1.060428633613e-03 8.996071095898e-03 -7.727616606355e-01 1.053093186402e-03 8.872042073975e-03
859 -7.727716997266e-01 1.294546491861e-03 1.340680495673e-02 -7.730410959125e-01 1.150541462318e-03 1.058996525211e-02 -7.724075229764e-01 1.241785960865e-03 1.233625898081e-02
860 -7.720521335006e-01 1.130516622364e-03 1.022454266754e-02 -7.722981170416e-01 1.102641590606e-03 9.726547818675e-03 -7.739700388312e-01 1.222269035611e-03 1.195153276330e-02
861 -7.727734041214e-01 1.180558190054e-03 1.114974112082e-02 -7.726657557487e-01 1.346604197247e-03 1.450674291235e-02 -7.708151697516e-01 1.120909574177e-03 1.005150618786e-02
862 -7.726713681221e-01 1.146038170794e-03 1.050722791134e-02 -7.718515599966e-01 1.037086612245e-03 8.604389130383e-03 -7.730838536620e-01 1.298283743150e-03 1.348432542182e-02
863 -7.729972741008e-01 1.182609577889e-03 1.118852330971e-02 -7.706779590845e-01 1.083296793311e-03 9.388255539178e-03 -7.716267894506e-01 1.158647028263e-03 1.073970348882e-02
864 -7.732019873857e-01 1.122805643867e-03 1.008554011119e-02 -7.736286404133e-01 1.232276764311e-03 1.214804819090e-02 -7.729347799420e-01 1.115766345282e-03 9.959476298108e-03
865 -7.715772269368e-01 1.124003581259e-03 1.010707240546e-02 -7.742362214923e-01 1.124306441104e-03 1.011251978805e-02 -7.708811491728e-01 1.059160749280e-03 8.974571942516e-03
866 -7.716121946573e-01 1.305149464908e-03 1.362732100600e-02 -7.736675362587e-01 1.194131578521e-03 1.140760181457e-02 -7.722689413428e-01 1.341396951072e-03 1.439476624275e-02
867 -7.723445749879e-01 1.205522388688e-03 1.162627383703e-02 -7.724673213363e-01 1.064484936248e-03 9.065025435997e-03 -7.705103403330e-01 1.143758582133e-03 1.046546955363e-02
868 -7.742210130095e-01 1.469470702923e-03 1.727475317399e-02 -7.727129154205e-01 1.123771796069e-03 1.010290439712e-02 -7.732978541255e-01 1.179596305667e-03 1.113157955474e-02
869 -7.696929222345e-01 1.038486892888e-03 8.627640213606e-03 -7.712597499490e-01 1.242518261594e-03 1.235081304315e-02 -7.728606295586e-01 1.068721736531e-03 9.137329201075e-03
870 -7.698498890996e-01 1.030158844908e-03 8.489817965939e-03 -7.732529119849e-01 1.205117817100e-03 1.161847162473e-02 -7.759239801764e-01 1.443759559279e-03 1.667553332007e-02
871 -7.736448543072e-01 1.279796810684e-03 1.310303901309e-02 -7.721833888292e-01 1.069537320338e-03 9.151280636759e-03 -7.711331171989e-01 1.148089629430e-03 1.054487837763e-02
872 -7.696121026874e-01 1.110513193662e-03 9.865916426375e-03 -7.719928215742e-01 1.277075329506e-03 1.304737117785e-02 -7.721926028132e-01 1.143404970598e-03 1.045899941431e-02
873 -7.732173358798e-01 1.178967300913e-03 1.111971117299e-02 -7.730534655452e-01 1.068061500989e-03 9.126042959164e-03 -7.711336227655e-01 1.139712224340e-03 1.039155163448e-02
874 -7.711596971154e-01 1.344769518398e-03 1.446724046089e-02 -7.728204131722e-01 1.138985978767e-03 1.037831247863e-02 -7.725488429070e-01 1.241619001358e-03 1.233294195626e-02
875 -7.699021308422e-01 1.004784006434e-03 8.076727196680e-03 -7.725844009519e-01 1.228153212860e-03 1.206688251406e-02 -7.716459583044e-01 1.055427043680e-03 8.911409956256e-03
876 -7.723833077550e-01 1.331364364434e-03 1.418024856708e-02 -7.746172354817e-01 1.214797674750e-03 1.180586712463e-02 -7.722985582948e-01 1.130349401305e-03 1.022151815224e-02
877 -7.740207495689e-01 1.615138427064e-03 2.086937710864e-02 -7.711291482449e-01 1.079377448152e-03 9.320445404637e-03 -7.732116409540e-01 1.234731281791e-03 1.219649070586e-02
878 -7.714674633145e-01 1.180015132117e-03 1.113948569620e-02 -7.728513601422e-01 1.029689217226e-03 8.482079072570e-03 -7.713700879216e-01 1.179963658780e-03 1.113851388834e-02
879 -7.711841434240e-01 1.031171682162e-03 8.506520304746e-03 -7.742134585381e-01 1.253156561296e-03 1.256321093695e-02 -7.724553940892e-01 1.271890567463e-03 1.294164492481e-02
880 -7.724102482796e-01 1.280418906224e-03 1.311578060333e-02 -7.716793676615e-01 1.202842392098e-03 1.157463856183e-02 -7.730040048361e-01 1.106705403024e-03 9.798374792666e-03
881 -7.742558220625e-01 1.255377163669e-03 1.260777458449e-02 -7.737936005592e-01 1.080033436777e-03 9.331777796448e-03 -7.723941729069e-01 1.080376070071e-03 9.337699622249e-03
882 -7.730715890527e-01 1.371858920020e-03 1.505597517151e-02 -7.736167017817e-01 1.224489700864e-03 1.199500022017e-02 -7.732125508189e-01 1.313000170473e-03 1.379175558129e-02
883 -7.726034443378e-01 1.183723605538e-03 1.120961259446e-02 -7.738014984131e-01 1.074083020828e-03 9.229234685048e-03 -7.700199347734e-01 1.126598767338e-03 1.015379826053e-02
884 -7.748935619593e-01 1.340152901847e-03 1.436807840263e-02 -7.740257982612e-01 1.266415768822e-03 1.283047119617e-02 -7.716019020677e-01 1.110903457371e-03 9.872851932784e-03
885 -7.720159645081e-01 1.179280590844e-03 1.112562169553e-02 -7.703755024672e-01 9.756041140873e-04 7.614427099393e-03 -7.712279698849e-01 1.043932439860e-03 8.718359511945e-03
886 -7.734938528538e-01 1.339906725589e-03 1.436280026623e-02 -7.732992712855e-01 1.072467677131e-03 9.201495347923e-03 -7.714996009469e-01 1.279259716600e-03 1.309204338012e-02
887 -7.695274974108e-01 1.055574058762e-03 8.913892748249e-03 -7.707870586514e-01 8.963924395311e-04 6.428155245188e-03 -7.729520919919e-01 1.237921552113e-03 1.225959815349e-02
888 -7.716737136841e-01 1.140072574068e-03 1.039812379314e-02 -7.729329150319e-01 1.257538181613e-03 1.265121822572e-02 -7.719147967696e-01 1.099697974579e-03 9.674685082340e-03
889 -7.703997309208e-01 1.053605537984e-03 8.880677037357e-03 -7.738064590693e-01 1.382033821386e-03 1.528013986764e-02 -7.737908096910e-01 1.363188581665e-03 1.486626487346e-02
890 -7.729456362724e-01 1.332545458408e-03 1.420541918979e-02 -7.699326996207e-01 1.110242843420e-03 9.861113370915e-03 -7.718611814380e-01 1.042791420950e-03 8.699311580853e-03
891 -7.739809671640e-01 1.234206014250e-03 1.218611588488e-02 -7.733258453012e-01 1.089471076043e-03 9.495577804270e-03 -7.723882589936e-01 1.088426100071e-03 9.477371002524e-03
892 -7.728984544277e-01 1.306790823980e-03 1.366161806111e-02 -7.727209770083e-01 1.075275163947e-03 9.249733425608e-03 -7.720626161695e-01 1.173951681629e-03 1.102530040639e-02
893 -7.714553977251e-01 1.292720160680e-03 1.336900331062e-02 -7.719287562966e-01 1.149761932900e-03 1.057562001877e-02 -7.723014895320e-01 1.238408289926e-03 1.226924074047e-02
894 -7.715201277733e-01 9.945989664759e-04 7.913816832919e-03 -7.734786286354e-01 1.322164884894e-03 1.398495986277e-02 -7.712363128066e-01 1.132928323181e-03 1.026821268372e-02
895 -7.716091024280e-01 1.054977578307e-03 8.903821525838e-03 -7.712736642361e-01 9.190355016623e-04 6.757010026525e-03 -7.725603562593e-01 1.149809243153e-03 1.057649036512e-02
896 -7.735146675110e-01 1.336807531666e-03 1.429643501375e-02 -7.726876760721e-01 1.276881223924e-03 1.304340528008e-02 -7.724203081131e-01 1.246832625561e-03 1.243673276931e-02
897 -7.722458511591e-01 1.055136958763e-03 8.906512013978e-03 -7.734440492392e-01 1.094469345184e-03 9.582905180378e-03 -7.718704350591e-01 1.147405863284e-03 1.053232172079e-02
898 -7.710974894762e-01 1.289650794523e-03 1.330559337451e-02 -7.722252399325e-01 1.034357993374e-03 8.559171667652e-03 -7.732008866072e-01 1.292274428031e-03 1.335978557874e-02
899 -7.734502216578e-01 1.220869509757e-03 1.192417887883e-02 -7.725779734254e-01 1.107099735015e-03 9.805358586171e-03 -7.755611956120e-01 1.341115676371e-03 1.438873005927e-02
900 -7.721759408116e-01 1.244116621676e-03 1.238260934664e-02 -7.700934309959e-01 1.034941218532e-03 8.568826606536e-03 -7.725074558854e-01 1.115255186418e-03 9.950353046659e-03
901 -7.734338372946e-01 1.176214748577e-03 1.106784907817e-02 -7.748020147681e-01 1.298561380397e-03 1.349009326926e-02 -7.729316387773e-01 1.197730569953e-03 1.147646814561e-02
902 -7.725908422470e-01 1.160075219991e-03 1.076619612830e-02 -7.733532308936e-01 1.367842951459e-03 1.496795471885e-02 -7.731826996803e-01 1.127594288463e-03 1.017175103499e-02
903 -7.742465018034e-01 1.219744163923e-03 1.190220660339e-02 -7.743250688314e-01 1.133175894776e-03 1.027270086802e-02 -7.720183056593e-01 1.124887395161e-03 1.012297321434e-02
904 -7.721912607551e-01 1.113545612333e-03 9.919870645970e-03 -7.723445054293e-01 1.062191828017e-03 9.026011836045e-03 -7.733317835927e-01 1.145054684406e-03 1.048920184224e-02
905 -7.714445249438e-01 1.227527067263e-03 1.205458160690e-02 -7.733235871196e-01 1.014676598030e-03 8.236548788718e-03 -7.722122002244e-01 1.077567163410e-03 9.289207933272e-03
906 -7.701845010519e-01 1.118343909289e-03 1.000554479555e-02 -7.719278818965e-01 1.083625939370e-03 9.393961411800e-03 -7.714635741711e-01 1.142096269592e-03 1.043507111213e-02
907 -7.721075048447e-01 1.299074692214e-03 1.350076044760e-02 -7.733166690469e-01 1.448753150715e-03 1.679108553364e-02 -7.727623711228e-01 1.125273114638e-03 1.012991666023e-02
908 -7.725156341791e-01 1.176187867401e-03 1.106734319537e-02 -7.759392020106e-01 1.354880674816e-03 1.468561314393e-02 -7.738488402367e-01 1.332899987338e-03 1.421297900997e-02
909 -7.727376406193e-01 1.226035675522e-03 1.202530782123e-02 -7.750050411820e-01 1.307537309403e-03 1.367723052384e-02 -7.706320253611e-01 1.176965087396e-03 1.108197453560e-02
910 -7.711716508865e-01 1.134338507320e-03 1.029379079351e-02 -7.719078259468e-01 1.083828620252e-03 9.397475824612e-03 -7.721590991616e-01 1.126327133904e-03 1.014890250055e-02
911 -7.729121848941e-01 1.144280737769e-03 1.047502725462e-02 -7.730593629479e-01 1.156083804130e-03 1.069223809737e-02 -7.734819070101e-01 1.173758007603e-03 1.102166288329e-02
912 -7.713636415601e-01 1.118554340593e-03 1.000931050288e-02 -7.733617119193e-01 1.335749349190e-03 1.427381059089e-02 -7.720404487252e-01 1.126112790655e-03 1.014504013821e-02
913 -7.730603648424e-01 1.310390803073e-03 1.373699245423e-02 -7.730956616998e-01 1.273653902164e-03 1.297755409997e-02 -7.720207881927e-01 1.089862677839e-03 9.502405252367e-03
914 -7.735710878968e-01 1.240560366749e-03 1.231192018838e-02 -7.721326102018e-01 1.199492227910e-03 1.151025283853e-02 -7.702542114854e-01 1.070644767956e-03 9.170241753217e-03
915 -7.727731768489e-01 1.131752922123e-03 1.024691741387e-02 -7.734923380613e-01 1.120074467109e-03 1.003653449496e-02 -7.718904728293e-01 1.116803280249e-03 9.977996534206e-03
916 -7.721724145412e-01 1.127573826899e-03 1.017138188086e-02 -7.718460750580e-01 1.022949672085e-03 8.371408252944e-03 -7.723459355831e-01 9.984085186385e-04 7.974556560719e-03
917 -7.719810921550e-01 1.075486480192e-03 9.253369352605e-03 -7.744211602211e-01 1.215159884524e-03 1.181290835966e-02 -7.724727442265e-01 1.167644224413e-03 1.090714427844e-02
918 -7.730998494625e-01 1.048426342674e-03 8.793582368109e-03 -7.725611611605e-01 1.340124279112e-03 1.436746466772e-02 -7.714210576415e-01 1.311598613089e-03 1.376232737486e-02
919 -7.723358621597e-01 1.188840214123e-03 1.130672843772e-02 -7.712589800954e-01 9.804467459657e-04 7.690206573399e-03 -7.719337939620e-01 1.114001676892e-03 9.927997888947e-03
920 -7.729755166173e-01 1.142506878954e-03 1.044257574766e-02 -7.734679303765e-01 1.214123728002e-03 1.179277141518e-02 -7.736956284046e-01 1.160496122664e-03 1.077401000575e-02
921 -7.741843675375e-01 1.309406492934e-03 1.371636290990e-02 -7.724489840865e-01 9.913277959372e-04 7.861846391982e-03 -7.733431786895e-01 1.199768948780e-03 1.151556424365e-02
922 -7.707749450207e-01 1.164223124469e-03 1.084332386839e-02 -7.730816584229e-01 1.038197980437e-03 8.622840372670e-03 -7.726954956651e-01 1.160835641802e-03 1.078031509822e-02
923 -7.721267355680e-01 1.378099303762e-03 1.519326152822e-02 -7.737682784796e-01 1.263357805681e-03 1.276858356140e-02 -7.690169306993e-01 1.037991646650e-03 8.619413268118e-03
924 -7.709096618891e-01 1.261646791833e-03 1.273402101873e-02 -7.743357209563e-01 1.236971425122e-03 1.224078645254e-02 -7.717754694819e-01 1.106717586348e-03 9.798590527454e-03
925 -7.727125669718e-01 1.246724120053e-03 1.243456825218e-02 -7.732300797701e-01 1.124143874936e-03 1.010959561244e-02 -7.714661950469e-01 1.075626053867e-03 9.255771262052e-03
926 -7.721984665394e-01 1.142182536752e-03 1.043664757809e-02 -7.725722841024e-01 1.059816431010e-03 8.985686939512e-03 -7.743019116521e-01 1.339077309693e-03 1.434502433069e-02
927 -7.710757795572e-01 1.221488112349e-03 1.193626566888e-02 -7.734997448921e-01 1.020652129348e-03 8.333846153141e-03 -7.720151597857e-01 1.035688353284e-03 8.581202921023e-03
928 -7.712347512245e-01 1.113822203524e-03 9.924799208500e-03 -7.738542152047e-01 1.207606122716e-03 1.166650038097e-02 -7.708406956196e-01 1.071708379023e-03 9.188470797343e-03
929 -7.709761869907e-01 1.125977845826e-03 1.014260887434e-02 -7.718680723906e-01 1.047710728797e-03 8.781582169894e-03 -7.716287642121e-01 1.289916057422e-03 1.331106748155e-02
930 -7.736483552456e-01 1.404906606284e-03 1.579010057904e-02 -7.720958527923e-01 1.245922222042e-03 1.241857746702e-02 -7.732612414956e-01 1.237540651938e-03 1.225205492158e-02
931 -7.716685599685e-01 1.074200096644e-03 9.231246781042e-03 -7.714910092354e-01 1.018156396756e-03 8.293139586045e-03 -7.722643381357e-01 1.008179912626e-03 8.131413889775e-03
932 -7.726413010955e-01 1.289609151210e-03 1.330473410308e-02 -7.719480949640e-01 1.260382402438e-03 1.270851040299e-02 -7.738106716275e-01 1.237950421026e-03 1.226016995934e-02
933 -7.694830965400e-01 1.015529511568e-03 8.250401510919e-03 -7.701352404356e-01 9.456535493465e-04 7.154085083132e-03 -7.714624651074e-01 1.164850029216e-03 1.085500472451e-02
934 -7.714139100313e-01 1.215498904370e-03 1.181950069219e-02 -7.721825746894e-01 1.349034046941e-03 1.455914287845e-02 -7.733151861429e-01 1.139456116348e-03 1.038688192867e-02
935 -7.697801207900e-01 1.095720755605e-03 9.604831794101e-03 -7.737809197307e-01 1.274873101298e-03 1.300241139530e-02 -7.722578935623e-01 1.210685614284e-03 1.172607725308e-02
936 -7.702775470614e-01 9.981633669225e-04 7.970640856528e-03 -7.743543556929e-01 1.113773403082e-03 9.923929547304e-03 -7.714871942401e-01 1.150219344148e-03 1.058403631722e-02
937 -7.714607955813e-01 1.062723759054e-03 9.035054304463e-03 -7.752001774311e-01 1.153093234177e-03 1.063699205363e-02 -7.708518596292e-01 1.072125622738e-03 9.195626807444e-03
938 -7.723751338124e-01 1.484219688664e-03 1.762326467374e-02 -7.711164787412e-01 1.070008977880e-03 9.159353701953e-03 -7.733098505139e-01 1.228816372955e-03 1.207991742755e-02
939 -7.721598055959e-01 1.161478767887e-03 1.079226342602e-02 -7.730709308982e-01 1.293139484051e-03 1.337767780170e-02 -7.725922513008e-01 1.137848043938e-03 1.035758536875e-02
940 -7.729599668980e-01 1.138084791800e-03 1.036189594661e-02 -7.718975015283e-01 1.026108686472e-03 8.423192291620e-03 -7.735528844595e-01 1.143249588941e-03 1.045615698092e-02
941 -7.710755081773e-01 1.092714762105e-03 9.552204410583e-03 -7.725247129798e-01 1.325326160694e-03 1.405191545777e-02 -7.729981964231e-01 1.185222296490e-03 1.123801513678e-02
942 -7.728595789671e-01 1.129830986761e-03 1.021214446917e-02 -7.746753364801e-01 1.339630641129e-03 1.435688203722e-02 -7.740272306204e-01 1.247338888116e-03 1.244683441446e-02
943 -7.733858991265e-01 1.250340064877e-03 1.250680222268e-02 -7.737359535098e-01 1.155052336877e-03 1.067316720740e-02 -7.732728219628e-01 1.116725173233e-03 9.976600900266e-03
944 -7.710707905293e-01 9.766028707174e-04 7.630025336748e-03 -7.738737363815e-01 1.142093088182e-03 1.043501297658e-02 -7.728917861581e-01 1.273809060893e-03 1.298071618891e-02
945 -7.716488142014e-01 1.228514668738e-03 1.207398633043e-02 -7.731876578927e-01 1.039632250157e-03 8.646681724529e-03 -7.740967743397e-01 1.237350766926e-03 1.224829536330e-02
946 -7.714962351918e-01 1.231735986381e-03 1.213738832117e-02 -7.715901579857e-01 1.136718634815e-03 1.033703403788e-02 -7.719697861075e-01 1.065553816561e-03 9.083239487897e-03
947 -7.727408594489e-01 1.346972060103e-03 1.451466984557e-02 -7.726762616634e-01 1.057208486300e-03 8.941518268038e-03 -7.728842330575e-01 1.140919143677e-03 1.041357193927e-02
948 -7.718058005571e-01 1.185185100112e-03 1.123730977222e-02 -7.714184219837e-01 1.113489143843e-03 9.918864587648e-03 -7.698372781277e-01 1.068557837788e-03 9.134526821589e-03
949 -7.718143870831e-01 1.170862109701e-03 1.096734463947e-02 -7.718260177970e-01 1.204276539797e-03 1.160225587444e-02 -7.718124876618e-01 1.226389167842e-03 1.203224312800e-02
950 -7.722450054884e-01 1.097463312433e-03 9.635405777091e-03 -7.723308278918e-01 1.012712755214e-03 8.204696996582e-03 -7.724690293670e-01 1.345823184982e-03 1.448992036189e-02
951 -7.706586922407e-01 9.634789356450e-04 7.426333275453e-03 -7.732037507892e-01 1.087004501706e-03 9.452630293834e-03 -7.732198771834e-01 1.251743520703e-03 1.253489473298e-02
952 -7.717250081301e-01 1.145513519009e-03 1.049760977786e-02 -7.727480159998e-01 1.270190394713e-03 1.290706911057e-02 -7.741729418635e-01 1.075331800587e-03 9.250707850828e-03
953 -7.723756887913e-01 1.299577742102e-03 1.351121846213e-02 -7.736534194946e-01 1.227115513387e-03 1.204649986557e-02 -7.727957583666e-01 1.142453146282e-03 1.044159353160e-02
954 -7.709980333447e-01 1.294031063149e-03 1.339613113916e-02 -7.712063000798e-01 1.263233387068e-03 1.276606872162e-02 -7.727885161042e-01 1.214000489234e-03 1.179037750289e-02
955 -7.709343166351e-01 1.126031180746e-03 1.014356976010e-02 -7.729115142226e-01 1.089462991039e-03 9.495436870747e-03 -7.719335579872e-01 1.270026464453e-03 1.290373776329e-02
956 -7.744123318791e-01 1.413536786442e-03 1.598468997300e-02 -7.742785511613e-01 1.134669769028e-03 1.029980387796e-02 -7.721515781283e-01 1.125857425755e-03 1.014043954502e-02
957 -7.719352781177e-01 1.053609224411e-03 8.880739182106e-03 -7.737000291348e-01 1.205690067330e-03 1.162950830767e-02 -7.727568744421e-01 1.135622128737e-03 1.031710095421e-02
958 -7.710894171596e-01 1.003560369711e-03 8.057067325229e-03 -7.725300655365e-01 1.322441304960e-03 1.399080804052e-02 -7.726282364130e-01 1.106036948219e-03 9.786541846600e-03
959 -7.709747326970e-01 1.085350495673e-03 9.423885587655e-03 -7.749279485345e-01 1.310292603764e-03 1.373493365983e-02 -7.734721292257e-01 1.230800547848e-03 1.211895990867e-02
960 -7.733755381107e-01 1.119286790083e-03 1.002242334764e-02 -7.727642428279e-01 1.238848038250e-03 1.227795569501e-02 -7.729689015746e-01 1.244688985271e-03 1.239400536044e-02
961 -7.718042224050e-01 1.127435290612e-03 1.016888267614e-02 -7.705238776207e-01 1.056641278786e-03 8.931926336272e-03 -7.703052070141e-01 1.070915279317e-03 9.174876283797e-03
962 -7.704816067815e-01 1.165128742284e-03 1.086019988877e-02 -7.727599867582e-01 1.161999220771e-03 1.080193751258e-02 -7.704468623400e-01 1.082858585228e-03 9.380661724809e-03
963 -7.719938524961e-01 1.379591678389e-03 1.522618559265e-02 -7.738277575970e-01 1.177978944485e-03 1.110107514920e-02 -7.717839494348e-01 1.148384746632e-03 1.055030021038e-02
964 -7.735208154917e-01 1.374262428318e-03 1.510877777508e-02 -7.737559186816e-01 1.129079362793e-03 1.019856165988e-02 -7.752118969560e-01 1.363767803878e-03 1.487890098316e-02
965 -7.722829003930e-01 1.037028302335e-03 8.603421598754e-03 -7.735132266283e-01 1.108876761337e-03 9.836861374660e-03 -7.737820793390e-01 1.096142448817e-03 9.612226144795e-03
966 -7.737424392700e-01 1.236110747374e-03 1.222375823819e-02 -7.715130994916e-01 1.120984078553e-03 1.005284243495e-02 -7.717255255580e-01 1.127296068763e-03 1.016637141319e-02
967 -7.750574902296e-01 1.137179363440e-03 1.034541523708e-02 -7.738595959544e-01 1.044336585225e-03 8.725111225913e-03 -7.738255586624e-01 1.048994083215e-03 8.803108692956e-03
968 -7.708306636214e-01 1.166050550442e-03 1.087739108949e-02 -7.715484542251e-01 1.116536333659e-03 9.973227075050e-03 -7.713761438131e-01 1.236807854721e-03 1.223754935600e-02
969 -7.738724818826e-01 1.236898416248e-03 1.223934153694e-02 -7.720514174700e-01 1.072506240477e-03 9.202157086899e-03 -7.707746620774e-01 1.032040193780e-03 8.520855692616e-03
970 -7.704551411271e-01 1.075069319155e-03 9.246192327900e-03 -7.721041860580e-01 1.080337620335e-03 9.337034991295e-03 -7.705333884954e-01 1.157673314011e-03 1.072166001578e-02
971 -7.732026967406e-01 1.397650502499e-03 1.562741541709e-02 -7.726550005078e-01 1.079865023144e-03 9.328867745684e-03 -7.741890746951e-01 1.314545762781e-03 1.382424449956e-02
972 -7.722213335037e-01 1.250418114319e-03 1.250836368495e-02 -7.752277644873e-01 1.328294368040e-03 1.411492742534e-02 -7.732799720168e-01 1.144470812897e-03 1.047850753258e-02
973 -7.731452769637e-01 1.224452677522e-03 1.199427487592e-02 -7.724982030988e-01 1.078915158938e-03 9.312463361487e-03 -7.714141082764e-01 1.128639489365e-03 1.019061677563e-02
974 -7.720568336248e-01 1.041841331676e-03 8.683466883110e-03 -7.716536134481e-01 1.150673909229e-03 1.059240356305e-02 -7.745498416424e-01 1.146549721344e-03 1.051661010811e-02
975 -7.709989501834e-01 1.029155869770e-03 8.473294434254e-03 -7.743026996851e-01 1.179999599539e-03 1.113919243930e-02 -7.724335947037e-01 1.249243401900e-03 1.248487261754e-02
976 -7.721289939284e-01 1.181745545022e-03 1.117218026543e-02 -7.739023066163e-01 1.111385056090e-03 9.881413943196e-03 -7.710089396238e-01 8.802792654839e-04 6.199132681926e-03
977 -7.715838371515e-01 1.182164104235e-03 1.118009575474e-02 -7.748386749029e-01 1.338725337950e-03 1.433748424375e-02 -7.738372333646e-01 1.144848900415e-03 1.048543203824e-02
978 -7.715429269075e-01 1.203631700534e-03 1.158983416425e-02 -7.731229999065e-01 1.076001045321e-03 9.262225996263e-03 -7.710584425330e-01 1.138680806596e-03 1.037275183448e-02
979 -7.731804829240e-01 1.160744015616e-03 1.077861335830e-02 -7.721835731864e-01 1.171271585259e-03 1.097501701149e-02 -7.715854217410e-01 1.057740866781e-03 8.950525930074e-03
980 -7.735737126470e-01 1.180888488212e-03 1.115598097273e-02 -7.720190120935e-01 1.241985365004e-03 1.234022117507e-02 -7.744992755651e-01 1.236788959435e-03 1.223717544144e-02
981 -7.736851589084e-01 1.333987510046e-03 1.423618141567e-02 -7.724970188141e-01 1.352551403080e-03 1.463516238379e-02 -7.730694322586e-01 1.149167843082e-03 1.056469385258e-02
982 -7.715453537703e-01 1.172189869592e-03 1.099223272299e-02 -7.706011478305e-01 1.073673163583e-03 9.222192497583e-03 -7.744268586636e-01 1.125675801062e-03 1.013716807278e-02
983 -7.737575803995e-01 1.333448691108e-03 1.422468329455e-02 -7.725940809250e-01 1.167355866743e-03 1.090175775695e-02 -7.739027358890e-01 1.181047079234e-03 1.115897762693e-02
984 -7.722916387320e-01 1.093599230786e-03 9.567674220612e-03 -7.728710707426e-01 1.141910014963e-03 1.043166785817e-02 -7.707829312682e-01 1.035309461698e-03 8.574925451850e-03
985 -7.695164950490e-01 1.092490994491e-03 9.548292584353e-03 -7.734948828220e-01 1.065702488092e-03 9.085774345011e-03 -7.721021824479e-01 1.038751383549e-03 8.632035494594e-03
986 -7.731757481694e-01 1.274926149310e-03 1.300349348955e-02 -7.731853419542e-01 1.158891187350e-03 1.074423027293e-02 -7.715270686150e-01 1.178218980902e-03 1.110559973567e-02
987 -7.727160527706e-01 1.181337338472e-03 1.116446325814e-02 -7.744551823735e-01 1.247894851749e-03 1.245793248817e-02 -7.733259688616e-01 1.187791971459e-03 1.128679813970e-02
988 -7.713989073634e-01 1.080656326627e-03 9.342544770229e-03 -7.732086871862e-01 1.073111076956e-03 9.212539067883e-03 -7.716655207872e-01 1.166751674344e-03 1.089047575667e-02
989 -7.716496363282e-01 1.024089002591e-03 8.390066281816e-03 -7.720809398293e-01 1.051414759288e-03 8.843783968387e-03 -7.726076962948e-01 1.341715263885e-03 1.440159879474e-02
990 -7.703443756700e-01 1.054859708995e-03 8.901832045295e-03 -7.742263377905e-01 1.147422487596e-03 1.053262692033e-02 -7.719273952842e-01 1.214079543222e-03 1.179191309816e-02
991 -7.714325362444e-01 1.123941753904e-03 1.010596052935e-02 -7.735071579218e-01 1.217366479838e-03 1.185584916987e-02 -7.732370635867e-01 1.099169314944e-03 9.665385463313e-03
992 -7.714793219566e-01 1.215831001100e-03 1.182596018588e-02 -7.730235086679e-01 1.100342612130e-03 9.686030912555e-03 -7.714147410393e-01 1.127193073452e-03 1.016451379870e-02
993 -7.701540591717e-01 1.069030188632e-03 9.142604353651e-03 -7.728855088353e-01 1.007159388810e-03 8.114960275749e-03 -7.725639948845e-01 1.229569679373e-03 1.209473277146e-02
994 -7.711020018458e-01 1.127624189704e-03 1.017229050564e-02 -7.727561280131e-01 1.099858105979e-03 9.677502826307e-03 -7.723416588306e-01 1.270681026287e-03 1.291704216454e-02
995 -7.716680169702e-01 1.126155017472e-03 1.014580098702e-02 -7.733418333530e-01 1.131112877908e-03 1.023533074055e-02 -7.730836290121e-01 1.208190431095e-03 1.167779294231e-02
996 -7.693870166540e-01 9.670182490134e-04 7.480994351400e-03 -7.743441281319e-01 1.204076503796e-03 1.159840181594e-02 -7.711685929894e-01 9.744438297224e-04 7.596326218273e-03
997 -7.697740351558e-01 1.064480975617e-03 9.064957979609e-03 -7.728552564383e-01 1.237058696285e-03 1.224251374443e-02 -7.715199854374e-01 1.114466164327e-03 9.936278651435e-03
998 -7.740526685715e-01 1.375814818331e-03 1.514293131472e-02 -7.740025696158e-01 1.123493037597e-03 1.009789284423e-02 -7.740509617329e-01 1.437108793636e-03 1.652225347796e-02
999 -7.720443149209e-01 1.184548606512e-03 1.122524320951e-02 -7.731606525779e-01 1.199357452423e-03 1.150766638946e-02 -7.714956849217e-01 1.293665864396e-03 1.338857094962e-02
1000 -7.703978729844e-01 1.051623671954e-03 8.847298779308e-03 -7.738623426557e-01 1.081506866500e-03 9.357256818292e-03 -7.727819722891e-01 9.684648935328e-04 7.503394000044e-03
1001 -7.738954672813e-01 1.222853739752e-03 1.196297015060e-02 -7.718883420825e-01 1.110258495890e-03 9.861391421560e-03 -7.727131611705e-01 1.198257406166e-03 1.148656649146e-02
1002 -7.695911993384e-01 1.000665387303e-03 8.010649738765e-03 -7.728723720312e-01 1.101833310236e-03 9.712293148359e-03 -7.743766551018e-01 1.042499179858e-03 8.694436320039e-03
1003 -7.723274770379e-01 1.361999483946e-03 1.484034075415e-02 -7.744509017467e-01 1.170997095743e-03 1.096987358591e-02 -7.720672979355e-01 1.141395474239e-03 1.042226902890e-02
1004 -7.721991508007e-01 1.083426543377e-03 9.390504599143e-03 -7.720551753640e-01 1.148836373578e-03 1.055860010606e-02 -7.743082903624e-01 1.286349238515e-03 1.323755490742e-02
1005 -7.733058375120e-01 1.289179807619e-03 1.329587661097e-02 -7.735598015189e-01 1.055458631606e-03 8.911943384248e-03 -7.750469439030e-01 1.217046880166e-03 1.184962486818e-02
1006 -7.732163835168e-01 1.399235409467e-03 1.566287784885e-02 -7.723640552163e-01 1.006875305311e-03 8.110383043568e-03 -7.736849598885e-01 1.105337200088e-03 9.774162607184e-03
1007 -7.733397326469e-01 1.304314443729e-03 1.360988934495e-02 -7.724541236162e-01 1.101618202595e-03 9.708501314314e-03 -7.718768506646e-01 1.187104248087e-03 1.127373196661e-02
1008 -7.709955813289e-01 1.059202288920e-03 8.975275910823e-03 -7.740791966915e-01 1.154827529059e-03 1.066901297497e-02 -7.719381793737e-01 1.167884674932e-03 1.091163691153e-02
1009 -7.719926596880e-01 1.189468828284e-03 1.131868874768e-02 -7.726653373241e-01 1.139203522594e-03 1.038227732713e-02 -7.736393929720e-01 1.380245240188e-03 1.524061538448e-02
1010 -7.720813124180e-01 1.304852998071e-03 1.362113077259e-02 -7.693543648720e-01 9.484071112652e-04 7.195808389587e-03 -7.725564626455e-01 1.189202331021e-03 1.131361747285e-02
1011 -7.727441934943e-01 1.217245009511e-03 1.185348330543e-02 -7.733964415193e-01 1.067139918961e-03 9.110300853122e-03 -7.729058008194e-01 1.148669963019e-03 1.055554147154e-02
1012 -7.728386534452e-01 1.198162072701e-03 1.148473881967e-02 -7.736001184583e-01 1.212680679842e-03 1.176475545009e-02 -7.718008738160e-01 9.257447995843e-04 6.856027471660e-03
1013 -7.728812203407e-01 1.076911051348e-03 9.277899300126e-03 -7.721679418087e-01 1.122721550887e-03 1.008402944661e-02 -7.724323334694e-01 1.209151948517e-03 1.169638747681e-02
1014 -7.726718462706e-01 1.336791161901e-03 1.429608488430e-02 -7.704657163024e-01 1.181183002621e-03 1.116154628545e-02 -7.744532002807e-01 1.396127828431e-03 1.559338330657e-02
1015 -7.719283719659e-01 9.416059961930e-04 7.092974816533e-03 -7.715587695241e-01 1.207193399529e-03 1.165852723092e-02 -7.725716155171e-01 1.070495940399e-03 9.167692467282e-03
1016 -7.718852004409e-01 1.227624164685e-03 1.205648871775e-02 -7.730666252971e-01 1.034905709192e-03 8.568238615339e-03 -7.711331178546e-01 1.114612222315e-03 9.938883249077e-03
1017 -7.707883054018e-01 9.406426688095e-04 7.078469043081e-03 -7.744501697421e-01 1.130030160640e-03 1.021574531165e-02 -7.709117373824e-01 1.076246553904e-03 9.266453158315e-03
1018 -7.716679421663e-01 1.005144711951e-03 8.082527135704e-03 -7.718845444322e-01 1.101529112464e-03 9.706931084846e-03 -7.708323383331e-01 1.078745321054e-03 9.309531741567e-03
1019 -7.698541257977e-01 1.261166734312e-03 1.272433225388e-02 -7.721788491011e-01 1.245336567785e-03 1.240690533651e-02 -7.728538773656e-01 1.236467013378e-03 1.223080540138e-02
1020 -7.726894169450e-01 1.319300599658e-03 1.392443257806e-02 -7.711293005943e-01 1.044893159662e-03 8.734413720866e-03 -7.701267405152e-01 1.187009955187e-03 1.127194106971e-02
1021 -7.709701380134e-01 1.185835772071e-03 1.124965182658e-02 -7.734716194272e-01 1.140547774692e-03 1.040679381083e-02 -7.732580715418e-01 1.287989997663e-03 1.327134587264e-02
1022 -7.719835620522e-01 1.136550276340e-03 1.033397224519e-02 -7.737878429294e-01 1.182913323377e-03 1.119427144499e-02 -7.715925432444e-01 1.023086862054e-03 8.373653818467e-03
1023 -7.718950085044e-01 1.124841760403e-03 1.012215188758e-02 -7.733728735447e-01 1.154638021884e-03 1.066551169264e-02 -7.726276513934e-01 1.233839888190e-03 1.217888695750e-02
1024 -7.727982805967e-01 1.251606515324e-03 1.253215095362e-02 -7.750024770498e-01 1.154264345811e-03 1.065860944008e-02 -7.734844946265e-01 1.163809985351e-03 1.083562945602e-02
1025 -7.742961598039e-01 1.150889951607e-03 1.059638144569e-02 -7.739254778028e-01 1.154036591518e-03 1.065440363650e-02 -7.734996193647e-01 1.239754582779e-03 1.229593140418e-02
1026 -7.733859341145e-01 1.261689139856e-03 1.273487588505e-02 -7.733974130154e-01 1.024195185874e-03 8.391806230133e-03 -7.712512066960e-01 1.139326475291e-03 1.038451853839e-02
1027 -7.714520504475e-01 1.165240503835e-03 1.086228345423e-02 -7.734309532642e-01 1.059587824852e-03 8.981810868596e-03 -7.727909718156e-01 1.113416918082e-03 9.917577867774e-03
1028 -7.720918681026e-01 1.167685261364e-03 1.090791095686e-02 -7.722676700950e-01 1.134028844378e-03 1.028817135905e-02 -7.701596519947e-01 1.068466504747e-03 9.132965374135e-03
1029 -7.722620083094e-01 1.166195538319e-03 1.088009626876e-02 -7.730566313267e-01 1.064233721731e-03 9.060747315750e-03 -7.743898472786e-01 1.239612513908e-03 1.229311347709e-02
1030 -7.721643516421e-01 1.405199135460e-03 1.579667688239e-02 -7.707853876352e-01 1.018997954285e-03 8.306854646699e-03 -7.726573702693e-01 1.207714989495e-03 1.166860396681e-02
1031 -7.733415485024e-01 1.280296596352e-03 1.311327499704e-02 -7.717115955949e-01 1.142804932093e-03 1.044802490253e-02 -7.715580297112e-01 1.064035191336e-03 9.057367107220e-03
1032 -7.731061196923e-01 1.172249183951e-03 1.099334519419e-02 -7.725356845856e-01 1.229672441260e-03 1.209675450236e-02 -7.725272847414e-01 1.169933714418e-03 1.094995916906e-02
1033 -7.693956912160e-01 1.126913907068e-03 1.015947963155e-02 -7.712915953398e-01 1.088912745863e-03 9.485847744831e-03 -7.712131866217e-01 1.128996429948e-03 1.019706351069e-02
1034 -7.724702979326e-01 1.062683471545e-03 9.034369285566e-03 -7.698535432220e-01 9.941754871872e-04 7.907079194591e-03 -7.722230672836e-01 1.106247918752e-03 9.790275661945e-03
1035 -7.718096282482e-01 1.207595680090e-03 1.166629861257e-02 -7.732854923606e-01 1.135305988757e-03 1.031135750487e-02 -7.739324502945e-01 1.186245222342e-03 1.125742182022e-02
1036 -7.717874299884e-01 1.226427392466e-03 1.203299319194e-02 -7.718386729360e-01 1.138914130518e-03 1.037700317355e-02 -7.733186376095e-01 1.214181845150e-03 1.179390042473e-02
1037 -7.722563103437e-01 1.281416449979e-03 1.313622494621e-02 -7.729519133568e-01 1.091229342829e-03 9.526251829211e-03 -7.692737753987e-01 1.079244948466e-03 9.318157270310e-03
1038 -7.748586360216e-01 1.151285843002e-03 1.060367273837e-02 -7.734373573065e-01 1.265664901842e-03 1.281526115003e-02 -7.725458121896e-01 1.090122746155e-03 9.506940813484e-03
1039 -7.746417667866e-01 1.360206219781e-03 1.480128768264e-02 -7.743446324468e-01 1.109851456736e-03 9.854162048147e-03 -7.723912594318e-01 1.208727266942e-03 1.168817284679e-02
1040 -7.738131831288e-01 1.219243350647e-03 1.189243478477e-02 -7.735167525411e-01 1.295122254294e-03 1.341873322855e-02 -7.706675317287e-01 1.067563786117e-03 9.117539499424e-03
1041 -7.718047543764e-01 1.108255711091e-03 9.825845769321e-03 -7.725026335716e-01 1.174700040693e-03 1.103936148483e-02 -7.731108937263e-01 1.207081144852e-03 1.165635912205e-02
1042 -7.712795235515e-01 1.076212443312e-03 9.265865785125e-03 -7.733222994208e-01 1.273600569266e-03 1.297646728028e-02 -7.732149424553e-01 1.046501788218e-03 8.761327941944e-03
1043 -7.703724979758e-01 1.155848000844e-03 1.068787680845e-02 -7.739383149743e-01 1.237178832966e-03 1.224489171791e-02 -7.707463809848e-01 1.091713559790e-03 9.534707973040e-03
1044 -7.725771951079e-01 1.312078607926e-03 1.377240218701e-02 -7.707712291479e-01 1.008076242461e-03 8.129741684915e-03 -7.733818603754e-01 1.055230201780e-03 8.908086229989e-03
1045 -7.723794879317e-01 1.118418777045e-03 1.000688448678e-02 -7.751863931417e-01 1.248683214197e-03 1.247367815534e-02 -7.721775457859e-01 1.160336603045e-03 1.077104825894e-02
1046 -7.728282932043e-01 1.351660542051e-03 1.461588976751e-02 -7.715225336552e-01 9.583041869469e-04 7.346775317759e-03 -7.724317892790e-01 1.020408929161e-03 8.329875061691e-03
1047 -7.719441087842e-01 1.182618907278e-03 1.118869983880e-02 -7.723873008490e-01 1.355661465289e-03 1.470254406776e-02 -7.738523058295e-01 1.065073353633e-03 9.075049988953e-03
1048 -7.718966392875e-01 1.140201685536e-03 1.040047906959e-02 -7.740768040419e-01 9.721386287473e-04 7.560428108021e-03 -7.711189664602e-01 1.097802926872e-03 9.641370129992e-03
1049 -7.724300808311e-01 1.174997293318e-03 1.104494911444e-02 -7.730759846568e-01 1.038232050525e-03 8.623406325891e-03 -7.742307981253e-01 1.186021303690e-03 1.125317226245e-02
1050 -7.713288500905e-01 1.183426360980e-03 1.120398361489e-02 -7.730277290940e-01 1.139199647004e-03 1.038220668587e-02 -7.727501685619e-01 1.256372429421e-03 1.262777345128e-02
1051 -7.699267358780e-01 1.098762596321e-03 9.658233944589e-03 -7.743643177748e-01 1.299665028340e-03 1.351303348713e-02 -7.725580676198e-01 1.189454498840e-03 1.131841603848e-02
1052 -7.733955132961e-01 1.404473665802e-03 1.578037022344e-02 -7.735206081867e-01 1.128466550569e-03 1.018749404602e-02 -7.733715162873e-01 1.029469854548e-03 8.478465451385e-03
1053 -7.705352023244e-01 1.031858299498e-03 8.517852401948e-03 -7.749992658496e-01 1.097994795439e-03 9.644740566484e-03 -7.727476705313e-01 1.010466631758e-03 8.168342511174e-03
1054 -7.688247442842e-01 9.315828731310e-04 6.942773196088e-03 -7.731175258756e-01 1.116482763521e-03 9.972270089907e-03 -7.723368940949e-01 1.038349539713e-03 8.625358132980e-03
1055 -7.715945355892e-01 1.126390215366e-03 1.015003933818e-02 -7.719842143059e-01 1.092257649218e-03 9.544214178196e-03 -7.701118691564e-01 9.416384992347e-04 7.093464505927e-03
1056 -7.707518170476e-01 1.107647732774e-03 9.815067999350e-03 -7.722254848480e-01 1.233707284245e-03 1.217626930560e-02 -7.715902426839e-01 1.154847990519e-03 1.066939104964e-02
1057 -7.690979641080e-01 9.712871202359e-04 7.547189359490e-03 -7.751829561591e-01 1.312844058806e-03 1.378847618194e-02 -7.719100756645e-01 1.397481801083e-03 1.562364307486e-02
1058 -7.709526489377e-01 1.311504453532e-03 1.376035145307e-02 -7.738287047148e-01 1.167123495867e-03 1.089741803683e-02 -7.734604687095e-01 1.413502286935e-03 1.598390972137e-02
1059 -7.717295190692e-01 1.342676672139e-03 1.442224516724e-02 -7.724581248164e-01 1.117428113498e-03 9.989164710682e-03 -7.716792021990e-01 1.128412139142e-03 1.018651164610e-02
1060 -7.708765303493e-01 1.088424077027e-03 9.477335771616e-03 -7.708507391810e-01 1.138836135846e-03 1.037558195446e-02 -7.744875165820e-01 1.137926091825e-03 1.035900632365e-02
1061 -7.710072480440e-01 1.180914801688e-03 1.115647815078e-02 -7.723226010203e-01 1.036540808556e-03 8.595334782415e-03 -7.717865043283e-01 1.079449581900e-03 9.321691198904e-03
1062 -7.714801840186e-01 1.211521198530e-03 1.174226891591e-02 -7.736203359365e-01 1.230648433810e-03 1.211596454111e-02 -7.721102641225e-01 1.025855644269e-03 8.419038423030e-03
1063 -7.715874694586e-01 1.137015716272e-03 1.034243791240e-02 -7.739892157912e-01 1.336846801705e-03 1.429727496984e-02 -7.705533915162e-01 1.096224086050e-03 9.613657974688e-03
1064 -7.735142820477e-01 1.286298492993e-03 1.323651050461e-02 -7.727367635965e-01 1.084035661977e-03 9.401066531498e-03 -7.721595816612e-01 1.232436198582e-03 1.215119186860e-02
1065 -7.710669139624e-01 1.052269121392e-03 8.858162430681e-03 -7.727282479405e-01 1.044758459507e-03 8.732161909683e-03 -7.746824898124e-01 1.442018241394e-03 1.663533286810e-02
1066 -7.718292745352e-01 1.368174140526e-03 1.497520383044e-02 -7.742500272393e-01 1.083687335457e-03 9.395025928248e-03 -7.725592007041e-01 1.195174650511e-03 1.142753956179e-02
1067 -7.731159280539e-01 1.362419106548e-03 1.484948657509e-02 -7.734107469916e-01 1.081570597678e-03 9.358359662092e-03 -7.722064329386e-01 9.866727093945e-04 7.788184283712e-03
1068 -7.729278456569e-01 1.158166233090e-03 1.073079218776e-02 -7.724987771511e-01 9.628627194143e-04 7.416836931504e-03 -7.718180892467e-01 1.103592823057e-03 9.743336952827e-03
1069 -7.732528510094e-01 1.395111315846e-03 1.557068466880e-02 -7.738100137711e-01 1.229607308092e-03 1.209547305690e-02 -7.722240521908e-01 1.084919377122e-03 9.416400438835e-03
1070 -7.729251575470e-01 1.295078080070e-03 1.341781786782e-02 -7.731335940957e-01 1.133493465271e-03 1.027845948650e-02 -7.723369114399e-01 1.202451018811e-03 1.156710762113e-02
1071 -7.721775581241e-01 1.141005390256e-03 1.041514640475e-02 -7.731325760484e-01 1.151395365589e-03 1.060569030319e-02 -7.729423463345e-01 1.117950914698e-03 9.998513981395e-03
1072 -7.729589910507e-01 1.164829161598e-03 1.085461580568e-02 -7.729223758578e-01 1.043031110009e-03 8.703311171573e-03 -7.725253279209e-01 1.094957653901e-03 9.591458110690e-03
1073 -7.723461890817e-01 1.290837495989e-03 1.333009152840e-02 -7.741123268604e-01 1.230700005494e-03 1.211698002819e-02 -7.730524699092e-01 1.219674488514e-03 1.190084686345e-02
1074 -7.719282047153e-01 1.193676404680e-03 1.139890687271e-02 -7.727193952799e-01 1.072600183923e-03 9.203769236419e-03 -7.710029103756e-01 1.127406585480e-03 1.016836487186e-02
1075 -7.727056284547e-01 1.280384528618e-03 1.311507632900e-02 -7.742003036141e-01 1.219295541532e-03 1.189345294080e-02 -7.709038439989e-01 1.217573190262e-03 1.185987578916e-02
1076 -7.724415856600e-01 1.340065742546e-03 1.436620955476e-02 -7.709914032221e-01 1.081152739865e-03 9.351129975341e-03 -7.736397716999e-01 1.312385426533e-03 1.377884406222e-02
1077 -7.717795045972e-01 1.137820250963e-03 1.035707938802e-02 -7.757846382856e-01 1.358684608744e-03 1.476819092831e-02 -7.715088214278e-01 9.610795685608e-04 7.389391496840e-03
1078 -7.742394054532e-01 1.218093601282e-03 1.187001617188e-02 -7.729763785005e-01 1.061411341117e-03 9.012752280419e-03 -7.717960578203e-01 1.107555329371e-03 9.813430460937e-03
1079 -7.698115237951e-01 1.105648851439e-03 9.779675061515e-03 -7.706860033274e-01 1.001554576008e-03 8.024892549782e-03 -7.730071933270e-01 1.191907100736e-03 1.136514029429e-02
1080 -7.726274909377e-01 1.184126933747e-03 1.121725276181e-02 -7.731522784829e-01 1.039992860423e-03 8.652681197853e-03 -7.731428796053e-01 1.169513031427e-03 1.094208584542e-02
1081 -7.706000534892e-01 1.070651600245e-03 9.170358792854e-03 -7.724717311263e-01 1.135505387158e-03 1.031497987411e-02 -7.728960793614e-01 1.054290164962e-03 8.892222015487e-03
1082 -7.699007313848e-01 1.058752302431e-03 8.967651503230e-03 -7.722418210506e-01 1.075514673999e-03 9.253854511889e-03 -7.726878580451e-01 1.114605444859e-03 9.938762381677e-03
1083 -7.724999507070e-01 1.296929329702e-03 1.345620548993e-02 -7.735716055036e-01 1.315129832913e-03 1.383653181935e-02 -7.714556459785e-01 1.080780454225e-03 9.344691121873e-03
1084 -7.706147478223e-01 1.130462663698e-03 1.022356667213e-02 -7.717707749605e-01 1.100761246090e-03 9.693402567152e-03 -7.729749034643e-01 1.173167142399e-03 1.101056915203e-02
1085 -7.717560973167e-01 1.107951301708e-03 9.820448695651e-03 -7.721744310856e-01 1.098848307161e-03 9.659740817198e-03 -7.719644870758e-01 1.068489589112e-03 9.133360016331e-03
1086 -7.712048707008e-01 1.187250591588e-03 1.127651173781e-02 -7.734439769387e-01 1.184391683356e-03 1.122226927682e-02 -7.730568332076e-01 1.324933694334e-03 1.404359435505e-02
1087 -7.704777415395e-01 1.118918029379e-03 1.001582045175e-02 -7.722998514771e-01 1.176141913310e-03 1.106647840195e-02 -7.734644749761e-01 1.308197662885e-03 1.369104900143e-02
1088 -7.729607585669e-01 1.157362917460e-03 1.071591138169e-02 -7.714252867103e-01 1.044167845251e-03 8.722291912454e-03 -7.738862524629e-01 1.227040652034e-03 1.204503009396e-02
1089 -7.713706381917e-01 1.231390927344e-03 1.213058892755e-02 -7.724752797484e-01 1.038006341175e-03 8.619657314557e-03 -7.712409256697e-01 1.229649075235e-03 1.209629478582e-02
1090 -7.741014862061e-01 1.272616320930e-03 1.295641840237e-02 -7.703943207264e-01 1.080162635413e-03 9.334010551530e-03 -7.741155883074e-01 1.188204782007e-03 1.129464483187e-02
1091 -7.711783413887e-01 1.074114277272e-03 9.229771845114e-03 -7.736834759712e-01 1.134689519228e-03 1.030016244037e-02 -7.722234966159e-01 9.735827035106e-04 7.582906244600e-03
1092 -7.724687141180e-01 1.163880793883e-03 1.083694801896e-02 -7.718233118653e-01 1.023945131846e-03 8.387709064247e-03 -7.701598355174e-01 9.590431184666e-04 7.358109624625e-03
1093 -7.726015697718e-01 1.032768161983e-03 8.532880611240e-03 -7.726498380303e-01 1.069771538862e-03 9.155289162880e-03 -7.740295571089e-01 1.265336129347e-03 1.280860416184e-02
1094 -7.718934072256e-01 1.225578507251e-03 1.201634141948e-02 -7.725927829146e-01 1.306082262504e-03 1.364680701142e-02 -7.733219987154e-01 1.199226209221e-03 1.150514800705e-02
1095 -7.727475038767e-01 1.317122175046e-03 1.387848659197e-02 -7.716708449125e-01 8.496781457619e-04 5.775623611083e-03 -7.722821653485e-01 1.142446020419e-03 1.044146327657e-02
1096 -7.707471629977e-01 1.246537395398e-03 1.243084382500e-02 -7.739940909147e-01 1.372762007092e-03 1.507580422493e-02 -7.735485863686e-01 1.097731295417e-03 9.640111975505e-03
1097 -7.734372994304e-01 1.332648897882e-03 1.420762468020e-02 -7.719131945372e-01 1.016589698196e-03 8.267636915821e-03 -7.716569933891e-01 1.254646632739e-03 1.259310538435e-02
1098 -7.734026703238e-01 1.121665722635e-03 1.006507194667e-02 -7.724665959477e-01 1.179172652539e-03 1.112358515596e-02 -7.756070950031e-01 1.395733379309e-03 1.558457332893e-02
1099 -7.715507019758e-01 1.082686251637e-03 9.377676155877e-03 -7.745364524722e-01 1.189195686505e-03 1.131349104642e-02 -7.724171692133e-01 1.145313764615e-03 1.049394895534e-02
1100 -7.723871794939e-01 1.082009711905e-03 9.365960133254e-03 -7.722596470714e-01 1.188719041959e-03 1.130442368573e-02 -7.720857686400e-01 1.130369086924e-03 1.022187418138e-02
1101 -7.729537171125e-01 1.238574961700e-03 1.227254348600e-02 -7.715410825014e-01 1.009204984397e-03 8.147957604256e-03 -7.721805682182e-01 1.121269913804e-03 1.005796975681e-02
1102 -7.697358075380e-01 1.154160715450e-03 1.065669565670e-02 -7.709734390974e-01 1.154396659972e-03 1.066105318844e-02 -7.729092211723e-01 1.162607183752e-03 1.081324370969e-02
1103 -7.712794274092e-01 1.077751132681e-03 9.292380031956e-03 -7.728059709072e-01 1.092438542445e-03 9.547375752147e-03 -7.742587292790e-01 1.231712463363e-03 1.213692473923e-02
1104 -7.722590994835e-01 1.153162616640e-03 1.063827216332e-02 -7.713225780129e-01 1.111002403398e-03 9.874610722856e-03 -7.720747156739e-01 1.050330888912e-03 8.825559809614e-03
1105 -7.747327546477e-01 1.320767114896e-03 1.395540617432e-02 -7.756453143954e-01 1.388044321038e-03 1.541333629733e-02 -7.710008141994e-01 1.021256358037e-03 8.343716390656e-03
1106 -7.729001929164e-01 1.283002039402e-03 1.316875386488e-02 -7.737431749105e-01 1.212618492544e-03 1.176354886767e-02 -7.726073274612e-01 1.151550610997e-03 1.060855047750e-02
1107 -7.730457941294e-01 1.273245073052e-03 1.296922412841e-02 -7.734042803049e-01 1.197616614310e-03 1.147428443897e-02 -7.713761789799e-01 1.130668171345e-03 1.022728410955e-02
1108 -7.726443858147e-01 1.143365062450e-03 1.045826932824e-02 -7.726197617650e-01 1.233171626310e-03 1.216569807948e-02 -7.729018373489e-01 9.871770302857e-04 7.796147912990e-03
1109 -7.724469733834e-01 1.023715944436e-03 8.383954679132e-03 -7.736439456344e-01 1.114800992518e-03 9.942250023346e-03 -7.719690885544e-01 1.015675244209e-03 8.252769613584e-03
1110 -7.732892295122e-01 1.089943394556e-03 9.503812826687e-03 -7.731916739941e-01 1.334130764604e-03 1.423923917651e-02 -7.738771843910e-01 1.229287162524e-03 1.208917542357e-02
1111 -7.719342499971e-01 1.166958254647e-03 1.089433254471e-02 -7.726759443283e-01 1.052415186814e-03 8.860621803488e-03 -7.726121907830e-01 1.151538959377e-03 1.060833579970e-02
1112 -7.710044588447e-01 1.119916715748e-03 1.003370760169e-02 -7.737540286183e-01 1.117659879981e-03 9.993308858552e-03 -7.706611742377e-01 1.078820318710e-03 9.310826240498e-03
1113 -7.720802951455e-01 1.421536199578e-03 1.616612133369e-02 -7.756384059787e-01 1.308317496751e-03 1.369355737843e-02 -7.735320146680e-01 1.290987996453e-03 1.333320005588e-02
1114 -7.705712875724e-01 1.134051733831e-03 1.028858668004e-02 -7.710079929829e-01 1.089321109591e-03 9.492963838412e-03 -7.717680851221e-01 1.075402324909e-03 9.251921283358e-03
1115 -7.712701899409e-01 1.205563405492e-03 1.162706499729e-02 -7.721009965539e-01 1.165572989393e-03 1.086848314882e-02 -7.732119591236e-01 1.084490180004e-03 9.408951604197e-03
1116 -7.702530689240e-01 1.081648865166e-03 9.359714140112e-03 -7.755704401135e-01 1.231540776982e-03 1.213354148296e-02 -7.741001123786e-01 1.194144501669e-03 1.140784872693e-02
1117 -7.756595320702e-01 1.525671911057e-03 1.862139824150e-02 -7.749345782399e-01 1.107207953583e-03 9.807275619816e-03 -7.710460249186e-01 1.115309277552e-03 9.951318276753e-03
1118 -7.709478527904e-01 1.053647461499e-03 8.881383784987e-03 -7.739920089245e-01 9.247032438831e-04 6.840608713983e-03 -7.717784814239e-01 1.166636430315e-03 1.088832448430e-02
1119 -7.733227401376e-01 1.269612410864e-03 1.289532539056e-02 -7.735863673091e-01 1.171988534619e-03 1.098845700223e-02 -7.721397783756e-01 1.054987912474e-03 8.903995963737e-03
1120 -7.719232333302e-01 1.142801235441e-03 1.044795730980e-02 -7.739091943502e-01 1.250343297338e-03 1.250686688959e-02 -7.726929965615e-01 1.268773808096e-03 1.287829580889e-02
1121 -7.729687738419e-01 1.203991659025e-03 1.159676732001e-02 -7.734022467732e-01 1.012834476130e-03 8.206669408303e-03 -7.708180155754e-01 1.253067738133e-03 1.256143005080e-02
1122 -7.727678897977e-01 1.115382769426e-03 9.952629778665e-03 -7.733991917968e-01 1.021092584947e-03 8.341040536276e-03 -7.720400289297e-01 1.092060980781e-03 9.540777485954e-03
1123 -7.715036700368e-01 1.160958510696e-03 1.078259730847e-02 -7.741895313263e-01 1.260972928997e-03 1.272042182131e-02 -7.717000160217e-01 1.176754674020e-03 1.107801250263e-02
1124 -7.725752713084e-01 1.067106899635e-03 9.109737081989e-03 -7.730927172899e-01 1.134635745941e-03 1.029918620773e-02 -7.735355561376e-01 1.158140004883e-03 1.073030616729e-02
1125 -7.715912712812e-01 1.176563309881e-03 1.107440977727e-02 -7.735856766701e-01 1.128984192608e-03 1.019684245728e-02 -7.732612329125e-01 1.274661282328e-03 1.299809107733e-02
1126 -7.704986221790e-01 1.253954001070e-03 1.257920509440e-02 -7.717009859681e-01 9.518589095842e-04 7.248283070039e-03 -7.742670099735e-01 1.137853218811e-03 1.035767958047e-02
1127 -7.704115726948e-01 1.067021842156e-03 9.108284893106e-03 -7.732123205066e-01 1.178142023700e-03 1.110414902407e-02 -7.746973724961e-01 1.200683357420e-03 1.153312419829e-02
1128 -7.696427755952e-01 9.769017273034e-04 7.634695878466e-03 -7.713785818219e-01 1.063472133685e-03 9.047783832992e-03 -7.716363475323e-01 1.107045728984e-03 9.804401968485e-03
1129 -7.730315416455e-01 1.100065504984e-03 9.681152922039e-03 -7.716503431797e-01 1.109036854954e-03 9.839701965175e-03 -7.736434766650e-01 1.089113255714e-03 9.489341470182e-03
1130 -7.717474648356e-01 1.083271667497e-03 9.387820044814e-03 -7.746395802498e-01 1.348563647667e-03 1.454899129447e-02 -7.747161262631e-01 1.209226942529e-03 1.169783838830e-02
1131 -7.723205763698e-01 1.281054158587e-03 1.312879805787e-02 -7.707838205695e-01 8.202398039364e-04 5.382346687693e-03 -7.734355722070e-01 1.152183153460e-03 1.062020815293e-02
1132 -7.728672416210e-01 1.338765781732e-03 1.433835054670e-02 -7.738292249441e-01 1.328249689322e-03 1.411397789747e-02 -7.722612418532e-01 1.240908590355e-03 1.231883303694e-02
1133 -7.728756784201e-01 1.058428230708e-03 8.962162556481e-03 -7.732505546808e-01 1.362661754903e-03 1.485477646621e-02 -7.699726204872e-01 1.096144465111e-03 9.612261507150e-03
1134 -7.734841777086e-01 1.272004077914e-03 1.294395499384e-02 -7.720834246278e-01 1.095766714312e-03 9.605637537547e-03 -7.712323076129e-01 1.113518471778e-03 9.919387095920e-03
1135 -7.727192988992e-01 1.105241294691e-03 9.772466555929e-03 -7.749648149610e-01 1.078446064889e-03 9.304367318993e-03 -7.725654955506e-01 1.135349452390e-03 1.031214703233e-02
1136 -7.719388794899e-01 9.642162381229e-04 7.437703630879e-03 -7.721253098249e-01 1.110630839819e-03 9.868006898852e-03 -7.725864734650e-01 1.089462965919e-03 9.495436432865e-03
1137 -7.712532985210e-01 1.136140367817e-03 1.032651948306e-02 -7.729411929250e-01 1.104081896119e-03 9.751974666707e-03 -7.746428439617e-01 1.309288552922e-03 1.371389211851e-02
1138 -7.716931965947e-01 1.189549381288e-03 1.132022184418e-02 -7.742347764373e-01 1.144020491732e-03 1.047026308402e-02 -7.743533272147e-01 1.379982424707e-03 1.523481194001e-02
1139 -7.723455238342e-01 1.211161465182e-03 1.173529675794e-02 -7.726353988647e-01 1.147661439170e-03 1.053701423167e-02 -7.728136940002e-01 9.773988451381e-04 7.642468019819e-03
1140 -7.724255902171e-01 1.216144932365e-03 1.183206797213e-02 -7.735421947241e-01 1.159747135976e-03 1.076010735524e-02 -7.709826096296e-01 1.105180727673e-03 9.771395526557e-03
1141 -7.723198013306e-01 1.202338504912e-03 1.156494304316e-02 -7.718171031475e-01 1.064177301189e-03 9.059786626930e-03 -7.726491894722e-01 1.188298656925e-03 1.129642958439e-02
1142 -7.713901616931e-01 1.013324008675e-03 8.214604372453e-03 -7.721999922395e-01 1.088405283092e-03 9.477008482093e-03 -7.742051501274e-01 1.287559394469e-03 1.326247355429e-02
1143 -7.723870078921e-01 1.150071388823e-03 1.058131359512e-02 -7.721242758632e-01 9.111975000558e-04 6.642247072864e-03 -7.712650976777e-01 1.282397636828e-03 1.315634959153e-02
1144 -7.727733376026e-01 1.421611099203e-03 1.616782493901e-02 -7.723612983227e-01 1.239243418564e-03 1.228579400364e-02 -7.725939422250e-01 1.102625066793e-03 9.726256303361e-03
1145 -7.721232913136e-01 1.090915343639e-03 9.520770295899e-03 -7.715783451796e-01 1.217789715228e-03 1.186409432413e-02 -7.716303888559e-01 1.092147073745e-03 9.542281845511e-03
1146 -7.700495811105e-01 1.070667317339e-03 9.170628035347e-03 -7.739728535414e-01 1.175798467234e-03 1.106001628440e-02 -7.743341727853e-01 1.263010360311e-03 1.276156136203e-02
1147 -7.722978845239e-01 1.165524856515e-03 1.086758552924e-02 -7.722158532143e-01 1.123229877452e-03 1.009316286081e-02 -7.725417808294e-01 1.062755340209e-03 9.035591305145e-03
1148 -7.731990186572e-01 1.219902857480e-03 1.190530385351e-02 -7.732310608029e-01 1.173364799742e-03 1.101427962619e-02 -7.740162366033e-01 1.272866145978e-03 1.296150580461e-02
1149 -7.732651301026e-01 1.440089121301e-03 1.659085341831e-02 -7.712239668369e-01 1.057557337670e-03 8.947420179670e-03 -7.727268512845e-01 1.069616605453e-03 9.152637461280e-03
1150 -7.700422742963e-01 1.016389234732e-03 8.264376611832e-03 -7.726176365018e-01 1.065200603705e-03 9.077218609074e-03 -7.739406192899e-01 1.072983056219e-03 9.210341111469e-03
1151 -7.741894765496e-01 1.188165339733e-03 1.129389499634e-02 -7.719415392280e-01 1.055488538755e-03 8.912448443541e-03 -7.718447018266e-01 1.030212051641e-03 8.490694970771e-03
1152 -7.717035685182e-01 1.193209876506e-03 1.138999847513e-02 -7.736541057229e-01 1.473428513853e-03 1.736793268347e-02 -7.724293724895e-01 1.137135056706e-03 1.034460909752e-02
1153 -7.711070138216e-01 1.139363001659e-03 1.038518439640e-02 -7.729385290742e-01 1.159980302306e-03 1.076443441390e-02 -7.697736223340e-01 1.152651360807e-03 1.062884127657e-02
1154 -7.712647954822e-01 1.161972701504e-03 1.080144447232e-02 -7.727286510468e-01 1.028836673823e-03 8.468039211230e-03 -7.710277077556e-01 1.115123289320e-03 9.947999603070e-03
1155 -7.711296482682e-01 1.066389488445e-03 9.097492328530e-03 -7.725083960891e-01 1.134641753096e-03 1.029929526294e-02 -7.726707203388e-01 1.118583714467e-03 1.000983621017e-02
1156 -7.725541698933e-01 9.856191617236e-04 7.771561055653e-03 -7.718968651295e-01 1.088821838741e-03 9.484263972160e-03 -7.734124473333e-01 1.343046851534e-03 1.443019876332e-02
1157 -7.734199624658e-01 1.242573867841e-03 1.235191853633e-02 -7.736799818873e-01 1.270526061758e-03 1.291389178886e-02 -7.722744423747e-01 1.116899244958e-03 9.979711387101e-03
1158 -7.717937125564e-01 1.201592122729e-03 1.155058903523e-02 -7.733457835913e-01 1.233523431843e-03 1.217264045524e-02 -7.740700749755e-01 1.173139892794e-03 1.101005766451e-02
1159 -7.699815281034e-01 1.004506082180e-03 8.072259753086e-03 -7.716153798103e-01 1.210564537792e-03 1.172373200128e-02 -7.732292692065e-01 1.187785468630e-03 1.128667455591e-02
1160 -7.722747424841e-01 1.158189243121e-03 1.073121858305e-02 -7.741262080669e-01 1.249834336458e-03 1.249668694871e-02 -7.717020359039e-01 8.751222964524e-04 6.126712269984e-03
1161 -7.722944893241e-01 1.130123218928e-03 1.021742791968e-02 -7.733019614816e-01 1.172655499265e-03 1.100096735965e-02 -7.711502002478e-01 1.204410707263e-03 1.160484121416e-02
1162 -7.729233442545e-01 1.327544890595e-03 1.409900349237e-02 -7.706780313253e-01 1.020806063559e-03 8.336360155195e-03 -7.724295505881e-01 1.104943202608e-03 9.767195847923e-03
1163 -7.732505047917e-01 1.277012065458e-03 1.304607852260e-02 -7.718689367175e-01 9.724288577487e-04 7.564943067059e-03 -7.737657680511e-01 1.048140785787e-03 8.788792854643e-03
1164 -7.720365830660e-01 1.129563047998e-03 1.020730143522e-02 -7.714018523693e-01 8.975417866944e-04 6.444650070900e-03 -7.719385212064e-01 9.836986605291e-04 7.741304437815e-03
1165 -7.720855365992e-01 1.162449820725e-03 1.081031668563e-02 -7.709807602167e-01 1.080766224923e-03 9.344445063467e-03 -7.731555579901e-01 1.174103320534e-03 1.102814885830e-02
1166 -7.725261253715e-01 9.793932167004e-04 7.673688583350e-03 -7.738396552801e-01 1.540753824056e-03 1.899137877074e-02 -7.720887068510e-01 1.086516499348e-03 9.444144826851e-03
1167 -7.704780015349e-01 1.143881243883e-03 1.046771440085e-02 -7.735733510852e-01 1.376905449980e-03 1.516694894547e-02 -7.716923572421e-01 1.122867387678e-03 1.008664936249e-02
1168 -7.730803219080e-01 1.063143224316e-03 9.042188123281e-03 -7.742809254527e-01 1.168035848813e-03 1.091446195290e-02 -7.717517398596e-01 1.096223242519e-03 9.613643179504e-03
1169 -7.729798431396e-01 1.184745783837e-03 1.122898057856e-02 -7.714361080527e-01 1.124230745336e-03 1.011115815007e-02 -7.736898033023e-01 1.153688042577e-03 1.064796879669e-02
1170 -7.733742063046e-01 1.234682809732e-03 1.219553312519e-02 -7.712146398425e-01 1.121362483815e-03 1.005963056087e-02 -7.712330540419e-01 1.091948165703e-03 9.538806372658e-03
1171 -7.712666605115e-01 1.190655471622e-03 1.134128361684e-02 -7.699791668057e-01 1.119801436103e-03 1.003164205038e-02 -7.740130345821e-01 1.279305437452e-03 1.309297921836e-02
1172 -7.710710874200e-01 9.063923789128e-04 6.572377156410e-03 -7.726766780019e-01 1.261216894215e-03 1.272534443402e-02 -7.744669672251e-01 1.073981209601e-03 9.227485108606e-03
1173 -7.711960294843e-01 1.123721741107e-03 1.010200441149e-02 -7.723731498718e-01 1.315618626455e-03 1.384681896221e-02 -7.728777316213e-01 1.233253489998e-03 1.216731336475e-02
1174 -7.718337048292e-01 1.155054804621e-03 1.067321281342e-02 -7.733235095143e-01 1.201722170908e-03 1.155308940842e-02 -7.726366825104e-01 1.157500968106e-03 1.071846792934e-02
1175 -7.735988357663e-01 1.434850283490e-03 1.647036268824e-02 -7.732710719705e-01 1.146255398439e-03 1.051121150760e-02 -7.728151810765e-01 1.149141931981e-03 1.056421743869e-02
1176 -7.716304718852e-01 1.221253342698e-03 1.193167781640e-02 -7.736164822578e-01 1.100732683780e-03 9.692899529130e-03 -7.716927167773e-01 1.092818419930e-03 9.554016791500e-03
1177 -7.731300442815e-01 1.101259821399e-03 9.702185553821e-03 -7.727125495076e-01 1.029565564541e-03 8.480042013512e-03 -7.714174978137e-01 1.391643873171e-03 1.549338135787e-02
1178 -7.713551697731e-01 1.168666041598e-03 1.092624253427e-02 -7.735305030942e-01 1.253311123131e-03 1.256631017090e-02 -7.717552455068e-01 1.084412158758e-03 9.407597840504e-03
1179 -7.735885681510e-01 1.229801975180e-03 1.209930318524e-02 -7.727888824940e-01 1.072822277425e-03 9.207581111516e-03 -7.721287787557e-01 1.097165526960e-03 9.630177548387e-03
1180 -7.715458157063e-01 1.202488219700e-03 1.156782334814e-02 -7.705157322288e-01 9.705567648206e-04 7.535843469912e-03 -7.715857174993e-01 1.023994044844e-03 8.388510431008e-03
1181 -7.713511734009e-01 1.076295938371e-03 9.267303575623e-03 -7.736551502347e-01 1.237631191263e-03 1.225384772469e-02 -7.753923724890e-01 1.107760101364e-03 9.817059537393e-03
1182 -7.750484424829e-01 1.549625896714e-03 1.921072335814e-02 -7.724700820446e-01 1.242606119174e-03 1.235255973928e-02 -7.728255702853e-01 1.285837568133e-03 1.322702601297e-02
1183 -7.726899902821e-01 9.669540607513e-04 7.480001244828e-03 -7.739512161613e-01 1.162896352298e-03 1.081862340951e-02 -7.717056724429e-01 9.868570993535e-04 7.791095476355e-03
1184 -7.717564241886e-01 1.062505357336e-03 9.031341074938e-03 -7.717958207726e-01 1.056307871406e-03 8.926290553560e-03 -7.729183393121e-01 1.206771861952e-03 1.165038661439e-02
1185 -7.711860289574e-01 1.162113655236e-03 1.080406518148e-02 -7.717016073465e-01 1.115911510573e-03 9.962067995438e-03 -7.741176111698e-01 1.151363128237e-03 1.060509642450e-02
1186 -7.712087683678e-01 1.117074184714e-03 9.982837873240e-03 -7.732555106282e-01 9.849662313799e-04 7.761267815670e-03 -7.738131811619e-01 1.171410301363e-03 1.097761675311e-02
1187 -7.710277351737e-01 1.090275885165e-03 9.509612046180e-03 -7.740040400624e-01 1.203079657403e-03 1.157920529645e-02 -7.731730298996e-01 1.225662587256e-03 1.201799022239e-02
1188 -7.716716135740e-01 1.221242392297e-03 1.193146384594e-02 -7.723180400729e-01 1.057063834202e-03 8.939071596628e-03 -7.712529194951e-01 1.067109589706e-03 9.109783011533e-03
1189 -7.710579078197e-01 1.215956212006e-03 1.182839607612e-02 -7.755067669153e-01 1.265366913106e-03 1.280922739826e-02 -7.733192685843e-01 9.079110153687e-04 6.594419294623e-03
1190 -7.713027280569e-01 1.360251538337e-03 1.480227398038e-02 -7.737644743323e-01 1.175863437949e-03 1.106123859764e-02 -7.737088105679e-01 1.392577725768e-03 1.551418177843e-02
1191 -7.710086491704e-01 1.209639926572e-03 1.170583001567e-02 -7.739505721331e-01 1.119008368484e-03 1.001743782989e-02 -7.716556348205e-01 1.174235392638e-03 1.103063005859e-02
1192 -7.735687881112e-01 1.119862883659e-03 1.003274302558e-02 -7.721964470744e-01 1.050373467094e-03 8.826275363003e-03 -7.722482055426e-01 1.194838629879e-03 1.142111481160e-02
1193 -7.718572642803e-01 1.192102280096e-03 1.136886276968e-02 -7.746119419336e-01 1.143524337897e-03 1.046118329090e-02 -7.725427663326e-01 1.006556232217e-03 8.105243588920e-03
1194 -7.728525713682e-01 1.167290958588e-03 1.090054545602e-02 -7.722368192077e-01 1.254068856856e-03 1.258150958189e-02 -7.714608401656e-01 1.207863304120e-03 1.167147009151e-02
1195 -7.732010217309e-01 1.177127886645e-03 1.108504049213e-02 -7.744132265449e-01 1.247193799494e-03 1.244393898797e-02 -7.756484678388e-01 1.305233003372e-03 1.362906554472e-02
1196 -7.713235490918e-01 1.044157718731e-03 8.722122732688e-03 -7.737942206264e-01 1.297710667022e-03 1.347242380241e-02 -7.723605425358e-01 9.655218769922e-04 7.457859959604e-03
1197 -7.711566258669e-01 9.237331752423e-04 6.826263832346e-03 -7.741629329920e-01 1.091683086993e-03 9.534175699413e-03 -7.711766546369e-01 1.087423471694e-03 9.459918454320e-03
1198 -7.727987306118e-01 1.147838427953e-03 1.054026445349e-02 -7.717832446098e-01 1.127793363658e-03 1.017534296889e-02 -7.722419992089e-01 1.019927690362e-03 8.322019948532e-03
1199 -7.709887613058e-01 1.330254051695e-03 1.415660673640e-02 -7.728557915688e-01 1.106991433562e-03 9.803440271835e-03 -7.732654923201e-01 1.078573466458e-03 9.306565780380e-03
1200 -7.750922672153e-01 1.306791856124e-03 1.366163964185e-02 -7.734543858767e-01 1.547916661964e-03 1.916836793909e-02 -7.727754963636e-01 1.146648134000e-03 1.051841554564e-02
1201 -7.729133750796e-01 1.060192556899e-03 8.992066061637e-03 -7.726859487295e-01 1.178370756701e-03 1.110846112198e-02 -7.718985013366e-01 9.787090149544e-04 7.662970687623e-03
1202 -7.721801361442e-01 1.038191974580e-03 8.622740608658e-03 -7.711150979400e-01 1.030074315317e-03 8.488424760612e-03 -7.713432646990e-01 1.062274782099e-03 9.027421701466e-03
1203 -7.720930245519e-01 1.196535896586e-03 1.145358521454e-02 -7.720990128517e-01 1.155858710006e-03 1.068807485997e-02 -7.710512122512e-01 1.084894895245e-03 9.415975469821e-03
1204 -7.732061253190e-01 1.077639845583e-03 9.290461094301e-03 -7.733315558434e-01 1.202394049500e-03 1.156601160219e-02 -7.725182496905e-01 1.227209631996e-03 1.204834784691e-02
1205 -7.708890762925e-01 1.173473855000e-03 1.101632710694e-02 -7.732506340146e-01 1.164552327190e-03 1.084945698211e-02 -7.709281928539e-01 1.187953495041e-03 1.128986805103e-02
1206 -7.734743637443e-01 1.240497340464e-03 1.231066921358e-02 -7.727838608623e-01 1.270531451666e-03 1.291400135738e-02 -7.736020627022e-01 1.427055649589e-03 1.629190261618e-02
1207 -7.729422590137e-01 1.334644790421e-03 1.425021373279e-02 -7.748660247922e-01 1.124166322291e-03 1.010999936139e-02 -7.719063967466e-01 1.098518212919e-03 9.653938112925e-03
1208 -7.727507587075e-01 1.156809003064e-03 1.070565655656e-02 -7.710138161182e-01 9.185942832996e-04 6.750523658486e-03 -7.725080719590e-01 1.088071956294e-03 9.471204656595e-03
1209 -7.714232063293e-01 1.266694958074e-03 1.283612893448e-02 -7.719465479255e-01 1.099797293816e-03 9.676432699878e-03 -7.733223785758e-01 1.084908407620e-03 9.416210023405e-03
1210 -7.733581730723e-01 1.252820197582e-03 1.255646757975e-02 -7.742189077139e-01 1.157119706200e-03 1.071140811582e-02 -7.726255471706e-01 1.128883057569e-03 1.019501566133e-02
1211 -7.705588970184e-01 1.089108016505e-03 9.489250172920e-03 -7.725701336861e-01 1.121532686633e-03 1.006268453749e-02 -7.717558441758e-01 1.053788410405e-03 8.883760111238e-03
1212 -7.733541657925e-01 1.506072009662e-03 1.814602318630e-02 -7.737251412868e-01 1.156155105538e-03 1.069355702450e-02 -7.724663190246e-01 1.247875956417e-03 1.245755522082e-02
1213 -7.713512511253e-01 1.096228776911e-03 9.613740250624e-03 -7.704580057859e-01 1.121147371497e-03 1.005577142891e-02 -7.729978320003e-01 9.721397606340e-04 7.560445713644e-03
1214 -7.714556176066e-01 1.103249709145e-03 9.737279365827e-03 -7.724279816747e-01 1.042987249431e-03 8.702579219812e-03 -7.716234935522e-01 1.072114764939e-03 9.195440553598e-03
1215 -7.713080472946e-01 1.232660809965e-03 1.215562137939e-02 -7.729093275070e-01 1.131464639093e-03 1.024169783614e-02 -7.730332433581e-01 1.130469845633e-03 1.022369657508e-02
1216 -7.728697455525e-01 1.289043789440e-03 1.329307112876e-02 -7.729060682654e-01 1.255305454013e-03 1.260633426300e-02 -7.731459503770e-01 1.158065485282e-03 1.072892534561e-02
1217 -7.731764810681e-01 1.232304509145e-03 1.214859522607e-02 -7.717263716459e-01 1.027557361236e-03 8.446993045036e-03 -7.724186396599e-01 1.041631241116e-03 8.679965139745e-03
1218 -7.729736117125e-01 1.205948056873e-03 1.163448572701e-02 -7.735233948231e-01 1.117420975089e-03 9.989037084544e-03 -7.731752008796e-01 1.169778699148e-03 1.094705763985e-02
1219 -7.724516083598e-01 1.078435816042e-03 9.304190474570e-03 -7.735858870745e-01 1.118277889295e-03 1.000436350149e-02 -7.730895063281e-01 1.136711892566e-03 1.033691141361e-02
1220 -7.723371418715e-01 1.030226738228e-03 8.490937057285e-03 -7.720554373860e-01 1.065065105433e-03 9.074909430484e-03 -7.727453958392e-01 1.117841783236e-03 9.996562018793e-03
1221 -7.703762370348e-01 1.045399108132e-03 8.742874362268e-03 -7.746451306939e-01 1.059953438757e-03 8.988010338658e-03 -7.741527543068e-01 1.159330338581e-03 1.075237467164e-02
1222 -7.719615713954e-01 1.169310010393e-03 1.093828720324e-02 -7.734341853261e-01 1.169805574786e-03 1.094756066240e-02 -7.728744451404e-01 1.057196206578e-03 8.941310553617e-03
1223 -7.716616980433e-01 1.001327559173e-03 8.021255046073e-03 -7.725271620750e-01 9.456493013717e-04 7.154020809478e-03 -7.727999798059e-01 1.026100652916e-03 8.423060399311e-03
1224 -7.718750713468e-01 1.219333449682e-03 1.189419249211e-02 -7.736999390125e-01 1.027661712143e-03 8.448708756841e-03 -7.739932795763e-01 1.301518594098e-03 1.355160520626e-02
1225 -7.743774430156e-01 1.118097905333e-03 1.000114340728e-02 -7.728390181661e-01 1.139217665924e-03 1.038253512282e-02 -7.700651116371e-01 1.091963731129e-03 9.539078320806e-03
1226 -7.729756417871e-01 1.264443925853e-03 1.279054753300e-02 -7.728835436702e-01 1.222948507874e-03 1.196482442328e-02 -7.690733407140e-01 1.025532398342e-03 8.413733600397e-03
1227 -7.742231425643e-01 1.218592878613e-03 1.187974883045e-02 -7.724555641413e-01 1.231386027415e-03 1.213049238810e-02 -7.721231406927e-01 1.186417092254e-03 1.126068413433e-02
1228 -7.721489540935e-01 1.206823593104e-03 1.165138547898e-02 -7.707628595829e-01 1.002466433618e-03 8.039511604249e-03 -7.728148607016e-01 1.101630383975e-03 9.708716023183e-03
1229 -7.725633381605e-01 1.202087275539e-03 1.156011054409e-02 -7.708806639910e-01 1.001986537073e-03 8.031816163808e-03 -7.733305133581e-01 1.344810725372e-03 1.446812709661e-02
1230 -7.720512062311e-01 1.150145802502e-03 1.058268293610e-02 -7.736848152876e-01 1.389544775284e-03 1.544667746015e-02 -7.718455538154e-01 1.179827406544e-03 1.113594167386e-02
1231 -7.720829206109e-01 1.089418342035e-03 9.494658591699e-03 -7.715032692552e-01 9.292914711610e-04 6.908661106981e-03 -7.713558734059e-01 1.084474471329e-03 9.408679031721e-03
1232 -7.740773203373e-01 1.190530547310e-03 1.133890387262e-02 -7.726610731483e-01 1.121535565164e-03 1.006273619141e-02 -7.732676995993e-01 1.036226028003e-03 8.590115048885e-03
1233 -7.712925410271e-01 1.134381142363e-03 1.029456460919e-02 -7.730564980507e-01 1.139436152646e-03 1.038651796766e-02 -7.712566562891e-01 9.644403638230e-04 7.441161722968e-03
1234 -7.726812850833e-01 1.132972732325e-03 1.026901769754e-02 -7.710773879290e-01 1.023631179314e-03 8.382566330118e-03 -7.733030455112e-01 1.166198716537e-03 1.088015557161e-02
1235 -7.741401816607e-01 1.421190381706e-03 1.615825680842e-02 -7.720469630957e-01 1.296802865843e-03 1.345358138288e-02 -7.728040850759e-01 1.169975487253e-03 1.095074112617e-02
1236 -7.718732588291e-01 1.144520622145e-03 1.047941963611e-02 -7.739152703881e-01 1.062588274192e-03 9.032750723601e-03 -7.712809924483e-01 1.100626748325e-03 9.691033913022e-03
1237 -7.712067174911e-01 1.252145214822e-03 1.254294111201e-02 -7.711594644785e-01 1.036112065471e-03 8.588225697723e-03 -7.733472189307e-01 1.333227596439e-03 1.421996659126e-02
1238 -7.721181911230e-01 1.050844681657e-03 8.834196359731e-03 -7.747479001880e-01 1.377778574749e-03 1.518619040829e-02 -7.713920661211e-01 9.601202150221e-04 7.374646618352e-03
1239 -7.711947001815e-01 1.166694552681e-03 1.088940943404e-02 -7.732383230925e-01 9.124562058552e-04 6.660610620830e-03 -7.726997593045e-01 1.215439449758e-03 1.181834444822e-02
1240 -7.742891318798e-01 1.139843706268e-03 1.039394939775e-02 -7.715227103829e-01 1.072823757059e-03 9.207606509678e-03 -7.754126467109e-01 1.229810730020e-03 1.209947545339e-02
1241 -7.724593503475e-01 1.356532674114e-03 1.472144716750e-02 -7.717183092833e-01 1.028201709287e-03 8.457590039846e-03 -7.725741445422e-01 1.037571482581e-03 8.612436651719e-03
1242 -7.705806118250e-01 9.375578868317e-04 7.032118329283e-03 -7.723893881440e-01 1.316211691822e-03 1.385930574150e-02 -7.736068507433e-01 1.240726198000e-03 1.231521198722e-02
1243 -7.715397918224e-01 1.112352549817e-03 9.898625560673e-03 -7.715981115103e-01 1.132207857180e-03 1.025515705488e-02 -7.720047312975e-01 9.733728999365e-04 7.579638418647e-03
1244 -7.730246045589e-01 1.101516157338e-03 9.706702759019e-03 -7.749515234828e-01 1.146369283626e-03 1.051330027553e-02 -7.732774923444e-01 1.231556904653e-03 1.213385927518e-02
1245 -7.700364887714e-01 1.016110535850e-03 8.259844968530e-03 -7.721425421238e-01 1.069599298857e-03 9.152341280920e-03 -7.736383165717e-01 1.128682562899e-03 1.019139462234e-02
1246 -7.686119135022e-01 9.864832608220e-04 7.785193791055e-03 -7.733165560365e-01 1.359944098874e-03 1.479558361649e-02 -7.728402624130e-01 1.129663290564e-03 1.020911320039e-02
1247 -7.702724014521e-01 1.121687338172e-03 1.006545987693e-02 -7.720700151920e-01 1.093525794242e-03 9.566389301384e-03 -7.721512358189e-01 1.053383034937e-03 8.876926546346e-03
1248 -7.719716635942e-01 1.183696281510e-03 1.120909509488e-02 -7.713893367052e-01 1.131388877203e-03 1.024032633167e-02 -7.714372748733e-01 9.342482488814e-04 6.982558324303e-03
1249 -7.717229995728e-01 1.282575796342e-03 1.316000538690e-02 -7.720306485295e-01 1.209274924238e-03 1.169876673913e-02 -7.733449208140e-01 1.245852692952e-03 1.241719146028e-02
1250 -7.733930703402e-01 1.359841081825e-03 1.479334214255e-02 -7.718346853852e-01 1.139453122852e-03 1.038682735341e-02 -7.707924917936e-01 1.242367937603e-03 1.234782473907e-02
1251 -7.733017835617e-01 1.207930120998e-03 1.167276141771e-02 -7.722651825547e-01 1.089613722782e-03 9.498064519005e-03 -7.717866750956e-01 1.119306334567e-03 1.002277336481e-02
1252 -7.735018676519e-01 1.240628852140e-03 1.231327959010e-02 -7.723973544240e-01 1.046013844085e-03 8.753159696143e-03 -7.728195278645e-01 1.233508408882e-03 1.217234395827e-02
1253 -7.728008882403e-01 1.069527701899e-03 9.151116041038e-03 -7.717347033620e-01 9.510553035058e-04 7.236049522612e-03 -7.710256771445e-01 1.035208456410e-03 8.573252385779e-03
1254 -7.744892318249e-01 1.077564382980e-03 9.289159995735e-03 -7.729194219112e-01 1.042592059705e-03 8.695985623687e-03 -7.748039022088e-01 1.113949960636e-03 9.927076118402e-03
1255 -7.703058393598e-01 9.997746634780e-04 7.996395021860e-03 -7.723623485565e-01 1.123541378301e-03 1.009876183004e-02 -7.721005032659e-01 1.210548869790e-03 1.172342852920e-02
1256 -7.717079491615e-01 1.134736372196e-03 1.030101307507e-02 -7.739590005279e-01 1.427269099965e-03 1.629677666972e-02 -7.721323808432e-01 1.203922208883e-03 1.159542948033e-02
1257 -7.743456327915e-01 1.417004937963e-03 1.606322395370e-02 -7.722043816447e-01 1.142681031886e-03 1.044575952506e-02 -7.725975294709e-01 9.988740257561e-04 7.981994554641e-03
1258 -7.724924505353e-01 1.110208631106e-03 9.860505636653e-03 -7.708843585253e-01 1.048541308104e-03 8.795510998409e-03 -7.716991192698e-01 1.263371305186e-03 1.276885643814e-02
1259 -7.730510503054e-01 1.286339706505e-03 1.323735872424e-02 -7.733899655342e-01 1.129477999715e-03 1.020576441472e-02 -7.721472955942e-01 1.091991054494e-03 9.539555704751e-03
1260 -7.737681517601e-01 1.331146424455e-03 1.417560642671e-02 -7.733313940167e-01 1.032438094068e-03 8.527427344657e-03 -7.739023144245e-01 1.186466377511e-03 1.126161971971e-02
1261 -7.726497395635e-01 1.158586728620e-03 1.073858566187e-02 -7.734013106823e-01 1.086542016482e-03 9.444588428654e-03 -7.720686215162e-01 9.930365088242e-04 7.888972062863e-03
1262 -7.740065146089e-01 1.135823222813e-03 1.032075514786e-02 -7.731006906629e-01 1.323529624278e-03 1.401384533073e-02 -7.729243390560e-01 1.210464692535e-03 1.172179817499e-02
1263 -7.692579737902e-01 9.915545119451e-04 7.865442801270e-03 -7.719958869815e-01 1.090813034349e-03 9.518984607251e-03 -7.737329760194e-01 1.127428883341e-03 1.016876709593e-02
1264 -7.731299449205e-01 1.161385523024e-03 1.079053066472e-02 -7.737640294433e-01 1.137214018685e-03 1.034604579435e-02 -7.734595945477e-01 1.211930768853e-03 1.175020950793e-02
1265 -7.736434733868e-01 1.298527536673e-03 1.348939010797e-02 -7.730884667635e-01 1.195830328445e-03 1.144008139543e-02 -7.726787782907e-01 1.101795340721e-03 9.711623782671e-03
1266 -7.739806100130e-01 1.235152725344e-03 1.220481803940e-02 -7.739762176275e-01 1.259946054981e-03 1.269971249170e-02 -7.734385849833e-01 1.254535758527e-03 1.259087975538e-02
1267 -7.723972988725e-01 1.151154764443e-03 1.060125833359e-02 -7.733917061687e-01 1.189947647985e-03 1.132780323957e-02 -7.727148036957e-01 1.085420196780e-03 9.425096028624e-03
1268 -7.742936661839e-01 1.163731095598e-03 1.083416050290e-02 -7.740263195634e-01 1.300589982379e-03 1.353227441811e-02 -7.719850164056e-01 9.777084078215e-04 7.647309845798e-03
1269 -7.715578939319e-01 1.164486580168e-03 1.084823196312e-02 -7.726080448031e-01 1.007550560165e-03 8.121265050313e-03 -7.738846694827e-01 1.224247562025e-03 1.199025674499e-02
1270 -7.710038166046e-01 1.324039822557e-03 1.402465161374e-02 -7.716276559830e-01 9.958440670757e-04 7.933643247439e-03 -7.732482843399e-01 1.138304327291e-03 1.036589393224e-02
1271 -7.730605934858e-01 1.115934566845e-03 9.962479659833e-03 -7.719050064683e-01 1.071327303713e-03 9.181937533448e-03 -7.726470798254e-01 1.195054116274e-03 1.142523472658e-02
1272 -7.731870822310e-01 1.127249006573e-03 1.016552258255e-02 -7.734260702729e-01 1.406892906533e-03 1.583478120361e-02 -7.725231323838e-01 1.129194274766e-03 1.020063768131e-02
1273 -7.722966777086e-01 1.131594345655e-03 1.024404610495e-02 -7.703267387748e-01 1.236402255610e-03 1.222952430143e-02 -7.717660593987e-01 1.082313673943e-03 9.371223110424e-03
1274 -7.715038363338e-01 1.242301522521e-03 1.234650458287e-02 -7.723810229897e-01 1.100098199520e-03 9.681728388697e-03 -7.723643360138e-01 1.284397571770e-03 1.319741697895e-02
1275 -7.712120094895e-01 1.160508454767e-03 1.077423898868e-02 -7.722222561240e-01 1.091431457488e-03 9.529781011163e-03 -7.710206593871e-01 1.069810470793e-03 9.155955547354e-03
1276 -7.703170235157e-01 1.050919602202e-03 8.835456082338e-03 -7.741264128089e-01 1.141260565832e-03 1.041980543298e-02 -7.710808197260e-01 1.057940453107e-03 8.953904018555e-03
1277 -7.709642150998e-01 1.182359833517e-03 1.118379820731e-02 -7.723804747462e-01 1.209563757892e-03 1.170435587525e-02 -7.731572138071e-01 1.268243047848e-03 1.286752342732e-02
1278 -7.710120807886e-01 1.065054810194e-03 9.074733989743e-03 -7.734774855375e-01 1.150622557059e-03 1.059145815050e-02 -7.730485502481e-01 1.068357657458e-03 9.131104673997e-03
1279 -7.721682232618e-01 1.265006790175e-03 1.280193743350e-02 -7.729976173639e-01 1.185069326838e-03 1.123511447529e-02 -7.750591703653e-01 1.322770837782e-03 1.399778151429e-02
1280 -7.719308957458e-01 1.063830606424e-03 9.053884473313e-03 -7.740640801191e-01 1.176983735829e-03 1.108232571524e-02 -7.714935607314e-01 1.171369746436e-03 1.097685666292e-02
1281 -7.724563836455e-01 1.344377632478e-03 1.445880974966e-02 -7.745685656667e-01 1.171231187967e-03 1.097425996534e-02 -7.717054199576e-01 1.058338472994e-03 8.960642587355e-03
1282 -7.727159666419e-01 1.270391174508e-03 1.291114989014e-02 -7.728746247888e-01 1.008049080783e-03 8.129303594139e-03 -7.712721984386e-01 1.135263347391e-03 1.031058294343e-02
1283 -7.733102002144e-01 1.235552803955e-03 1.221272585089e-02 -7.728517442942e-01 1.199918847681e-03 1.151844192815e-02 -7.714478568435e-01 1.206056711963e-03 1.163658233977e-02
1284 -7.747776112556e-01 1.247695880292e-03 1.245396007758e-02 -7.753533318043e-01 1.388593950220e-03 1.542554526871e-02 -7.720864062905e-01 1.400978915482e-03 1.570193537299e-02
1285 -7.727882526517e-01 1.050706322024e-03 8.831870201132e-03 -7.724280142188e-01 1.093098509926e-03 9.558914819228e-03 -7.721998311281e-01 1.055934921233e-03 8.919988463034e-03
1286 -7.727638356686e-01 1.174749372250e-03 1.104028870081e-02 -7.743848916292e-01 1.193048786799e-03 1.138692326146e-02 -7.730331892967e-01 1.233770701514e-03 1.217752115132e-02
1287 -7.715306527019e-01 1.128211879964e-03 1.018289636873e-02 -7.726167272925e-01 9.913764563910e-04 7.862618226292e-03 -7.739061663151e-01 1.046262429455e-03 8.757320570319e-03
1288 -7.726845509410e-01 1.248424608084e-03 1.246851201655e-02 -7.725183921456e-01 1.091251950733e-03 9.526646559835e-03 -7.725322730541e-01 1.191188936378e-03 1.135144865719e-02
1289 -7.737285813093e-01 1.108868195604e-03 9.836709401776e-03 -7.718697556853e-01 1.077411048490e-03 9.286516539261e-03 -7.740375410914e-01 9.314078279347e-04 6.940164335504e-03
1290 -7.739865767956e-01 1.184942731545e-03 1.123271421632e-02 -7.758008469343e-01 1.446683349786e-03 1.674314171640e-02 -7.740673770905e-01 1.204683782922e-03 1.161010413468e-02
1291 -7.734620214701e-01 1.325611580209e-03 1.405796849267e-02 -7.727861179113e-01 9.928366254433e-04 7.885796518574e-03 -7.728200684190e-01 1.249240448434e-03 1.248481358403e-02
1292 -7.715923738480e-01 1.061676882134e-03 9.017262416469e-03 -7.753168749809e-01 1.417111420410e-03 1.606563822285e-02 -7.730538554788e-01 1.248120723665e-03 1.246244272673e-02
1293 -7.709889967442e-01 1.162205116703e-03 1.080576586632e-02 -7.719146062136e-01 1.067346828079e-03 9.113834011290e-03 -7.733416407704e-01 1.160310098735e-03 1.077055620181e-02
1294 -7.714853646755e-01 1.022997753757e-03 8.372195233529e-03 -7.736934455633e-01 1.083126065967e-03 9.385296598224e-03 -7.730742298365e-01 1.174997842407e-03 1.104495943729e-02
1295 -7.721571495533e-01 1.183021471898e-03 1.119631842378e-02 -7.724365064502e-01 1.078379294601e-03 9.303215224189e-03 -7.711609574556e-01 1.131372721155e-03 1.024003387339e-02
1296 -7.704083438516e-01 9.956196182975e-04 7.930067394711e-03 -7.723833250403e-01 1.265000813216e-03 1.280181645949e-02 -7.727696911693e-01 1.019889549069e-03 8.321397538399e-03
1297 -7.722300310135e-01 1.349453043185e-03 1.456818812608e-02 -7.736749228835e-01 1.189440111394e-03 1.131814222875e-02 -7.718292025328e-01 1.023239618602e-03 8.376154536617e-03
1298 -7.718055247068e-01 8.918958237145e-04 6.363825282874e-03 -7.728213090897e-01 1.003618542371e-03 8.058001428726e-03 -7.731090140939e-01 1.230819373475e-03 1.211933064097e-02
1299 -7.724299135804e-01 1.197736057937e-03 1.147657331585e-02 -7.734982047081e-01 1.114206611079e-03 9.931650977386e-03 -7.724633104205e-01 1.341236742706e-03 1.439132799988e-02
1300 -7.715012379885e-01 1.186478285991e-03 1.126184578502e-02 -7.741245100498e-01 1.095319235468e-03 9.597793820682e-03 -7.715100501776e-01 9.524883568429e-04 7.257872559371e-03
1301 -7.710218450427e-01 1.205871872301e-03 1.163301577925e-02 -7.749632589817e-01 1.128855518119e-03 1.019451824630e-02 -7.733652547002e-01 1.112750817920e-03 9.905715062252e-03
1302 -7.728301137686e-01 1.292722230341e-03 1.336904611854e-02 -7.724419971704e-01 1.058307129211e-03 8.960111837919e-03 -7.725264565945e-01 1.326855113221e-03 1.408435593184e-02
1303 -7.703709747195e-01 1.109839533611e-03 9.853950322920e-03 -7.728187946081e-01 1.095062368332e-03 9.593292724288e-03 -7.725556927323e-01 1.140066193931e-03 1.039800741236e-02
1304 -7.718377672434e-01 1.168489082142e-03 1.092293388069e-02 -7.723050214052e-01 1.228247993997e-03 1.206874507807e-02 -7.732539942265e-01 1.191603646898e-03 1.135935401041e-02
1305 -7.732323947549e-01 1.304250556050e-03 1.360855610365e-02 -7.720234739780e-01 1.137226075554e-03 1.034626517536e-02 -7.709300484657e-01 1.024095997777e-03 8.390180901302e-03
1306 -7.721556221843e-01 1.053269459662e-03 8.875012437261e-03 -7.730805330276e-01 1.020119043734e-03 8.325142907104e-03 -7.724105560780e-01 1.144249066508e-03 1.047444740964e-02
1307 -7.741613397002e-01 1.262970207579e-03 1.276074996185e-02 -7.735367214084e-01 1.007138095125e-03 8.114617141223e-03 -7.725913420916e-01 1.082587794074e-03 9.375970655030e-03
1308 -7.699527541399e-01 1.022949137795e-03 8.371399508132e-03 -7.730859603286e-01 1.083419250460e-03 9.390378178130e-03 -7.720947351456e-01 1.116754174257e-03 9.977119085764e-03
1309 -7.727552922964e-01 1.049292764840e-03 8.808122450759e-03 -7.722816871405e-01 1.225997574140e-03 1.202456041437e-02 -7.739904001355e-01 1.364658374481e-03 1.489833983233e-02
1310 -7.726589404345e-01 1.060599995921e-03 8.998978810787e-03 -7.717721941471e-01 1.048804918259e-03 8.799934052514e-03 -7.716504451036e-01 1.085641172224e-03 9.428934038626e-03
1311 -7.727266755104e-01 1.266657558464e-03 1.283537096332e-02 -7.746743686199e-01 1.184112855551e-03 1.121698603745e-02 -7.719301227331e-01 1.001084106342e-03 8.017355103766e-03
1312 -7.725346262455e-01 1.268036867621e-03 1.286333998116e-02 -7.715935348868e-01 1.215082252460e-03 1.181139904194e-02 -7.735787139535e-01 1.203275810180e-03 1.158298140291e-02
1313 -7.726401949525e-01 1.240424362238e-03 1.230922078746e-02 -7.731686096191e-01 1.103715039884e-03 9.745495114126e-03 -7.742864385247e-01 1.169235094440e-03 1.093688564856e-02
1314 -7.723144849539e-01 1.369427865208e-03 1.500266142407e-02 -7.738062877059e-01 1.275318906659e-03 1.301150650945e-02 -7.713162273169e-01 1.171701451453e-03 1.098307433070e-02
1315 -7.734042726159e-01 1.043477790360e-03 8.710767191793e-03 -7.715260945559e-01 1.001010434914e-03 8.016175126454e-03 -7.743523537517e-01 1.253634978140e-03 1.257280526733e-02
1316 -7.719653590918e-01 1.103643624287e-03 9.744233995441e-03 -7.740859612823e-01 1.044447038331e-03 8.726956927034e-03 -7.720106165409e-01 1.131237183755e-03 1.023758052729e-02
1317 -7.730737440586e-01 1.113149355987e-03 9.912811909868e-03 -7.744076481462e-01 1.443863326818e-03 1.667793045224e-02 -7.728214019537e-01 1.009008150482e-03 8.144779581907e-03
1318 -7.719232463837e-01 1.132653286049e-03 1.026322773119e-02 -7.758784472346e-01 1.246507115729e-03 1.243023991651e-02 -7.709972178340e-01 1.055387680712e-03 8.910745252789e-03
1319 -7.734174702168e-01 1.130211182709e-03 1.021901854017e-02 -7.723454716206e-01 1.139175957316e-03 1.038177489381e-02 -7.703870297074e-01 1.023127181691e-03 8.374313839312e-03
1320 -7.710471750498e-01 1.061795779028e-03 9.019282210897e-03 -7.732530465722e-01 1.111418534291e-03 9.882009266932e-03 -7.729265504479e-01 1.197668804748e-03 1.147528452694e-02
1321 -7.724931206107e-01 1.106280453445e-03 9.790851533393e-03 -7.730642130971e-01 1.274163859179e-03 1.298794832029e-02 -7.731839478612e-01 1.236196077390e-03 1.222544593404e-02
1322 -7.726695691943e-01 1.332122989067e-03 1.419641326400e-02 -7.719809539318e-01 9.618381561634e-04 7.401061109214e-03 -7.726772927046e-01 9.147266610343e-04 6.693798915255e-03
1323 -7.709025445580e-01 1.013161754779e-03 8.211973930769e-03 -7.739826914668e-01 1.231550080071e-03 1.213372479778e-02 -7.720856766105e-01 1.093564851112e-03 9.567072668694e-03
1324 -7.745332419276e-01 1.256057629546e-03 1.262144614992e-02 -7.734093750715e-01 1.085325939613e-03 9.423459161569e-03 -7.725520812869e-01 9.699010966483e-04 7.525665098237e-03
1325 -7.713087536097e-01 1.069452806900e-03 9.149834449498e-03 -7.725917588472e-01 1.063242406210e-03 9.043875314908e-03 -7.719565561414e-01 1.107462157361e-03 9.811779439892e-03
1326 -7.720740478039e-01 1.284929529000e-03 1.320835115597e-02 -7.740388151407e-01 1.107855398448e-03 9.818748670968e-03 -7.731844984889e-01 1.070402802370e-03 9.166097274568e-03
1327 -7.718554394245e-01 1.122611888989e-03 1.008205962640e-02 -7.733422271013e-01 9.942572802655e-04 7.908380314888e-03 -7.740513559580e-01 1.198969175626e-03 1.150021667281e-02
1328 -7.714781820178e-01 1.236264840496e-03 1.222680604678e-02 -7.731481732130e-01 1.219667176667e-03 1.190070417471e-02 -7.733310177326e-01 1.272634210237e-03 1.295678266452e-02
1329 -7.730916026235e-01 1.346518212430e-03 1.450489037124e-02 -7.716781780720e-01 9.182331997941e-04 6.745217673632e-03 -7.723081663251e-01 1.179955315755e-03 1.113835637743e-02
1330 -7.731782699227e-01 1.178902969035e-03 1.111849768319e-02 -7.718731363416e-01 1.124435526869e-03 1.011484203269e-02 -7.725171794295e-01 1.240774813244e-03 1.231617709745e-02
1331 -7.701198151112e-01 1.013671430304e-03 8.220238148914e-03 -7.740452176929e-01 1.293853665832e-03 1.339245846870e-02 -7.738569573164e-01 1.122893744306e-03 1.008712288802e-02
1332 -7.710819881558e-01 1.035969220614e-03 8.585857808479e-03 -7.725183735490e-01 1.130327271038e-03 1.022111791721e-02 -7.715838106275e-01 1.017408360792e-03 8.280958180882e-03
1333 -7.707234500647e-01 1.085897558447e-03 9.433388059533e-03 -7.726195588112e-01 9.819947818063e-04 7.714510011959e-03 -7.710890748501e-01 1.120842146117e-03 1.005029693209e-02
1334 -7.727320185900e-01 1.270292257168e-03 1.290913934896e-02 -7.725930202007e-01 1.066386531428e-03 9.097441875294e-03 -7.700814210773e-01 1.041164584048e-03 8.672189528609e-03
1335 -7.712649705410e-01 1.184608904210e-03 1.122638604746e-02 -7.732721791267e-01 1.106028878148e-03 9.786399034376e-03 -7.703827813268e-01 1.081110057650e-03 9.350391654009e-03
1336 -7.731925587058e-01 1.298262324173e-03 1.348388049894e-02 -7.730934104919e-01 1.120180978767e-03 1.003844340154e-02 -7.719704626203e-01 1.094041830754e-03 9.575420219512e-03
1337 -7.735010390878e-01 1.255928011277e-03 1.261884135608e-02 -7.733761208653e-01 1.133769865253e-03 1.028347285884e-02 -7.746124730110e-01 1.362221012589e-03 1.484516869712e-02
1338 -7.743720300794e-01 1.212069099521e-03 1.175289201611e-02 -7.731961960793e-01 1.085660760074e-03 9.429274287708e-03 -7.737139495611e-01 1.155531394669e-03 1.068202243253e-02
1339 -7.736127116680e-01 1.171198303596e-03 1.097364373076e-02 -7.718841214180e-01 1.147481929509e-03 1.053371822840e-02 -7.744800798893e-01 1.112714346619e-03 9.905065737372e-03
1340 -7.723656234145e-01 1.066215068148e-03 9.094516572358e-03 -7.742568278313e-01 1.160467562503e-03 1.077347970897e-02 -7.720939211845e-01 1.146212138368e-03 1.051041812914e-02
1341 -7.716194332242e-01 1.122770401048e-03 1.008490698775e-02 -7.736908177137e-01 1.346814978208e-03 1.451128468420e-02 -7.719721732736e-01 1.085752564737e-03 9.430869054670e-03
1342 -7.735290066004e-01 1.067302288750e-03 9.113073404560e-03 -7.735764805675e-01 1.171312775326e-03 1.097578894114e-02 -7.725111140013e-01 9.464690376522e-04 7.166429113875e-03
1343 -7.722199212313e-01 1.215040015615e-03 1.181057791636e-02 -7.727777190804e-01 9.240137140961e-04 6.830410750701e-03 -7.728142142296e-01 1.014298468252e-03 8.230411061582e-03
1344 -7.725760409236e-01 1.119770324633e-03 1.003108463943e-02 -7.740263513923e-01 1.228033158469e-03 1.206452350640e-02 -7.715713279843e-01 1.126941355785e-03 1.015997455503e-02
1345 -7.713157848716e-01 1.170103686630e-03 1.095314109971e-02 -7.724542956352e-01 1.104193793913e-03 9.753951476121e-03 -7.724583063126e-01 1.247781396329e-03 1.245566730419e-02
1346 -7.736128022075e-01 1.267371235428e-03 1.284983878713e-02 -7.733076071739e-01 1.264466610905e-03 1.279100648075e-02 -7.732263675332e-01 1.217319036075e-03 1.185492508473e-02
1347 -7.728053299189e-01 1.106313115786e-03 9.791429681280e-03 -7.726694778204e-01 1.022259335335e-03 8.360113189435e-03 -7.736947318316e-01 1.180800768526e-03 1.115432363960e-02
1348 -7.713826983571e-01 9.909567829286e-04 7.855962765058e-03 -7.731281760931e-01 1.219142135979e-03 1.189046038176e-02 -7.715331594348e-01 1.023530398514e-03 8.380915813452e-03
1349 -7.724625606537e-01 1.083000759018e-03 9.383125152267e-03 -7.729942231178e-01 1.087843181899e-03 9.467222307241e-03 -7.732517120838e-01 1.007691074723e-03 8.123530416605e-03
1350 -7.723140577078e-01 1.279583696047e-03 1.309867548152e-02 -7.736816434264e-01 1.174168626184e-03 1.102937570172e-02 -7.736278185248e-01 1.096413380601e-03 9.616978409280e-03
1351 -7.728997501135e-01 1.197019692163e-03 1.146284914740e-02 -7.736326351166e-01 1.171024733365e-03 1.097039140922e-02 -7.741231458187e-01 1.465994284114e-03 1.719311392843e-02
1352 -7.734283928871e-01 1.277328486671e-03 1.305254450289e-02 -7.727971777320e-01 1.137260545186e-03 1.034689238110e-02 -7.723775198460e-01 1.124613426388e-03 1.011804287050e-02
1353 -7.752799418569e-01 1.312445758109e-03 1.378011094382e-02 -7.736482682824e-01 1.131647871676e-03 1.024501524374e-02 -7.733432045579e-01 1.058781043004e-03 8.968138376198e-03
1354 -7.717226303816e-01 1.139724615525e-03 1.039177759386e-02 -7.743683833480e-01 1.201785307895e-03 1.155430341017e-02 -7.715359308124e-01 1.043871963586e-03 8.717349410887e-03
1355 -7.715764812231e-01 1.147758733759e-03 1.053880088736e-02 -7.720318562984e-01 1.092874109347e-03 9.554990551045e-03 -7.704267724156e-01 1.075179497695e-03 9.248087618102e-03
1356 -7.713278909326e-01 1.158629476936e-03 1.073937811861e-02 -7.741328131557e-01 1.105939611176e-03 9.784819388539e-03 -7.736298154593e-01 1.433600974081e-03 1.644169402309e-02
1357 -7.714389548898e-01 1.121234753106e-03 1.005733897258e-02 -7.734553679824e-01 1.013525635636e-03 8.217873712724e-03 -7.725214009285e-01 1.277061087904e-03 1.304708017791e-02
1358 -7.718941585422e-01 1.073444241690e-03 9.218260320138e-03 -7.713079663515e-01 9.471778756280e-04 7.177167424634e-03 -7.736419505477e-01 1.172544948799e-03 1.099889325563e-02
1359 -7.713928372264e-01 1.125302769081e-03 1.013045057680e-02 -7.731283861995e-01 1.144883112533e-03 1.048605873090e-02 -7.719499269128e-01 9.709074183497e-04 7.541289720052e-03
1360 -7.691907148361e-01 8.858657192427e-04 6.278064580234e-03 -7.721182965636e-01 1.135709294787e-03 1.031868481812e-02 -7.735885752439e-01 1.197017519024e-03 1.146280752680e-02
1361 -7.723001548052e-01 1.240908872226e-03 1.231883863336e-02 -7.713000000715e-01 1.148950809255e-03 1.056070369669e-02 -7.745461482406e-01 1.195195371878e-03 1.142793581567e-02
1362 -7.717844526768e-01 1.185281950189e-03 1.123914641155e-02 -7.732027369142e-01 1.445793391823e-03 1.672254825472e-02 -7.729540715218e-01 1.076634301064e-03 9.273131345825e-03
1363 -7.762608296275e-01 1.529089504609e-03 1.870491770485e-02 -7.721833619475e-01 1.098731233447e-03 9.657682586810e-03 -7.734144738913e-01 1.130042434389e-03 1.021596722816e-02
1364 -7.735671507716e-01 1.133516337967e-03 1.027887430751e-02 -7.727632811069e-01 9.914658211894e-04 7.864035796694e-03 -7.732092280984e-01 1.084714218417e-03 9.412839485096e-03
1365 -7.713870925307e-01 1.145667066100e-03 1.050042421076e-02 -7.729152722359e-01 1.306665359098e-03 1.365899488534e-02 -7.730676019788e-01 9.719558991229e-04 7.557586158718e-03
1366 -7.725069448948e-01 1.137559281994e-03 1.035232896041e-02 -7.718845657110e-01 1.052705808791e-03 8.865516158907e-03 -7.737148615122e-01 1.206008841798e-03 1.163565861196e-02
1367 -7.719275613427e-01 1.070205027466e-03 9.162710406508e-03 -7.727098341584e-01 1.332033672294e-03 1.419450963299e-02 -7.730664955378e-01 1.146418639013e-03 1.051420556702e-02
1368 -7.726491745710e-01 1.172090675646e-03 1.099037241549e-02 -7.734680655599e-01 1.181119078180e-03 1.116033821472e-02 -7.704973867536e-01 1.119921792229e-03 1.003379856567e-02
1369 -7.711617949009e-01 1.136484486190e-03 1.033277589881e-02 -7.729510378242e-01 1.065957626517e-03 9.090125292235e-03 -7.718568280935e-01 9.663921445611e-04 7.471310216555e-03
1370 -7.706691507697e-01 1.024410292076e-03 8.395331572091e-03 -7.742052217126e-01 1.162309730444e-03 1.080771127588e-02 -7.732623742223e-01 1.240989477464e-03 1.232043906540e-02
1371 -7.718496275544e-01 1.134198340367e-03 1.029124700232e-02 -7.732219023108e-01 1.255576395840e-03 1.261177668633e-02 -7.729456601739e-01 1.091031021000e-03 9.522789510275e-03
1372 -7.730812327266e-01 1.399907432264e-03 1.567792655126e-02 -7.728344547153e-01 1.128298918356e-03 1.018446759331e-02 -7.719629154801e-01 1.150912875433e-03 1.059680357470e-02
1373 -7.742235403061e-01 1.479463501791e-03 1.751049802506e-02 -7.729841305017e-01 1.054567960837e-03 8.896908672186e-03 -7.745449978113e-01 1.157262704596e-03 1.071405573958e-02
1374 -7.732233622074e-01 1.120902887105e-03 1.005138625857e-02 -7.730868710279e-01 1.016760934233e-03 8.270422379052e-03 -7.724280300736e-01 1.141911584771e-03 1.043169653948e-02
1375 -7.723684125543e-01 1.009012259397e-03 8.144845916901e-03 -7.729185302258e-01 1.231467285235e-03 1.213209339684e-02 -7.729254088998e-01 1.059366307637e-03 8.978055790052e-03
1376 -7.706004804373e-01 1.077160747082e-03 9.282202200442e-03 -7.748526022434e-01 1.300937532326e-03 1.353950770411e-02 -7.719731858373e-01 1.095078120751e-03 9.593568724388e-03
1377 -7.719811137319e-01 1.259567853426e-03 1.269208941907e-02 -7.711187479496e-01 1.107595037672e-03 9.814134139799e-03 -7.736002543569e-01 1.167124311552e-03 1.089743326893e-02
1378 -7.726927826405e-01 1.120919162675e-03 1.005167815401e-02 -7.732215151191e-01 1.110591718933e-03 9.867311729296e-03 -7.713909040093e-01 1.017356781979e-03 8.280118574715e-03
1379 -7.725333049893e-01 1.220204019920e-03 1.191118280183e-02 -7.712055417895e-01 1.102343613924e-03 9.721291545278e-03 -7.713124336004e-01 1.105218148629e-03 9.772057248466e-03
1380 -7.727389081120e-01 1.096531093708e-03 9.619043515750e-03 -7.747226614356e-01 1.324493675708e-03 1.403426797593e-02 -7.732432177067e-01 1.258150173803e-03 1.266353487872e-02
1381 -7.714848966599e-01 1.284615952014e-03 1.320190515334e-02 -7.718593385220e-01 1.089456472401e-03 9.495323242044e-03 -7.710934765935e-01 1.084140956362e-03 9.402892906099e-03
1382 -7.722641516328e-01 9.441453760538e-04 7.131283928990e-03 -7.741907091737e-01 1.149184289027e-03 1.056499624118e-02 -7.725147728324e-01 1.040952249779e-03 8.668652690555e-03
1383 -7.716625930071e-01 1.142268503430e-03 1.043821867142e-02 -7.724493618011e-01 1.079653583366e-03 9.325214880596e-03 -7.719593397975e-01 1.112430569661e-03 9.900014178539e-03
1384 -7.704585587382e-01 1.069576225336e-03 9.151946414429e-03 -7.729986158013e-01 1.151704247914e-03 1.061138139730e-02 -7.728873383999e-01 1.145466614324e-03 1.049675011625e-02
1385 -7.704006379843e-01 1.024483300887e-03 8.396528270376e-03 -7.747360457778e-01 1.220756193099e-03 1.192196546391e-02 -7.729018363357e-01 1.123067431538e-03 1.009024364626e-02
1386 -7.723103300333e-01 1.187877570254e-03 1.128842497531e-02 -7.744127001166e-01 1.198828745046e-03 1.149752287959e-02 -7.734122222662e-01 1.184560048423e-03 1.122546006656e-02
1387 -7.724272419214e-01 1.145474070728e-03 1.049688677368e-02 -7.728255339861e-01 9.555968034228e-04 7.305322005696e-03 -7.744484618902e-01 1.202928699042e-03 1.157629963982e-02
1388 -7.724480676651e-01 1.283405501268e-03 1.317703744547e-02 -7.721247106194e-01 1.074353718980e-03 9.233887307897e-03 -7.721447697878e-01 1.122638650573e-03 1.008254031808e-02
1389 -7.724557901621e-01 1.076151192925e-03 9.264811120279e-03 -7.743845753074e-01 1.202197864318e-03 1.156223763977e-02 -7.701775408983e-01 9.426623506138e-04 7.108898458117e-03
1390 -7.720153259635e-01 1.190137700800e-03 1.133142197492e-02 -7.713744495511e-01 1.092078778251e-03 9.541088463255e-03 -7.729172069430e-01 1.187862533434e-03 1.128813918669e-02
1391 -7.737398973107e-01 1.214589201918e-03 1.180181543533e-02 -7.737279959917e-01 1.244289357938e-03 1.238604805022e-02 -7.721227736473e-01 1.163533279879e-03 1.083047754710e-02
1392 -7.714774038196e-01 1.049924524532e-03 8.818732057713e-03 -7.729412731528e-01 1.214848368045e-03 1.180685245874e-02 -7.724067770243e-01 1.114156611729e-03 9.930759643670e-03
1393 -7.732201455235e-01 1.245554206267e-03 1.241124224599e-02 -7.719698829651e-01 1.141550219691e-03 1.042509523262e-02 -7.705074083209e-01 1.155643984366e-03 1.068410414880e-02
1394 -7.729058392048e-01 1.174010351619e-03 1.102640244567e-02 -7.725715142488e-01 1.096475992790e-03 9.618076822122e-03 -7.720273675323e-01 1.082077504255e-03 9.367133801713e-03
1395 -7.713939142823e-01 1.148559013685e-03 1.055350246333e-02 -7.741740307212e-01 1.272064486805e-03 1.294518446873e-02 -7.719214028120e-01 1.044391396070e-03 8.726027105483e-03
1396 -7.698286940455e-01 1.076156818048e-03 9.264907976254e-03 -7.740198232532e-01 1.096736100713e-03 9.622640596861e-03 -7.730602282882e-01 1.112394383958e-03 9.899370123693e-03
1397 -7.732182340026e-01 1.291675267242e-03 1.334739996805e-02 -7.739950760007e-01 1.304252688934e-03 1.360860061273e-02 -7.684892868400e-01 9.094659100076e-04 6.617025931728e-03
1398 -7.735225273967e-01 1.052222058397e-03 8.857370081423e-03 -7.733627697229e-01 1.187011084918e-03 1.127196252574e-02 -7.721471326947e-01 1.267865578067e-03 1.285986499237e-02
1399 -7.711573622823e-01 9.880392176037e-04 7.809771964183e-03 -7.735362395644e-01 1.014904024114e-03 8.240241425299e-03 -7.727630891800e-01 1.282516620597e-03 1.315879105686e-02
1400 -7.728291898966e-01 1.241742823849e-03 1.233540192464e-02 -7.731234101653e-01 1.029723468746e-03 8.482643376683e-03 -7.755785976648e-01 1.381512415817e-03 1.526861244045e-02
1401 -7.732918108106e-01 1.170044367583e-03 1.095203057690e-02 -7.720081574917e-01 1.089611611795e-03 9.498027716470e-03 -7.705801445842e-01 1.074643624337e-03 9.238871354633e-03
1402 -7.701730872989e-01 1.228908469377e-03 1.208172820885e-02 -7.740348128080e-01 1.309942417247e-03 1.372759309202e-02 -7.716834918857e-01 1.107673601552e-03 9.815526460606e-03
1403 -7.717323549986e-01 1.017093164238e-03 8.275828037916e-03 -7.735697726607e-01 1.107972656522e-03 9.820827260811e-03 -7.720603235364e-01 1.111530855183e-03 9.884006736187e-03
1404 -7.703021655679e-01 1.150577627503e-03 1.059063101528e-02 -7.741292035580e-01 1.078770294597e-03 9.309962788041e-03 -7.715679349303e-01 1.182742865669e-03 1.119104549032e-02
1405 -7.705012159944e-01 1.017371141347e-03 8.280352313959e-03 -7.739091233015e-01 1.110391701223e-03 9.863757841156e-03 -7.726650338769e-01 1.158224043054e-03 1.073186347127e-02
1406 -7.696142038703e-01 1.041780187331e-03 8.682447669721e-03 -7.740321022868e-01 1.187261859533e-03 1.127672578481e-02 -7.717366904020e-01 1.170700177929e-03 1.096431125283e-02
1407 -7.711327503324e-01 1.107168738507e-03 9.806580924223e-03 -7.733776791692e-01 1.214208917747e-03 1.179442636750e-02 -7.722701466084e-01 1.061001074123e-03 9.005786234314e-03
1408 -7.717592501640e-01 1.055252945766e-03 8.908470236390e-03 -7.714569212198e-01 1.007240278769e-03 8.116263833395e-03 -7.728505392671e-01 1.108834797970e-03 9.836116873521e-03
1409 -7.714749968052e-01 1.227652371273e-03 1.205704275753e-02 -7.721076076627e-01 1.043365280462e-03 8.708888867794e-03 -7.739997822642e-01 1.158573850932e-03 1.073834694451e-02
1410 -7.699337797761e-01 1.065390387770e-03 9.080453426814e-03 -7.724908803105e-01 1.284595002841e-03 1.320147457059e-02 -7.708054664731e-01 1.164992657609e-03 1.085766313827e-02
1411 -7.759472680688e-01 1.512452980536e-03 1.830011214665e-02 -7.736737871170e-01 1.336884888869e-03 1.429808964870e-02 -7.719847441316e-01 1.073669328994e-03 9.222126624185e-03
1412 -7.736053386927e-01 1.189083861583e-03 1.131136343901e-02 -7.721729231477e-01 1.024708831207e-03 8.400225510027e-03 -7.743058610559e-01 1.175307218350e-03 1.105077646004e-02
1413 -7.732195166945e-01 1.243296129507e-03 1.236628212517e-02 -7.707297697067e-01 9.702001739410e-04 7.530307020121e-03 -7.723265531659e-01 1.117592165799e-03 9.992097992437e-03
1414 -7.711667388082e-01 1.073413609410e-03 9.217734214928e-03 -7.739556782842e-01 1.439264413955e-03 1.657185642621e-02 -7.727674072981e-01 1.181017139049e-03 1.115841186182e-02
1415 -7.714223383665e-01 1.105268176673e-03 9.772941938932e-03 -7.707106101513e-01 9.666945387886e-04 7.475986650589e-03 -7.726615332961e-01 1.163568478026e-03 1.083113282445e-02
1416 -7.712781568170e-01 1.026208817456e-03 8.424836296193e-03 -7.726596136689e-01 1.250753397909e-03 1.251507249905e-02 -7.725398320556e-01 1.072426653020e-03 9.200791408861e-03
1417 -7.692039972544e-01 1.117212145324e-03 9.985303821271e-03 -7.727953137755e-01 1.271694763862e-03 1.293766057947e-02 -7.740403332710e-01 1.216765906705e-03 1.184415417376e-02
1418 -7.717013365626e-01 1.314560858475e-03 1.382456200509e-02 -7.729077569246e-01 1.051804053571e-03 8.850334136874e-03 -7.731158672571e-01 9.890605035908e-04 7.825925438106e-03
1419 -7.713686372638e-01 1.196991601072e-03 1.146231114429e-02 -7.742782375216e-01 1.188989550963e-03 1.130956921839e-02 -7.722647780180e-01 1.273147883317e-03 1.296724426236e-02
1420 -7.711186749935e-01 1.035338563676e-03 8.575407531481e-03 -7.738623585701e-01 1.151883175288e-03 1.061467879610e-02 -7.732416392565e-01 1.279028752387e-03 1.308731639547e-02
1421 -7.719689170122e-01 1.088014676714e-03 9.470207493962e-03 -7.723734455109e-01 9.935874912896e-04 7.897728822777e-03 -7.724478948116e-01 1.146602206832e-03 1.051757296569e-02
1422 -7.715447228551e-01 1.154816374439e-03 1.066880686938e-02 -7.730846927166e-01 1.378071231595e-03 1.519264255480e-02 -7.718047304749e-01 1.124794798864e-03 1.012130671642e-02
1423 -7.747646428943e-01 1.347771761175e-03 1.453190976177e-02 -7.757463399172e-01 1.242811330389e-03 1.235664002354e-02 -7.707643457055e-01 1.114245102651e-03 9.932337190249e-03
1424 -7.725014761090e-01 1.177576587191e-03 1.109349294960e-02 -7.728124471903e-01 1.111713680494e-03 9.887258459173e-03 -7.742269037962e-01 1.253879541824e-03 1.257771124324e-02
1425 -7.725533302426e-01 1.032108069205e-03 8.521976532140e-03 -7.723087547421e-01 1.024330520478e-03 8.394024121454e-03 -7.720512723327e-01 1.042937314212e-03 8.701745931000e-03
1426 -7.705877073407e-01 1.065414900506e-03 9.080871281768e-03 -7.720368393660e-01 1.238714013191e-03 1.227529925180e-02 -7.728184497952e-01 1.150232769106e-03 1.058428338500e-02
1427 -7.712348242998e-01 1.169132738801e-03 1.093497088749e-02 -7.718094909191e-01 1.172704990820e-03 1.100189596395e-02 -7.711230384111e-01 1.169995154465e-03 1.095110929177e-02
1428 -7.740877243876e-01 1.206240361574e-03 1.164012647911e-02 -7.728797290921e-01 1.188596850385e-03 1.130209978196e-02 -7.736843504906e-01 1.121013431288e-03 1.005336890502e-02
1429 -7.740102171898e-01 1.291581734949e-03 1.334546702443e-02 -7.720009769201e-01 1.023805147502e-03 8.385415840412e-03 -7.707872478962e-01 1.153747339799e-03 1.064906339275e-02
1430 -7.728510721922e-01 1.214406102789e-03 1.179825745994e-02 -7.721748691797e-01 1.169318903793e-03 1.093845359013e-02 -7.720853539109e-01 9.909803533696e-04 7.856336486117e-03
1431 -7.711239889264e-01 1.031676236579e-03 8.514846856978e-03 -7.710940083861e-01 1.003486092535e-03 8.055874703293e-03 -7.711652523875e-01 1.068060285599e-03 9.126022189383e-03
1432 -7.707542288899e-01 1.115774887111e-03 9.959628789661e-03 -7.723649709225e-01 1.282877327533e-03 1.316619389998e-02 -7.715538204312e-01 1.029383579797e-03 8.477044434843e-03
1433 -7.730178380609e-01 1.123223987704e-03 1.009305701243e-02 -7.726231678724e-01 1.176677459688e-03 1.107655875311e-02 -7.713144730330e-01 8.437431271176e-04 5.695219716466e-03
1434 -7.711449431777e-01 1.050037252845e-03 8.820625858893e-03 -7.719220059514e-01 1.106768566500e-03 9.799493278342e-03 -7.717311017513e-01 1.148286900737e-03 1.054850245122e-02
1435 -7.730478260517e-01 1.072324530321e-03 9.199039186626e-03 -7.733575221896e-01 1.157419218333e-03 1.071695397572e-02 -7.733003917933e-01 1.537555261597e-03 1.891260945972e-02
1436 -7.721941617131e-01 9.809038209882e-04 7.697378448234e-03 -7.739134892225e-01 1.299769236641e-03 1.351520054814e-02 -7.730800145268e-01 1.126322860066e-03 1.014882548085e-02
1437 -7.740377865434e-01 1.282424771011e-03 1.315690634643e-02 -7.736748786569e-01 1.164236035088e-03 1.084356436318e-02 -7.721634961367e-01 1.141388887604e-03 1.042214874196e-02
1438 -7.752912636995e-01 1.452537561094e-03 1.687892293111e-02 -7.732709878683e-01 1.099963476698e-03 9.679357200551e-03 -7.721656035185e-01 1.069389321841e-03 9.148748173333e-03
1439 -7.726910622716e-01 1.098658564024e-03 9.656405122422e-03 -7.732988212109e-01 1.046817525443e-03 8.766615452593e-03 -7.746901587844e-01 1.169717107200e-03 1.094590488702e-02
1440 -7.715253355503e-01 1.036851393108e-03 8.600486491120e-03 -7.723954736590e-01 1.083214862577e-03 9.386835508060e-03 -7.717148354053e-01 1.111060439729e-03 9.875642405850e-03
1441 -7.732342234254e-01 1.060967482269e-03 9.005215987450e-03 -7.750052281022e-01 1.301774738829e-03 1.355693976523e-02 -7.729545556307e-01 1.226595975964e-03 1.203630150601e-02
1442 -7.733718196750e-01 1.031628910764e-03 8.514065676191e-03 -7.726295769215e-01 1.180983610042e-03 1.115777829751e-02 -7.717772840858e-01 1.049384329251e-03 8.809659763822e-03
1443 -7.686154578328e-01 1.040189361611e-03 8.655951264068e-03 -7.717096738815e-01 1.047799721149e-03 8.783074045118e-03 -7.724976374507e-01 1.205804422202e-03 1.163171443681e-02
1444 -7.730288941264e-01 1.199803621604e-03 1.151622984331e-02 -7.734482910037e-01 1.293909769304e-03 1.339361992881e-02 -7.712957569957e-01 9.417816701630e-04 7.095621714040e-03
1445 -7.739632263780e-01 1.288370461097e-03 1.327918756023e-02 -7.741352631450e-01 1.004526881806e-03 8.072594050166e-03 -7.728623771667e-01 1.046791296606e-03 8.766176149201e-03
1446 -7.739412728548e-01 1.148535268523e-03 1.055306610434e-02 -7.728345901966e-01 1.054721061878e-03 8.899492146944e-03 -7.748486235738e-01 1.128801683422e-03 1.019354592397e-02
1447 -7.708957632780e-01 9.790941951590e-04 7.669003543953e-03 -7.728195928335e-01 1.191141184379e-03 1.135053856900e-02 -7.721148571968e-01 1.267203546448e-03 1.284643862504e-02
1448 -7.719586403370e-01 1.226638470524e-03 1.203713549896e-02 -7.737046474814e-01 1.361346775747e-03 1.482612035069e-02 -7.749112166762e-01 1.173630449660e-03 1.101926745895e-02
1449 -7.734169967771e-01 1.174913653781e-03 1.104337675073e-02 -7.718383974433e-01 1.144542170765e-03 1.047981424527e-02 -7.746436253786e-01 1.231278076355e-03 1.212836561050e-02
1450 -7.736686717868e-01 1.238369230788e-03 1.226846681410e-02 -7.737123847604e-01 1.176980748331e-03 1.108226945553e-02 -7.732142387033e-01 1.209825970286e-03 1.170943102704e-02
1451 -7.717488809228e-01 1.178829253591e-03 1.111710727297e-02 -7.723004709482e-01 1.259567433857e-03 1.269208096347e-02 -7.717519306540e-01 1.082116882401e-03 9.367815577414e-03
1452 -7.725268945098e-01 1.242630270591e-03 1.235303991512e-02 -7.746239658594e-01 1.128269119251e-03 1.018392964364e-02 -7.736241108179e-01 1.159422749190e-03 1.075408889071e-02
1453 -7.697055124044e-01 1.082456872548e-03 9.373703047413e-03 -7.743070162535e-01 1.151822305885e-03 1.061355699467e-02 -7.719252048731e-01 1.126226631808e-03 1.014709140956e-02
1454 -7.734395834804e-01 1.145618061376e-03 1.049952594041e-02 -7.714067924619e-01 1.003128289558e-03 8.050130922492e-03 -7.731487245560e-01 1.273094628319e-03 1.296615946124e-02
1455 -7.715169994831e-01 1.026570163846e-03 8.430770410396e-03 -7.713300904632e-01 1.064338873839e-03 9.062537906911e-03 -7.725112687349e-01 1.005890823981e-03 8.094530798147e-03
1456 -7.715598812103e-01 1.160796257629e-03 1.077958361380e-02 -7.711397280097e-01 1.060541626127e-03 8.997988325987e-03 -7.732656072378e-01 1.088313561395e-03 9.475411263336e-03
1457 -7.712960181832e-01 1.129844598878e-03 1.021239054092e-02 -7.734295083284e-01 1.205250368028e-03 1.162102759706e-02 -7.740976480842e-01 1.199062061506e-03 1.150199861874e-02
1458 -7.714487694502e-01 1.050613362728e-03 8.830307503549e-03 -7.727291536331e-01 1.274279594028e-03 1.299030787004e-02 -7.709072274566e-01 1.014432797220e-03 8.232591200612e-03
1459 -7.722774857879e-01 1.256541592468e-03 1.263117418881e-02 -7.740670195818e-01 1.174167954584e-03 1.102936308457e-02 -7.733728711605e-01 1.061947104236e-03 9.021853217557e-03
1460 -7.728532814384e-01 1.153661965326e-03 1.064748744191e-02 -7.737872697711e-01 1.020361138798e-03 8.329094828546e-03 -7.716847352386e-01 9.465984080397e-04 7.168388368827e-03
1461 -7.719066343904e-01 1.189924894290e-03 1.132737003242e-02 -7.739839969277e-01 1.150582411586e-03 1.059071908682e-02 -7.733863102794e-01 1.135699843938e-03 1.031851308416e-02
1462 -7.703148208261e-01 1.005227162421e-03 8.083853184559e-03 -7.722311827540e-01 9.447586395379e-04 7.140551095851e-03 -7.726277672052e-01 1.279868346998e-03 1.310450388517e-02
1463 -7.719494268298e-01 1.102854065980e-03 9.730296726793e-03 -7.727371506691e-01 1.205516060543e-03 1.162615177781e-02 -7.733391123414e-01 1.126407466742e-03 1.015035024906e-02
1464 -7.718662764430e-01 1.118917450491e-03 1.001581008811e-02 -7.732191610336e-01 1.075845471623e-03 9.259547830495e-03 -7.745206000805e-01 1.183207549306e-03 1.119984083788e-02
1465 -7.723447849154e-01 1.118869081177e-03 1.001494416652e-02 -7.705749065280e-01 1.061791432332e-03 9.019208366184e-03 -7.706364897490e-01 1.078115197125e-03 9.298659026181e-03
1466 -7.697508563399e-01 1.023216544887e-03 8.375776781849e-03 -7.726304535866e-01 1.170905267521e-03 1.096815316407e-02 -7.732145023942e-01 1.108694890254e-03 9.833634877409e-03
1467 -7.708002356291e-01 1.217128473363e-03 1.185121376537e-02 -7.721796120405e-01 1.151509658346e-03 1.060779594612e-02 -7.724175888300e-01 1.122195661596e-03 1.007458482323e-02
1468 -7.716616024375e-01 1.076284735544e-03 9.267110655728e-03 -7.710976205468e-01 1.191318150605e-03 1.135391148770e-02 -7.741892627478e-01 1.275745863552e-03 1.302022006695e-02
1469 -7.715337666869e-01 1.455055218563e-03 1.693748551255e-02 -7.722987943888e-01 1.098664127374e-03 9.656502918227e-03 -7.717725388408e-01 1.149977378690e-03 1.057958377199e-02
1470 -7.719424842000e-01 1.380814027398e-03 1.525317902608e-02 -7.725350250006e-01 9.853834332756e-04 7.767844084593e-03 -7.724543440938e-01 1.238651463256e-03 1.227405957941e-02
1471 -7.715079616308e-01 1.126373968213e-03 1.014974653014e-02 -7.721015169621e-01 1.025281029535e-03 8.409609516187e-03 -7.724011779428e-01 1.233932517620e-03 1.218071566433e-02
1472 -7.722264664769e-01 1.133634775083e-03 1.028102242622e-02 -7.732160490751e-01 1.059383764854e-03 8.978351689895e-03 -7.730626193881e-01 1.097869536753e-03 9.642540157850e-03
1473 -7.704626579881e-01 1.056477580983e-03 8.929159032951e-03 -7.716340754032e-01 1.021717391790e-03 8.351251429485e-03 -7.745702570081e-01 1.084391518262e-03 9.407239719024e-03
1474 -7.720054084063e-01 1.032055915836e-03 8.521115307296e-03 -7.727254431844e-01 1.156058472946e-03 1.069176954297e-02 -7.713829536438e-01 1.139581225929e-03 1.038916296393e-02
1475 -7.717779176235e-01 1.148198580788e-03 1.054687984738e-02 -7.731840804219e-01 1.226900904898e-03 1.204228664352e-02 -7.725583841801e-01 1.170968147542e-03 1.096933122047e-02
1476 -7.730199449062e-01 1.462153799066e-03 1.710314985698e-02 -7.738847558498e-01 1.117409715017e-03 9.988835769714e-03 -7.716359907985e-01 1.167812316709e-03 1.091028485646e-02
1477 -7.716995404363e-01 1.056712287836e-03 8.933126874100e-03 -7.731156191230e-01 1.167244170602e-03 1.089967163043e-02 -7.716140052080e-01 1.207464016877e-03 1.166375481643e-02
1478 -7.739223945141e-01 1.214012046805e-03 1.179060199830e-02 -7.716353058815e-01 1.208343339141e-03 1.168074900197e-02 -7.731015303135e-01 1.114306582585e-03 9.933433279936e-03
1479 -7.730175642371e-01 1.161513783033e-03 1.079291414540e-02 -7.726883821487e-01 9.641729701264e-04 7.437036130579e-03 -7.743156277537e-01 1.138227918666e-03 1.036450235864e-02
1480 -7.718052704334e-01 1.081996323638e-03 9.365728354923e-03 -7.727962580919e-01 1.061233203239e-03 9.009727293249e-03 -7.726366090775e-01 1.026163865588e-03 8.424098232300e-03
1481 -7.743790543675e-01 1.447127536866e-03 1.675342486365e-02 -7.739441602230e-01 1.308464111140e-03 1.369662664113e-02 -7.743655129671e-01 1.213072244771e-03 1.177235416828e-02
1482 -7.718049458861e-01 1.143465934343e-03 1.046011474402e-02 -7.739819550514e-01 1.402484393985e-03 1.573569980297e-02 -7.710121614933e-01 1.079742686005e-03 9.326754143852e-03
1483 -7.719671579599e-01 1.092225132074e-03 9.543645913064e-03 -7.737848646641e-01 1.119563689765e-03 1.002738284352e-02 -7.722595002651e-01 1.111740736006e-03 9.887739712766e-03
1484 -7.711009090543e-01 1.034699536802e-03 8.564825051665e-03 -7.711559773088e-01 1.041942265552e-03 8.685149477948e-03 -7.735830968618e-01 1.094653984469e-03 9.586138765710e-03
1485 -7.729792428017e-01 9.382792788900e-04 7.042944041555e-03 -7.735528606772e-01 1.135522137635e-03 1.031528420048e-02 -7.731463393569e-01 1.162177912617e-03 1.080526000461e-02
1486 -7.702734282613e-01 1.147353669729e-03 1.053136354752e-02 -7.728649783134e-01 1.053406141838e-03 8.877315997290e-03 -7.727651941776e-01 1.071701217445e-03 9.188347995789e-03
1487 -7.727199491262e-01 1.249118815599e-03 1.248238252387e-02 -7.738033084273e-01 1.146702717862e-03 1.051941698521e-02 -7.725325115323e-01 1.259647187373e-03 1.269368829326e-02
1488 -7.721535512805e-01 1.062010471022e-03 9.022929924487e-03 -7.740354554653e-01 1.221931074081e-03 1.194492439845e-02 -7.723820458651e-01 1.010784417534e-03 8.173481109842e-03
1489 -7.716176384687e-01 1.330897444459e-03 1.417030406135e-02 -7.727261365056e-01 1.141461558259e-03 1.042347591187e-02 -7.718745394349e-01 1.112245934158e-03 9.896728144415e-03
1490 -7.690133374333e-01 9.567761061041e-04 7.323364137694e-03 -7.721632212996e-01 1.112535749905e-03 9.901886358532e-03 -7.722810025215e-01 1.101162220558e-03 9.700465887882e-03
1491 -7.728722308874e-01 1.152640407404e-03 1.062863927025e-02 -7.716138735414e-01 1.030550660353e-03 8.496277308435e-03 -7.728846842051e-01 1.060648133286e-03 8.999795701152e-03
1492 -7.718705869317e-01 1.093470152459e-03 9.565415794552e-03 -7.748698916435e-01 1.172142946189e-03 1.099135269041e-02 -7.745535696745e-01 1.418760314151e-03 1.610304663209e-02
1493 -7.710210918784e-01 1.061483524736e-03 9.013978186282e-03 -7.712318103313e-01 1.018429523561e-03 8.297589555686e-03 -7.704708042741e-01 1.141858067893e-03 1.043071877769e-02
1494 -7.717943632603e-01 1.160160044253e-03 1.076777062625e-02 -7.736220698357e-01 1.357334588523e-03 1.473885748161e-02 -7.730388885140e-01 1.150474822267e-03 1.058873853337e-02
1495 -7.710422079563e-01 1.085584395232e-03 9.427947833374e-03 -7.721977232695e-01 1.207153828842e-03 1.165776293190e-02 -7.735103438497e-01 1.036253340936e-03 8.590567892814e-03
1496 -7.728398287892e-01 1.327525569074e-03 1.409859309235e-02 -7.713140324354e-01 1.021778362151e-03 8.352248170887e-03 -7.719217004776e-01 1.263421778933e-03 1.276987673187e-02
1497 -7.736948032975e-01 1.244638658813e-03 1.239300312809e-02 -7.734399490356e-01 9.937438492574e-04 7.900214703495e-03 -7.726535876393e-01 1.142482588892e-03 1.044213172737e-02
1498 -7.720275182128e-01 9.946814369611e-04 7.915129288280e-03 -7.733529544473e-01 1.229321534898e-03 1.208985148931e-02 -7.710003244877e-01 9.751674539692e-04 7.607612506247e-03
1499 -7.724452278614e-01 1.179624356370e-03 1.113210897714e-02 -7.727233244777e-01 9.648692661198e-04 7.447781605621e-03 -7.730668272972e-01 1.082269611360e-03 9.370460093388e-03
1500 -7.734850872755e-01 1.140398716037e-03 1.040407385231e-02 -7.727315857410e-01 1.218593122771e-03 1.187975359091e-02 -7.736703248620e-01 1.131875972180e-03 1.024914573119e-02
1501 -7.704103080630e-01 9.746384621966e-04 7.599361055943e-03 -7.716791929603e-01 1.083231042256e-03 9.387115927252e-03 -7.728679639697e-01 1.049639601842e-03 8.813946350032e-03
1502 -7.710137459636e-01 1.090035732972e-03 9.505423193244e-03 -7.730816193223e-01 1.138093558024e-03 1.036205557452e-02 -7.723617785573e-01 1.051811739642e-03 8.850463485198e-03
1503 -7.709660754204e-01 9.199443602328e-04 6.770381007393e-03 -7.713800559640e-01 1.134418122145e-03 1.029523580680e-02 -7.718088628650e-01 1.154300068633e-03 1.065926918757e-02
1504 -7.728557783961e-01 1.191295368709e-03 1.135347724405e-02 -7.725393490791e-01 1.117039426896e-03 9.982216649917e-03 -7.720099153519e-01 1.067624518124e-03 9.118576893600e-03
1505 -7.727682086825e-01 1.054062960666e-03 8.888389800382e-03 -7.729913687706e-01 1.177752955577e-03 1.109681619497e-02 -7.709664892554e-01 1.146896085038e-03 1.052296503901e-02
1506 -7.719083441496e-01 1.088144232970e-03 9.472462973966e-03 -7.750416927934e-01 1.219583974322e-03 1.189908056338e-02 -7.737270354629e-01 1.410437527653e-03 1.591467215529e-02
1507 -7.711864815354e-01 1.076396458862e-03 9.269034693213e-03 -7.727833998799e-01 1.002124007777e-03 8.034020215701e-03 -7.742493779063e-01 1.353749292505e-03 1.466109717567e-02
1508 -7.732518173456e-01 1.192306197289e-03 1.137275254475e-02 -7.729794890285e-01 1.264085158662e-03 1.278329030680e-02 -7.734015302062e-01 1.039190193713e-03 8.639330069682e-03
1509 -7.733184094429e-01 1.283358482702e-03 1.317607196099e-02 -7.719195343852e-01 1.176177396897e-03 1.106714615176e-02 -7.705501655340e-01 1.095273042127e-03 9.596984294484e-03
1510 -7.715289375782e-01 1.170346551431e-03 1.095768840357e-02 -7.727187786102e-01 1.118092064107e-03 1.000103891055e-02 -7.723296262026e-01 1.146789009027e-03 1.052100024980e-02
1511 -7.723464229107e-01 1.094508787294e-03 9.583595883710e-03 -7.725191183686e-01 9.761229707173e-04 7.622528431696e-03 -7.710398652554e-01 1.187253922596e-03 1.127657501375e-02
1512 -7.728889223337e-01 1.117742501356e-03 9.994786394698e-03 -7.721640228033e-01 1.086009720262e-03 9.435336900022e-03 -7.723464058042e-01 1.028045333821e-03 8.455017667123e-03
1513 -7.713112350106e-01 1.025572887716e-03 8.414397984146e-03 -7.737168800831e-01 1.242441721480e-03 1.234929145020e-02 -7.722534935474e-01 1.048016132693e-03 8.786702515073e-03
1514 -7.701134029627e-01 9.585808377720e-04 7.351017780350e-03 -7.729764448404e-01 1.063541596984e-03 9.048965828121e-03 -7.707827091217e-01 9.331215438592e-04 6.965726524913e-03
1515 -7.718033679724e-01 1.126251288633e-03 1.014753572118e-02 -7.732270765305e-01 1.157819151058e-03 1.072436149246e-02 -7.728021769524e-01 1.126680852115e-03 1.015527794018e-02
1516 -7.742888878584e-01 1.343427928700e-03 1.443838879689e-02 -7.726494650245e-01 1.130271428614e-03 1.022010801872e-02 -7.718868939877e-01 1.062903160372e-03 9.038105026628e-03
1517 -7.715724877715e-01 1.108932602375e-03 9.837852132875e-03 -7.730630003214e-01 1.064897781152e-03 9.072058274412e-03 -7.719971277714e-01 9.318546309987e-04 6.946824426510e-03
1518 -7.712079001069e-01 1.115214858456e-03 9.949633444175e-03 -7.717120096684e-01 1.076370822584e-03 9.268593181678e-03 -7.727970806360e-01 1.254107181476e-03 1.258227858103e-02
1519 -7.731028598547e-01 1.095882156009e-03 9.607661598870e-03 -7.732873737216e-01 1.187129554222e-03 1.127421262806e-02 -7.722271556854e-01 1.135310927254e-03 1.031144721234e-02
1520 -7.714057749510e-01 1.000893677611e-03 8.014305231055e-03 -7.750838996768e-01 1.342296825368e-03 1.441408613915e-02 -7.712320331335e-01 1.029053239714e-03 8.471604561324e-03
1521 -7.726522446871e-01 1.247995594270e-03 1.245994402655e-02 -7.734863657355e-01 1.129845099700e-03 1.021239959453e-02 -7.745914725661e-01 1.108523115440e-03 9.830587979725e-03
1522 -7.730917370319e-01 1.307626798096e-03 1.367910274479e-02 -7.724264783859e-01 1.072521443239e-03 9.202417969665e-03 -7.733624438643e-01 1.045332242189e-03 8.741755972483e-03
1523 -7.707684804201e-01 1.049441648540e-03 8.810622189523e-03 -7.729207038283e-01 1.129894943646e-03 1.021330066942e-02 -7.719787590504e-01 9.329689804492e-04 6.963448947844e-03
1524 -7.713439849019e-01 1.264931461799e-03 1.280041282440e-02 -7.725898042917e-01 1.252328648785e-03 1.254661635655e-02 -7.722062464952e-01 1.211311533023e-03 1.173820504027e-02
1525 -7.741525750160e-01 1.129888729326e-03 1.021318832526e-02 -7.727233335972e-01 1.055296021564e-03 8.909197545024e-03 -7.714837280512e-01 9.481155635876e-04 7.191384975337e-03
1526 -7.731874036193e-01 1.265263328913e-03 1.280713033193e-02 -7.732904792428e-01 1.096379174073e-03 9.616378346727e-03 -7.745810056329e-01 1.238199474253e-03 1.226510350431e-02
1527 -7.724542905092e-01 1.282761272846e-03 1.316381186491e-02 -7.709905156493e-01 9.043471445587e-04 6.542750062972e-03 -7.713643355370e-01 1.086605934143e-03 9.445699648917e-03
1528 -7.723352767825e-01 1.108114702031e-03 9.823345542856e-03 -7.734409828186e-01 1.145909738598e-03 1.050487303212e-02 -7.732482497692e-01 9.629276996115e-04 7.417838037433e-03
1529 -7.717282241583e-01 1.173813482915e-03 1.102270474139e-02 -7.762384454608e-01 1.309049928181e-03 1.370889371577e-02 -7.716861654520e-01 1.078685036184e-03 9.308491258301e-03
1530 -7.709666231871e-01 9.960234419954e-04 7.936501576035e-03 -7.738061744571e-01 1.176980130086e-03 1.108225781294e-02 -7.740427148938e-01 1.346759827019e-03 1.451009625337e-02
1531 -7.730454071760e-01 1.146754181256e-03 1.052036121783e-02 -7.736517489552e-01 1.163207953645e-03 1.082442194738e-02 -7.733872147202e-01 1.193068200685e-03 1.138729385188e-02
1532 -7.718679787517e-01 1.123659447071e-03 1.010088442393e-02 -7.725361140966e-01 1.150272040849e-03 1.058500614366e-02 -7.739247429371e-01 1.174485256093e-03 1.103532493423e-02
1533 -7.723019289374e-01 1.186707930845e-03 1.126620570505e-02 -7.731824007630e-01 1.083211877518e-03 9.386783772775e-03 -7.728980160356e-01 1.216722323303e-03 1.184330569619e-02
1534 -7.722151184678e-01 1.199623795661e-03 1.151277800893e-02 -7.728013253808e-01 1.130764651755e-03 1.022902958127e-02 -7.721052753329e-01 1.156679938930e-03 1.070326784898e-02
1535 -7.718746441007e-01 1.032095058126e-03 8.521761672073e-03 -7.719919301867e-01 1.080039614827e-03 9.331884556762e-03 -7.736804990172e-01 1.157115073905e-03 1.071132235406e-02
1536 -7.701188012362e-01 1.048822972859e-03 8.800237027180e-03 -7.717327253819e-01 9.011389519539e-04 6.496411285829e-03 -7.726183618903e-01 9.493786876237e-04 7.210559140113e-03
1537 -7.702378218174e-01 1.185379999051e-03 1.124100593720e-02 -7.719836320877e-01 1.155784506940e-03 1.068670261185e-02 -7.713614233732e-01 9.091211346887e-04 6.612009900301e-03
1538 -7.722502955198e-01 1.025645751765e-03 8.415593664910e-03 -7.716345801353e-01 9.638052136687e-04 7.431363919159e-03 -7.729927152395e-01 1.047845920508e-03 8.783848584997e-03
1539 -7.727824193239e-01 1.175707206496e-03 1.105829948326e-02 -7.740195059776e-01 1.169876695129e-03 1.094889185445e-02 -7.732561349273e-01 1.188782677201e-03 1.130563402891e-02
1540 -7.727381931543e-01 1.302765254538e-03 1.357757846744e-02 -7.727718018889e-01 1.163386880873e-03 1.082775227669e-02 -7.728785231709e-01 1.231794617392e-03 1.213854383549e-02
1541 -7.739054318666e-01 1.209814726450e-03 1.170921337869e-02 -7.739606446028e-01 1.101247893527e-03 9.701975383979e-03 -7.728201363087e-01 1.135182340984e-03 1.030911157826e-02
1542 -7.696523823738e-01 1.077113410936e-03 9.281386400137e-03 -7.718197841048e-01 1.036160998082e-03 8.589036911565e-03 -7.716150766611e-01 8.681049631790e-04 6.028849816768e-03
1543 -7.728672720790e-01 1.127495585766e-03 1.016997036738e-02 -7.737928820848e-01 1.110416674183e-03 9.864201522429e-03 -7.728534250259e-01 1.008005298357e-03 8.128597452124e-03
1544 -7.732724084854e-01 1.247103323288e-03 1.244213359165e-02 -7.702191678286e-01 9.971156296052e-04 7.953916630425e-03 -7.735231388211e-01 1.161251029276e-03 1.078803162396e-02
1545 -7.734335567355e-01 1.170828431937e-03 1.096671373626e-02 -7.710837309957e-01 1.145769308879e-03 1.050229847336e-02 -7.744987121820e-01 1.285950604696e-03 1.322935166175e-02
1546 -7.732166904807e-01 1.096364918812e-03 9.616128281618e-03 -7.729958914518e-01 1.167709364436e-03 1.090836127834e-02 -7.713332414031e-01 1.138235141910e-03 1.036463390623e-02
1547 -7.722833074927e-01 1.214496393241e-03 1.180001191357e-02 -7.734019216895e-01 1.406276907970e-03 1.582091793511e-02 -7.727565270066e-01 1.156028224630e-03 1.069121004913e-02
1548 -7.725148236752e-01 1.073122473278e-03 9.212734741242e-03 -7.725828160644e-01 1.090552584849e-03 9.514439522571e-03 -7.710325012803e-01 1.048702932701e-03 8.798222728450e-03
1549 -7.734538313746e-01 1.217308916203e-03 1.185472797973e-02 -7.716693437696e-01 1.258602233162e-03 1.267263665055e-02 -7.705823634267e-01 1.059899574796e-03 8.987096869215e-03
1550 -7.713661558032e-01 1.066214196669e-03 9.094501705425e-03 -7.744376600385e-01 1.265803355000e-03 1.281806506823e-02 -7.727051742673e-01 1.069267576477e-03 9.146665200835e-03
1551 -7.704750459194e-01 1.139968324238e-03 1.039622224212e-02 -7.729700852036e-01 1.128604586833e-03 1.018998650736e-02 -7.733187555075e-01 1.348431011341e-03 1.454612953878e-02
1552 -7.721760988832e-01 9.880835990510e-04 7.810473589709e-03 -7.720622144341e-01 1.107676672890e-03 9.815580893311e-03 -7.726205908060e-01 1.115924322472e-03 9.962296747881e-03
1553 -7.719124583006e-01 1.157185178150e-03 1.071262029224e-02 -7.744418008924e-01 1.299781030783e-03 1.351544582386e-02 -7.727390367389e-01 1.154831704020e-03 1.066909011687e-02
1554 -7.721334109902e-01 1.266764837840e-03 1.283754523511e-02 -7.739184041619e-01 1.328640861682e-03 1.412229231466e-02 -7.739092556834e-01 1.191006955080e-03 1.134798053639e-02
1555 -7.732476850748e-01 1.310504573102e-03 1.373937788897e-02 -7.740364770889e-01 1.228776986066e-03 1.207914305188e-02 -7.732248936892e-01 1.036286941520e-03 8.591125001325e-03
1556 -7.721662232876e-01 1.190174841686e-03 1.133212923026e-02 -7.726642283797e-01 1.080689792781e-03 9.343123425775e-03 -7.750453656912e-01 1.076496807906e-03 9.270763019450e-03
1557 -7.725593041182e-01 1.064385130317e-03 9.063325645111e-03 -7.726205825210e-01 1.040432046006e-03 8.659990738855e-03 -7.739540010691e-01 1.276154916302e-03 1.302857096321e-02
1558 -7.717436772585e-01 1.145228866884e-03 1.049239326035e-02 -7.718240950704e-01 1.096213902560e-03 9.613479361334e-03 -7.730503422022e-01 1.089720733152e-03 9.499930210088e-03
1559 -7.720251730084e-01 9.019608734240e-04 6.508267337502e-03 -7.730180184245e-01 1.046327184639e-03 8.758404618517e-03 -7.697716217041e-01 1.208520368596e-03 1.168417185048e-02
1560 -7.708523217440e-01 1.147186708591e-03 1.052829875495e-02 -7.726825439930e-01 1.078685160971e-03 9.308493411990e-03 -7.718192527294e-01 1.129304338048e-03 1.020262630347e-02
1561 -7.737163643837e-01 1.380476084318e-03 1.524571375499e-02 -7.741112411618e-01 1.165719366204e-03 1.087121312594e-02 -7.717502089143e-01 1.087590122383e-03 9.462818194441e-03
1562 -7.708500704169e-01 1.017607816111e-03 8.284205339276e-03 -7.755790292621e-01 1.223120209206e-03 1.196818436934e-02 -7.727697037458e-01 1.246113597833e-03 1.242239278963e-02
1563 -7.734437450171e-01 1.042531082393e-03 8.694968462038e-03 -7.729132620692e-01 1.001874066019e-03 8.030013153290e-03 -7.725870566964e-01 1.198179374761e-03 1.148507051282e-02
1564 -7.713619925976e-01 1.177446253656e-03 1.109103744199e-02 -7.728623766303e-01 1.062019927751e-03 9.023090615523e-03 -7.729752964973e-01 9.762303833258e-04 7.624206090628e-03
1565 -7.723021268249e-01 1.232911626485e-03 1.216056862977e-02 -7.715358141065e-01 1.090920934478e-03 9.520867882257e-03 -7.722799131870e-01 1.171112228948e-03 1.097203082233e-02
1566 -7.703439037204e-01 1.137315994588e-03 1.034790137237e-02 -7.742505996227e-01 1.203893854195e-03 1.159488329734e-02 -7.738095165491e-01 9.710248734311e-04 7.543114438575e-03
1567 -7.728946735859e-01 1.143934130390e-03 1.046868235736e-02 -7.727299440503e-01 1.185129863556e-03 1.123626234794e-02 -7.725812299252e-01 1.102188235157e-03 9.718551245752e-03
1568 -7.747643779516e-01 1.359964071669e-03 1.479601820983e-02 -7.729572373033e-01 1.032447848453e-03 8.527588478199e-03 -7.720115798712e-01 1.227874156712e-03 1.206139955776e-02
1569 -7.731698422432e-01 1.202991080627e-03 1.157750032054e-02 -7.748406870365e-01 1.072289270586e-03 9.198434238507e-03 -7.725026569963e-01 1.116392354860e-03 9.970655119925e-03
1570 -7.716862074137e-01 1.130269286183e-03 1.022006927432e-02 -7.724552993178e-01 1.026467730565e-03 8.429088015133e-03 -7.736022916436e-01 1.228460715969e-03 1.207292584544e-02
1571 -7.723487364054e-01 1.013227219874e-03 8.213035192743e-03 -7.720647691488e-01 1.086928177653e-03 9.451302907000e-03 -7.739918147326e-01 9.505449462447e-04 7.228285558651e-03
1572 -7.729339599609e-01 1.105593434091e-03 9.778694732037e-03 -7.713109977245e-01 1.080263171811e-03 9.335748162973e-03 -7.719837626219e-01 9.769184425839e-04 7.634957147684e-03
1573 -7.728087673187e-01 1.389704812720e-03 1.545023573197e-02 -7.732374715805e-01 1.095081059950e-03 9.593620222889e-03 -7.737984259129e-01 1.316673396191e-03 1.386903065791e-02
1574 -7.733520856500e-01 1.127074423188e-03 1.016237404324e-02 -7.743373900652e-01 1.334532458502e-03 1.424781506237e-02 -7.717997848988e-01 1.206923423842e-03 1.165331320816e-02
1575 -7.706613738537e-01 1.192420795192e-03 1.137493882245e-02 -7.732010760307e-01 1.061087276445e-03 9.007249665870e-03 -7.722567174435e-01 9.558439703639e-04 7.309101565448e-03
1576 -7.719196453691e-01 1.027209396303e-03 8.441273150818e-03 -7.710681418777e-01 1.081378343954e-03 9.355032982177e-03 -7.739009963274e-01 1.224047357579e-03 1.198633546876e-02
1577 -7.765296508074e-01 1.280632110397e-03 1.312014881744e-02 -7.717945938706e-01 1.097129866957e-03 9.629551559757e-03 -7.749697151184e-01 1.197996952302e-03 1.148157358180e-02
1578 -7.722961028814e-01 1.109433656381e-03 9.846744303289e-03 -7.718777513504e-01 9.992066438280e-04 7.987311336560e-03 -7.728323959708e-01 1.083067834708e-03 9.384287476631e-03
1579 -7.717042418718e-01 1.143027151300e-03 1.045208854887e-02 -7.730143049359e-01 1.079311225320e-03 9.319301768820e-03 -7.721748488545e-01 1.164285780107e-03 1.084449102207e-02
1580 -7.725195943117e-01 1.199171040131e-03 1.150408946792e-02 -7.717521858215e-01 1.070325606520e-03 9.164775231786e-03 -7.723919956684e-01 1.001551441586e-03 8.024842321141e-03
1581 -7.718436664343e-01 1.015489043011e-03 8.249743971809e-03 -7.722950546741e-01 1.209584485836e-03 1.170475702700e-02 -7.723643155694e-01 1.277459961479e-03 1.305523162545e-02
1582 -7.708514894843e-01 1.262038454089e-03 1.274192847680e-02 -7.732816251516e-01 1.136796062954e-03 1.033844230999e-02 -7.738272082806e-01 1.216857565042e-03 1.184593866880e-02
1583 -7.708950242400e-01 9.509542211577e-04 7.234511445901e-03 -7.720769950747e-01 1.028729015438e-03 8.466267097631e-03 -7.736979643106e-01 1.207057100174e-03 1.165589474465e-02
1584 -7.723231332898e-01 1.234084777961e-03 1.218372191355e-02 -7.713110329509e-01 9.511960224166e-04 7.238190984490e-03 -7.711268953085e-01 9.158953001122e-04 6.710913606141e-03
1585 -7.702173545957e-01 9.630371813208e-04 7.419524900850e-03 -7.736184744239e-01 1.223489532861e-03 1.197541309616e-02 -7.749113753438e-01 1.171546805799e-03 1.098017534542e-02
1586 -7.729437261820e-01 1.092147285545e-03 9.542285546583e-03 -7.736407192945e-01 1.134490787750e-03 1.029655477992e-02 -7.732416701913e-01 9.985248397358e-04 7.976414844554e-03
1587 -7.719116267562e-01 1.100298615582e-03 9.685256347614e-03 -7.733160291910e-01 1.211539280120e-03 1.174261941820e-02 -7.726925316453e-01 1.116598139217e-03 9.974331236015e-03
1588 -7.717419267297e-01 1.130268040031e-03 1.022004673852e-02 -7.724224589467e-01 1.118114103727e-03 1.000143319162e-02 -7.726135554910e-01 1.127702124454e-03 1.017369665198e-02
1589 -7.719662823081e-01 1.288756095566e-03 1.328713819087e-02 -7.733511778116e-01 1.066255726499e-03 9.095210194328e-03 -7.703215362430e-01 1.071257887109e-03 9.180747685545e-03
1590 -7.718610414863e-01 1.058844652483e-03 8.969215984732e-03 -7.727789797187e-01 1.128496812228e-03 1.018804044167e-02 -7.721733314991e-01 1.156321799764e-03 1.069664083688e-02
1591 -7.704854407907e-01 1.015585147957e-03 8.251305542012e-03 -7.757545151114e-01 1.391800997579e-03 1.549688013491e-02 -7.738903974891e-01 1.241497653324e-03 1.233053138567e-02
1592 -7.738844973445e-01 1.099178494170e-03 9.665546896367e-03 -7.735022424459e-01 1.062323871995e-03 9.028256072090e-03 -7.721319579482e-01 1.036263366845e-03 8.590734123723e-03
1593 -7.710007569194e-01 1.125085300635e-03 1.012653546965e-02 -7.740458326936e-01 1.102690122517e-03 9.727404050381e-03 -7.743944553137e-01 1.100908726494e-03 9.696000192562e-03
1594 -7.704191625714e-01 1.045256699997e-03 8.740492551103e-03 -7.728652054071e-01 1.049509223510e-03 8.811756881863e-03 -7.729565678835e-01 9.230689294915e-04 6.816449988741e-03
1595 -7.745643968582e-01 1.457705619871e-03 1.699924539362e-02 -7.737836298347e-01 1.127089589522e-03 1.016264754247e-02 -7.717546546459e-01 1.089112885875e-03 9.489335025438e-03
1596 -7.724452539682e-01 1.142053407727e-03 1.043428788880e-02 -7.733302186131e-01 1.132352331961e-03 1.025777442958e-02 -7.743088158369e-01 1.113913677648e-03 9.926429450018e-03
1597 -7.728689833283e-01 1.142365101548e-03 1.043998420187e-02 -7.717731224895e-01 1.179490803911e-03 1.112958845209e-02 -7.722718906403e-01 1.052974881335e-03 8.870048805772e-03
1598 -7.710552123189e-01 1.150301575343e-03 1.058554971389e-02 -7.728423656225e-01 1.131967879348e-03 1.025081023901e-02 -7.733542514443e-01 1.200798669274e-03 1.153533955305e-02
1599 -7.701941330433e-01 9.647969469660e-04 7.446665190999e-03 -7.714397587776e-01 1.110312768126e-03 9.862355544512e-03 -7.719049155712e-01 9.593471348375e-04 7.362775400967e-03
1600 -7.732747265697e-01 1.201310245243e-03 1.154517044260e-02 -7.719664721489e-01 1.207086984887e-03 1.165647191268e-02 -7.725308094025e-01 1.139777802624e-03 1.039274751484e-02
1601 -7.705158888698e-01 1.067466274969e-03 9.115873985567e-03 -7.745073933005e-01 1.150123636463e-03 1.058227503321e-02 -7.721831869483e-01 1.131913841634e-03 1.024983155905e-02
1602 -7.705627325177e-01 1.017795450885e-03 8.287260638733e-03 -7.737415807247e-01 1.299159027333e-03 1.350251342641e-02 -7.723396261334e-01 1.080476050146e-03 9.339427959515e-03
1603 -7.717777236104e-01 1.295025930982e-03 1.341673729532e-02 -7.731885282397e-01 9.781601937912e-04 7.654378917740e-03 -7.727118998766e-01 1.163230141940e-03 1.082483490494e-02
1604 -7.698834049106e-01 9.062278697673e-04 6.569991615544e-03 -7.734001995921e-01 1.187316625132e-03 1.127776614652e-02 -7.745299474001e-01 1.189447139326e-03 1.131827597800e-02
1605 -7.721277522445e-01 1.353378186266e-03 1.465306012048e-02 -7.726732841134e-01 1.223345299300e-03 1.197258977055e-02 -7.726989551783e-01 1.065787764123e-03 9.087228465233e-03
1606 -7.725846185088e-01 1.104043975802e-03 9.751304804038e-03 -7.724659338593e-01 1.031431874659e-03 8.510813696505e-03 -7.724644915462e-01 1.190372380070e-03 1.133589122587e-02
1607 -7.720862207413e-01 1.139918329693e-03 1.039531038696e-02 -7.744535408020e-01 1.336133019638e-03 1.428201156933e-02 -7.723064729571e-01 1.170366126186e-03 1.095805495460e-02
1608 -7.731381923556e-01 1.181347471153e-03 1.116465478080e-02 -7.728763361573e-01 1.110135282521e-03 9.859202763980e-03 -7.730897678137e-01 1.088006055160e-03 9.470057408520e-03
1609 -7.721098930240e-01 1.089767374069e-03 9.500743436690e-03 -7.739810831547e-01 1.158819361262e-03 1.074289849628e-02 -7.711625300050e-01 9.563529314416e-04 7.316887435815e-03
1610 -7.720509844422e-01 1.040386844850e-03 8.659238295492e-03 -7.733400617242e-01 1.199374181429e-03 1.150798741662e-02 -7.737257046700e-01 1.156141453891e-03 1.069330449124e-02
1611 -7.728155788779e-01 9.526181794219e-04 7.259851166121e-03 -7.729777396321e-01 1.163965944435e-03 1.083853375844e-02 -7.738258966804e-01 1.047326460219e-03 8.775141714202e-03
1612 -7.716941962242e-01 1.219397595429e-03 1.189544396591e-02 -7.727107831240e-01 1.082480180822e-03 9.374106734982e-03 -7.716291813850e-01 1.118499298009e-03 1.000832543718e-02
1613 -7.730473459363e-01 1.146919717788e-03 1.052339871241e-02 -7.727736725211e-01 1.019223543312e-03 8.310533049935e-03 -7.736421006322e-01 1.209778622200e-03 1.170851451786e-02
1614 -7.720246952772e-01 1.258666491923e-03 1.267393070311e-02 -7.719704238176e-01 1.172151194611e-03 1.099150738422e-02 -7.714966993928e-01 9.965041219584e-04 7.944163720640e-03
1615 -7.714296661019e-01 1.135607172427e-03 1.031682920054e-02 -7.733058451414e-01 1.173861868390e-03 1.102361348847e-02 -7.760282357335e-01 1.260369396086e-03 1.270824811673e-02
1616 -7.749532253742e-01 1.251269581494e-03 1.252540452458e-02 -7.732895161510e-01 1.352724283500e-03 1.463890389737e-02 -7.725246964097e-01 1.035726398438e-03 8.581833379371e-03
1617 -7.733065782189e-01 1.185619295454e-03 1.124554491002e-02 -7.734357995987e-01 1.087615278501e-03 9.463255952238e-03 -7.747579079866e-01 1.138183175086e-03 1.036368752039e-02
1618 -7.708781652451e-01 1.162879118757e-03 1.081830275874e-02 -7.728117312193e-01 1.066742700859e-03 9.103519918692e-03 -7.697857403755e-01 1.036579888350e-03 8.595982919456e-03
1619 -7.743168716431e-01 1.212422300520e-03 1.175974267838e-02 -7.740448158383e-01 1.215697764730e-03 1.182336844136e-02 -7.735786467195e-01 1.041238736106e-03 8.673424844544e-03
1620 -7.743749048114e-01 1.177702997752e-03 1.109587480732e-02 -7.733627482653e-01 9.508815164656e-04 7.233405266848e-03 -7.724005585313e-01 1.213559788436e-03 1.178181888087e-02
1621 -7.731962233782e-01 1.179628809090e-03 1.113219301788e-02 -7.724312414527e-01 1.009215199896e-03 8.148122557611e-03 -7.726431490183e-01 9.549772950949e-04 7.295853073174e-03
1622 -7.736611641049e-01 1.050888977906e-03 8.834941151071e-03 -7.722310274839e-01 1.028789197995e-03 8.467257711292e-03 -7.734744404554e-01 1.222373143884e-03 1.195356882311e-02
1623 -7.718372387290e-01 1.172939652216e-03 1.100629942192e-02 -7.719956997037e-01 1.129397459306e-03 1.020430896870e-02 -7.713133819699e-01 1.127857113031e-03 1.017649333931e-02
1624 -7.709490723610e-01 1.042433345775e-03 8.693338243068e-03 -7.731743240356e-01 1.220228100507e-03 1.191165293814e-02 -7.696379010677e-01 9.182348004977e-04 6.745241190761e-03
1625 -7.718221293092e-01 1.131075039559e-03 1.023464596091e-02 -7.719211457968e-01 1.021018069749e-03 8.339823190026e-03 -7.715808851719e-01 9.494796733530e-04 7.212093200883e-03
1626 -7.700238101482e-01 9.844261070559e-04 7.752758082026e-03 -7.725328472853e-01 9.865849455318e-04 7.786798838000e-03 -7.737528750896e-01 1.229394923245e-03 1.209129501840e-02
1627 -7.691173800826e-01 9.461894265873e-04 7.162195447885e-03 -7.724463478923e-01 1.260784883284e-03 1.271662817533e-02 -7.725470638275e-01 1.120525566522e-03 1.004462036183e-02
1628 -7.723687081933e-01 1.280535803173e-03 1.311817554566e-02 -7.744071342349e-01 1.455698831561e-03 1.695247270565e-02 -7.727991335988e-01 1.164158432082e-03 1.084211883990e-02
1629 -7.740127485991e-01 1.283767465999e-03 1.318447125407e-02 -7.723060523272e-01 1.008668274857e-03 8.139293509623e-03 -7.727845712900e-01 1.257442158730e-03 1.264928626042e-02
1630 -7.725024147034e-01 1.341372359011e-03 1.439423844416e-02 -7.739861785173e-01 9.629433272818e-04 7.418078812452e-03 -7.731108339429e-01 1.062683128447e-03 9.034363451886e-03
1631 -7.735873624086e-01 1.284897359298e-03 1.320768979145e-02 -7.742590233684e-01 1.148251551828e-03 1.054785301021e-02 -7.717966698408e-01 1.096161076562e-03 9.612552846159e-03
1632 -7.711004081964e-01 1.029475674129e-03 8.478561308990e-03 -7.741451017261e-01 1.158832209324e-03 1.074313671494e-02 -7.727583743930e-01 1.055113750690e-03 8.906120215166e-03
1633 -7.737563160062e-01 1.254157940835e-03 1.258329712448e-02 -7.730994778872e-01 1.038835183012e-03 8.633428299706e-03 -7.734201238751e-01 1.093410158672e-03 9.564366200691e-03
1634 -7.745045443773e-01 1.194998395976e-03 1.142416933109e-02 -7.717973407507e-01 9.817579166395e-04 7.710788855075e-03 -7.716017036438e-01 1.077067144418e-03 9.280589068673e-03
1635 -7.731035703421e-01 1.164228212163e-03 1.084341863998e-02 -7.723783140182e-01 1.026073672957e-03 8.422617458680e-03 -7.732390645742e-01 1.138346066150e-03 1.036665413056e-02
1636 -7.707903678417e-01 1.001726287991e-03 8.027644448413e-03 -7.739743594527e-01 1.237089285600e-03 1.224311920437e-02 -7.731559437513e-01 1.005370849800e-03 8.086164365022e-03
1637 -7.736112725735e-01 1.111082059298e-03 9.876026739950e-03 -7.732140260935e-01 1.116123398059e-03 9.965851517563e-03 -7.716801140308e-01 9.875729894435e-04 7.802403275828e-03
1638 -7.706051374078e-01 9.976889959998e-04 7.963066661913e-03 -7.727780268192e-01 1.043321055286e-03 8.708150595231e-03 -7.743475747705e-01 1.428141796401e-03 1.631671192502e-02
1639 -7.737192491293e-01 1.249036889157e-03 1.248074520380e-02 -7.749807146788e-01 1.211153447595e-03 1.173514138897e-02 -7.725707592368e-01 1.053238758875e-03 8.874495065577e-03
1640 -7.727265732884e-01 1.153745516685e-03 1.064902973816e-02 -7.722596607804e-01 1.060089029055e-03 8.990309996177e-03 -7.716643962264e-01 1.217973542246e-03 1.186767639688e-02
1641 -7.700704525709e-01 1.031292366245e-03 8.508511557406e-03 -7.732746902704e-01 1.178546363918e-03 1.111177225523e-02 -7.730364528894e-01 1.124893392247e-03 1.012308115137e-02
1642 -7.742464487553e-01 1.301372314551e-03 1.354855920864e-02 -7.735877136588e-01 1.239615302983e-03 1.229316879511e-02 -7.715642374754e-01 1.052344543082e-03 8.859432298839e-03
1643 -7.736162326336e-01 1.419185017830e-03 1.611268891866e-02 -7.717654425502e-01 1.126033049549e-03 1.014360342942e-02 -7.707346445322e-01 1.076272612214e-03 9.266901886420e-03
1644 -7.729267482758e-01 1.200696250966e-03 1.153337189668e-02 -7.724938883781e-01 1.099384685228e-03 9.669173488904e-03 -7.701334916949e-01 1.028845797802e-03 8.468189405234e-03
1645 -7.718736140728e-01 1.202595399586e-03 1.156988556085e-02 -7.725540791750e-01 9.404567156989e-04 7.075670672825e-03 -7.732593383789e-01 1.185668467008e-03 1.124647770927e-02
1646 -7.709543460011e-01 9.448944922320e-04 7.142604811603e-03 -7.724503570199e-01 1.202981136258e-03 1.157730891353e-02 -7.724140649438e-01 1.010827222581e-03 8.174173391295e-03
1647 -7.735373164415e-01 1.198906836129e-03 1.149902081373e-02 -7.755577821136e-01 1.284359108923e-03 1.319662656539e-02 -7.710704854727e-01 9.797217205438e-04 7.678837197642e-03
1648 -7.708355698586e-01 1.169172474175e-03 1.093571419495e-02 -7.711430338621e-01 9.641083991226e-04 7.436040042070e-03 -7.729475441575e-01 1.125074930710e-03 1.012634879769e-02
1649 -7.730108118653e-01 1.137612695119e-03 1.035330115276e-02 -7.731817119122e-01 1.053181720568e-03 8.873533892301e-03 -7.732158393264e-01 1.096342908358e-03 9.615742181659e-03
1650 -7.730976862311e-01 1.083812217669e-03 9.397191385351e-03 -7.729665700793e-01 1.239879083373e-03 1.229840113108e-02 -7.733317373395e-01 1.009017894303e-03 8.144936888188e-03
1651 -7.726155381203e-01 1.214590264927e-03 1.180183609325e-02 -7.746016998887e-01 1.246009516387e-03 1.242031771941e-02 -7.745434800982e-01 9.913589565521e-04 7.862340645888e-03
1652 -7.717319003344e-01 1.138868858849e-03 1.037617822125e-02 -7.724732605219e-01 1.070144013974e-03 9.161665685147e-03 -7.715334454179e-01 1.033864355898e-03 8.551004051176e-03
1653 -7.728417556286e-01 1.126104563783e-03 1.014489190859e-02 -7.728677901030e-01 1.071116536707e-03 9.178325081654e-03 -7.723378671408e-01 1.143505632692e-03 1.046084105600e-02
1654 -7.733909367323e-01 1.225507239704e-03 1.201494395654e-02 -7.716985782981e-01 1.100230796748e-03 9.684062448908e-03 -7.722219754457e-01 1.182207071005e-03 1.118090846988e-02
1655 -7.712903646231e-01 1.063121300995e-03 9.041815205026e-03 -7.756385930181e-01 1.369478105895e-03 1.500376226021e-02 -7.702380332947e-01 9.696173816173e-04 7.521262933874e-03
1656 -7.732138547897e-01 1.224295266385e-03 1.199119119434e-02 -7.722996416092e-01 1.049509827175e-03 8.811767018697e-03 -7.732923864722e-01 1.084836374503e-03 9.414959675555e-03
1657 -7.741884463429e-01 1.304013170989e-03 1.360360280089e-02 -7.734392484426e-01 1.117051550862e-03 9.982433338259e-03 -7.715711983442e-01 1.080028878707e-03 9.331699030724e-03
1658 -7.714069636464e-01 1.215471463249e-03 1.181896702379e-02 -7.743469675779e-01 1.176512103292e-03 1.107344583354e-02 -7.739634178281e-01 1.306815585207e-03 1.366213578992e-02
1659 -7.726957144737e-01 1.033171326994e-03 8.539543927379e-03 -7.737195093632e-01 1.111530954181e-03 9.884008496829e-03 -7.726533752084e-01 1.001466979471e-03 8.023488887762e-03
1660 -7.721121006608e-01 1.140475489764e-03 1.040547474202e-02 -7.745251419544e-01 1.114313446036e-03 9.933555648130e-03 -7.734524356723e-01 1.014589726454e-03 8.235138504208e-03
1661 -7.738837010264e-01 1.325986278367e-03 1.406591688334e-02 -7.732294287682e-01 1.117469463327e-03 9.989904011753e-03 -7.731104086041e-01 1.073973314118e-03 9.227349435501e-03
1662 -7.720595863461e-01 1.073155625801e-03 9.213303977500e-03 -7.734535210133e-01 1.286342290818e-03 1.323741191318e-02 -7.720525457859e-01 1.132854967238e-03 1.026688301436e-02
1663 -7.741216177940e-01 1.117989152561e-03 9.999197961959e-03 -7.722447575331e-01 1.095281040663e-03 9.597124464295e-03 -7.722465119958e-01 1.064308597065e-03 9.062022318298e-03
1664 -7.708458455801e-01 9.141389007610e-04 6.685199439077e-03 -7.724304613471e-01 9.898462352653e-04 7.838364555750e-03 -7.721145525575e-01 1.131947017892e-03 1.025043241052e-02
1665 -7.738662952781e-01 1.326867757647e-03 1.408462437026e-02 -7.732404806018e-01 1.249861309003e-03 1.249722633395e-02 -7.735816292763e-01 1.192884091661e-03 1.138377964909e-02
1666 -7.717215651274e-01 1.273074016722e-03 1.296573961641e-02 -7.722200370431e-01 1.137786065123e-03 1.035645703991e-02 -7.734722295403e-01 1.185442809484e-03 1.124219723646e-02
1667 -7.720067054629e-01 1.113728212068e-03 9.923124242850e-03 -7.742310304642e-01 1.255488684462e-03 1.261001469450e-02 -7.738723135591e-01 1.244466848899e-03 1.238958190407e-02
1668 -7.738158300519e-01 1.090240212007e-03 9.508989759015e-03 -7.724302942753e-01 1.145358315998e-03 1.049476537621e-02 -7.717167642117e-01 1.175082506207e-03 1.104655117115e-02
1669 -7.711308627129e-01 1.012349939381e-03 8.198819198120e-03 -7.739638264775e-01 1.232407299232e-03 1.215062200960e-02 -7.735001582503e-01 1.174002266328e-03 1.102625057074e-02
1670 -7.733820226789e-01 1.234119596706e-03 1.218440943180e-02 -7.712740324736e-01 1.076975621944e-03 9.279011922096e-03 -7.717892757654e-01 1.094603817565e-03 9.585260139424e-03
1671 -7.716229777932e-01 1.189068790309e-03 1.131107670470e-02 -7.750750367045e-01 1.147831609488e-03 1.054013922992e-02 -7.726247555614e-01 1.133417057372e-03 1.027707380754e-02
1672 -7.713026802540e-01 1.300893131359e-03 1.353858351374e-02 -7.738788498640e-01 1.219258676504e-03 1.189273376184e-02 -7.723193856478e-01 1.075806383292e-03 9.258874994659e-03
1673 -7.725362921953e-01 1.339360978920e-03 1.435110265484e-02 -7.726380330920e-01 1.073288928716e-03 9.215592996038e-03 -7.727792823911e-01 1.242751984654e-03 1.235545996288e-02
1674 -7.721119470596e-01 9.674669348589e-04 7.487938160363e-03 -7.743639453053e-01 9.241732842657e-04 6.832770074803e-03 -7.716317672133e-01 9.856339243243e-04 7.771793862231e-03
1675 -7.698639392853e-01 9.949545736359e-04 7.919476828792e-03 -7.732427856326e-01 9.822226666635e-04 7.718090935261e-03 -7.747822095156e-01 1.377479440216e-03 1.517959686573e-02
1676 -7.744372826815e-01 1.103781398896e-03 9.746667012394e-03 -7.722682197690e-01 9.957621267846e-04 7.932337705109e-03 -7.757745726705e-01 1.221626711466e-03 1.193897457735e-02
1677 -7.718074597716e-01 1.075529805422e-03 9.254114898809e-03 -7.735636145473e-01 1.150782279979e-03 1.059439884731e-02 -7.745558100343e-01 1.109320699195e-03 9.844739309291e-03
1678 -7.745179539323e-01 1.291936646901e-03 1.335280239684e-02 -7.709889735579e-01 8.166598183284e-04 5.335466070977e-03 -7.735279659629e-01 1.066099791113e-03 9.092550116884e-03
1679 -7.726630244851e-01 1.192911517604e-03 1.138430311066e-02 -7.731148687005e-01 1.164727799173e-03 1.085272676934e-02 -7.716802819371e-01 1.063358769093e-03 9.045854974453e-03
1680 -7.737886620164e-01 1.206033048033e-03 1.163612570358e-02 -7.714515192509e-01 1.285525090661e-03 1.322059806976e-02 -7.736935585141e-01 1.238288336903e-03 1.226686404249e-02
1681 -7.734591717720e-01 1.159115752530e-03 1.074839462211e-02 -7.747394717932e-01 1.294194641445e-03 1.339951815956e-02 -7.727511496544e-01 1.065217094281e-03 9.077499663585e-03
1682 -7.717881421447e-01 9.819753054857e-04 7.714204004669e-03 -7.721104299426e-01 1.050689796676e-03 8.831592390711e-03 -7.721269707084e-01 1.140629428074e-03 1.040828393752e-02
1683 -7.722767660022e-01 1.229770255668e-03 1.209867905381e-02 -7.736908172965e-01 1.274934584515e-03 1.300366555834e-02 -7.731599430442e-01 1.195565730057e-03 1.143501931910e-02
1684 -7.736628330946e-01 1.203393223347e-03 1.158524199999e-02 -7.726617808938e-01 1.077249975710e-03 9.283740081338e-03 -7.736859811544e-01 1.186068860336e-03 1.125407473167e-02
1685 -7.735671817064e-01 1.123370448239e-03 1.009568931182e-02 -7.712299712896e-01 9.331521253401e-04 6.966183112215e-03 -7.724187165499e-01 1.155670491797e-03 1.068459428489e-02
1686 -7.731400942802e-01 1.208045328657e-03 1.167498812872e-02 -7.731319252253e-01 1.211729405845e-03 1.174630522392e-02 -7.721545548439e-01 1.139815198157e-03 1.039342948760e-02
1687 -7.727322636843e-01 1.018008887996e-03 8.290736768316e-03 -7.725952789783e-01 1.060218221748e-03 8.992501421807e-03 -7.704533684254e-01 9.716253740862e-04 7.552446940545e-03
1688 -7.727131589651e-01 1.115888310405e-03 9.961653770392e-03 -7.736788639426e-01 1.077412560178e-03 9.286542598643e-03 -7.725422018170e-01 1.055754931991e-03 8.916947811382e-03
1689 -7.706046153903e-01 1.153879306571e-03 1.065149963306e-02 -7.728509942293e-01 1.273796212388e-03 1.298045432555e-02 -7.717841372490e-01 1.013156272826e-03 8.211885065328e-03
1690 -7.738047498465e-01 1.173230261936e-03 1.101175398019e-02 -7.725778079033e-01 1.002800831192e-03 8.044876056320e-03 -7.713583359122e-01 1.319457312729e-03 1.392774080090e-02
1691 -7.709372622371e-01 1.197433518384e-03 1.147077624760e-02 -7.717198386192e-01 1.032944851656e-03 8.535800532504e-03 -7.718412743211e-01 1.156505680100e-03 1.070004310484e-02
1692 -7.722392427325e-01 1.011661386039e-03 8.187670080019e-03 -7.708915075660e-01 1.001466745378e-03 8.023485136784e-03 -7.729283826947e-01 1.107109010400e-03 9.805522887269e-03
1693 -7.724238728285e-01 1.239061998660e-03 1.228219709219e-02 -7.724707451463e-01 1.118486497659e-03 1.000809636356e-02 -7.724548552632e-01 1.044972527439e-03 8.735740664812e-03
1694 -7.724383963346e-01 1.171000305499e-03 1.096993372383e-02 -7.728004696965e-01 1.136893274323e-03 1.034021053761e-02 -7.727174717784e-01 1.182675267913e-03 1.118976631466e-02
1695 -7.728173672557e-01 1.100182006819e-03 9.683203585035e-03 -7.728003900051e-01 1.162410638263e-03 1.080958793558e-02 -7.740245380998e-01 1.099482159389e-03 9.670888150525e-03
1696 -7.723593401909e-01 1.196918237928e-03 1.146090614627e-02 -7.747725982070e-01 1.232964583761e-03 1.216161331848e-02 -7.724464550614e-01 1.118061757276e-03 1.000049674466e-02
1697 -7.725401862264e-01 1.231510282872e-03 1.213294061456e-02 -7.750667119026e-01 1.265785517505e-03 1.281770381061e-02 -7.714213554859e-01 1.111377436128e-03 9.881278444283e-03
1698 -7.728303518891e-01 1.241848913919e-03 1.233750980002e-02 -7.715647702217e-01 1.147673408111e-03 1.053723401349e-02 -7.728738159537e-01 1.182573364696e-03 1.118783810310e-02
1699 -7.726604160666e-01 1.102993550330e-03 9.732758176563e-03 -7.750696812868e-01 1.098041408149e-03 9.645559472085e-03 -7.717484972477e-01 9.991655986309e-04 7.986655147900e-03
1700 -7.725094873905e-01 1.056504433200e-03 8.929612938965e-03 -7.738213660717e-01 1.170327184854e-03 1.095732575686e-02 -7.730253733397e-01 1.007495356246e-03 8.120375142858e-03
1701 -7.702265630960e-01 1.088061300371e-03 9.471019146921e-03 -7.730281131268e-01 1.013903434056e-03 8.224001388728e-03 -7.719342496395e-01 9.191825017753e-04 6.759171772559e-03
1702 -7.721829693317e-01 9.329499163885e-04 6.963164371915e-03 -7.738355711102e-01 1.130413467693e-03 1.022267686354e-02 -7.729053152800e-01 1.138110710003e-03 1.036236790579e-02
1703 -7.716253748536e-01 1.205370915400e-03 1.162335234955e-02 -7.747628555894e-01 1.213878905558e-03 1.178801597886e-02 -7.737649036646e-01 1.132276924640e-03 1.025640827258e-02
1704 -7.731461576819e-01 1.369071919432e-03 1.499486336462e-02 -7.712708076835e-01 1.040163461764e-03 8.655520217506e-03 -7.757182005644e-01 1.272889965750e-03 1.296199091925e-02
1705 -7.715630209446e-01 9.830767757462e-04 7.731519576092e-03 -7.747513177991e-01 1.240630261086e-03 1.231330755777e-02 -7.723926550150e-01 1.090725460274e-03 9.517456237516e-03
1706 -7.725920706391e-01 1.095782363329e-03 9.605911902257e-03 -7.711819344759e-01 1.032192320996e-03 8.523367900183e-03 -7.722864202261e-01 1.023880876530e-03 8.386656394585e-03
1707 -7.723809649348e-01 1.103870405628e-03 9.748238979379e-03 -7.724669798017e-01 1.113412618203e-03 9.917501266995e-03 -7.730471286774e-01 1.067895705139e-03 9.123209896440e-03
1708 -7.704480423927e-01 1.033244300613e-03 8.540750277994e-03 -7.722671705484e-01 1.145743202381e-03 1.050181988643e-02 -7.720727913380e-01 1.253526237505e-03 1.257062422491e-02
1709 -7.719585497975e-01 1.346629739064e-03 1.450729323306e-02 -7.731415961385e-01 1.260733056841e-03 1.271558272489e-02 -7.705464812517e-01 1.222140945106e-03 1.194902791764e-02
1710 -7.727426701188e-01 1.231635994846e-03 1.213541779040e-02 -7.727448233962e-01 1.103274406665e-03 9.737715331219e-03 -7.718335366249e-01 1.164567396290e-03 1.084973776402e-02
1711 -7.722257168889e-01 1.289906465148e-03 1.331086951065e-02 -7.745371039510e-01 1.093386009072e-03 9.563943718672e-03 -7.737420646548e-01 1.398735982079e-03 1.565169878049e-02
1712 -7.696886032224e-01 1.040094084601e-03 8.654365638574e-03 -7.715327875614e-01 1.066014756590e-03 9.091099690134e-03 -7.734081523418e-01 1.180759715824e-03 1.115354805210e-02
1713 -7.718984348774e-01 9.799325820967e-04 7.682142923638e-03 -7.743169493675e-01 1.246336274833e-03 1.242683287972e-02 -7.724462444186e-01 1.140802687778e-03 1.041144617954e-02
1714 -7.736407200694e-01 1.288871564490e-03 1.328951927802e-02 -7.705756377578e-01 1.075917177108e-03 9.260782175961e-03 -7.710664786696e-01 1.029252295484e-03 8.474882302074e-03
1715 -7.717880345583e-01 1.208409028001e-03 1.168201903163e-02 -7.733614841104e-01 1.199232571765e-03 1.150527008946e-02 -7.732304772139e-01 9.282395844496e-04 6.893029809113e-03
1716 -7.715696774125e-01 1.246011172857e-03 1.242035074307e-02 -7.704574950933e-01 7.858077114378e-04 4.939950074841e-03 -7.723255925775e-01 1.188562292711e-03 1.130144258923e-02
1717 -7.745065920949e-01 1.316588889114e-03 1.386725042352e-02 -7.740331187248e-01 1.239808371626e-03 1.229699838684e-02 -7.727100275755e-01 1.194012119236e-03 1.140531952707e-02
1718 -7.715497086644e-01 1.110378279653e-03 9.863519391401e-03 -7.728059986234e-01 9.564982736304e-04 7.319111579664e-03 -7.734030235410e-01 1.151918215259e-03 1.061532459716e-02
1719 -7.751759931445e-01 1.251054593344e-03 1.252110076422e-02 -7.710234201550e-01 9.156003675464e-04 6.706592264409e-03 -7.733331148028e-01 1.171240438284e-03 1.097443331418e-02
1720 -7.722149115205e-01 9.860173416141e-04 7.777841583710e-03 -7.717938463688e-01 1.014726694671e-03 8.237362119019e-03 -7.720099536180e-01 9.619886551314e-04 7.403377380812e-03
1721 -7.727752836943e-01 1.077311710312e-03 9.284804169408e-03 -7.729415078759e-01 1.173745808217e-03 1.102143377845e-02 -7.709284619093e-01 9.469342200676e-04 7.173475337080e-03
1722 -7.721916055679e-01 1.079730929117e-03 9.326551034326e-03 -7.719568608999e-01 1.272301128847e-03 1.295000129973e-02 -7.719971613884e-01 1.096378004663e-03 9.616357832868e-03
1723 -7.717790730596e-01 1.260341055948e-03 1.270767661847e-02 -7.733974168897e-01 1.273919436221e-03 1.298296583985e-02 -7.717468807101e-01 1.324766857107e-03 1.404005780551e-02
1724 -7.733231322169e-01 1.101969208456e-03 9.714689091077e-03 -7.720775247216e-01 9.581802215322e-04 7.344874695484e-03 -7.712166004777e-01 1.118466699503e-03 1.000774206317e-02
1725 -7.711377546787e-01 1.010639636815e-03 8.171139804006e-03 -7.735158003569e-01 1.140520911164e-03 1.040630359043e-02 -7.719131612182e-01 9.745128088964e-04 7.597401717626e-03
1726 -7.732899641991e-01 1.307816230270e-03 1.368306633725e-02 -7.722071545720e-01 1.050450641574e-03 8.827572403066e-03 -7.756194641590e-01 1.288111658761e-03 1.327385316350e-02
1727 -7.734508804679e-01 1.326992710401e-03 1.408727722767e-02 -7.748149014115e-01 1.108919477781e-03 9.837619265619e-03 -7.741592939496e-01 1.239892427393e-03 1.229866585206e-02
1728 -7.714738754630e-01 1.268454598253e-03 1.287181654264e-02 -7.725243717432e-01 1.072096294763e-03 9.195123721952e-03 -7.724665274024e-01 9.990725306288e-04 7.985167371657e-03
1729 -7.711369705200e-01 1.114162105557e-03 9.930857579670e-03 -7.739758543372e-01 1.171037480329e-03 1.097063024268e-02 -7.732689825892e-01 1.103291002939e-03 9.738008297322e-03
1730 -7.743079921007e-01 1.015468541320e-03 8.249410867290e-03 -7.741388511658e-01 1.177037642198e-03 1.108334088921e-02 -7.741047260761e-01 1.187487452605e-03 1.128101160076e-02
1731 -7.723923461437e-01 1.169893622160e-03 1.094920869737e-02 -7.733230410814e-01 1.110038626002e-03 9.857486009735e-03 -7.741483437419e-01 1.207445568636e-03 1.166339840975e-02
1732 -7.737212813497e-01 1.278619958780e-03 1.307895199193e-02 -7.732845420837e-01 1.061869982555e-03 9.020542878815e-03 -7.745544655919e-01 1.216735476453e-03 1.184356175728e-02
1733 -7.727696875334e-01 1.161307788585e-03 1.078908623862e-02 -7.733526507616e-01 1.164609182271e-03 1.085051637944e-02 -7.723114878535e-01 1.140830246013e-03 1.041194920175e-02
1734 -7.727220668197e-01 1.241509725508e-03 1.233077118824e-02 -7.755488709807e-01 1.153667512295e-03 1.064758983141e-02 -7.719435774684e-01 1.067925561495e-03 9.123720039151e-03
1735 -7.732478801012e-01 1.076125092020e-03 9.264361709392e-03 -7.746218177676e-01 1.108913322429e-03 9.837510053292e-03 -7.728656945229e-01 1.042712228952e-03 8.697990339256e-03
1736 -7.746766931415e-01 1.234841347045e-03 1.219866521897e-02 -7.745538227558e-01 9.590553927509e-04 7.358297970917e-03 -7.721323672533e-01 1.054209138151e-03 8.890855255691e-03
1737 -7.719527322650e-01 1.049704478189e-03 8.815035932249e-03 -7.704751367569e-01 8.809475583337e-04 6.208548804273e-03 -7.730626856685e-01 1.128784358082e-03 1.019323301640e-02
1738 -7.728431607485e-01 1.139271769300e-03 1.038352131459e-02 -7.705189067125e-01 9.824314238267e-04 7.721372020177e-03 -7.736583132148e-01 1.126572446364e-03 1.015332381525e-02
1739 -7.726452583075e-01 1.114007616969e-03 9.928103765316e-03 -7.739087046385e-01 1.233367269962e-03 1.216955858090e-02 -7.738902334571e-01 1.229082992194e-03 1.208516001360e-02
1740 -7.730686988235e-01 1.223482692284e-03 1.197527918655e-02 -7.705410562158e-01 9.794341825417e-04 7.674330543448e-03 -7.725754908919e-01 9.927078520506e-04 7.883751036183e-03
1741 -7.722938657403e-01 1.277288799741e-03 1.305173342355e-02 -7.710652004480e-01 1.099398459960e-03 9.669415790095e-03 -7.708831277490e-01 1.099648943152e-03 9.673822385410e-03
1742 -7.717757004499e-01 9.853186849930e-04 7.766823287971e-03 -7.718976707458e-01 1.068195168792e-03 9.128327349036e-03 -7.738579692245e-01 1.133720966126e-03 1.028258583226e-02
1743 -7.730897929072e-01 1.252098579021e-03 1.254200681270e-02 -7.726429315209e-01 1.112195349073e-03 9.895827955999e-03 -7.736493216753e-01 1.221495609313e-03 1.193641218858e-02
1744 -7.713124156594e-01 1.038291156409e-03 8.624388203816e-03 -7.737568459511e-01 1.122535186877e-03 1.008068196621e-02 -7.741229881048e-01 1.306508736399e-03 1.365572062630e-02
1745 -7.724100428820e-01 1.100653356117e-03 9.691502482649e-03 -7.712531355023e-01 1.075118999759e-03 9.247046909148e-03 -7.727424919009e-01 1.194547696250e-03 1.141555358894e-02
1746 -7.714394891858e-01 1.128634528468e-03 1.019052719080e-02 -7.724816813469e-01 1.050946901219e-03 8.835915113453e-03 -7.722200760841e-01 1.059880152790e-03 8.986767506219e-03
1747 -7.722917177081e-01 1.117140296910e-03 9.984019543849e-03 -7.724629157782e-01 1.198286225387e-03 1.148711902361e-02 -7.721375741959e-01 1.107144309944e-03 9.806148184330e-03
1748 -7.717387967706e-01 1.149593710743e-03 1.057252559825e-02 -7.719132583141e-01 1.033575286308e-03 8.546222979737e-03 -7.719084306955e-01 1.139587908972e-03 1.038928481820e-02
1749 -7.730241407752e-01 1.050706390899e-03 8.831871359004e-03 -7.729342695475e-01 1.130640852687e-03 1.022678990212e-02 -7.717132638097e-01 9.056188523528e-04 6.561164045894e-03
1750 -7.715630968213e-01 1.198408621755e-03 1.148946579758e-02 -7.699600268006e-01 8.019177957454e-04 5.144577209066e-03 -7.749252759218e-01 1.296072920315e-03 1.343844011820e-02
1751 -7.732365573645e-01 1.230594776216e-03 1.211490802599e-02 -7.696492750645e-01 8.114370334705e-04 5.267440474299e-03 -7.728403884172e-01 1.151794161663e-03 1.061303832673e-02
1752 -7.736202167273e-01 1.181601343288e-03 1.116945387568e-02 -7.721968671083e-01 1.087028966356e-03 9.453055789568e-03 -7.723093753457e-01 9.725275401895e-04 7.566478531417e-03
1753 -7.728455888033e-01 1.319987071022e-03 1.393892694132e-02 -7.731330704093e-01 1.276628989904e-03 1.303825262290e-02 -7.716095486283e-01 1.328601308113e-03 1.412145148735e-02
1754 -7.716683067083e-01 1.207033843126e-03 1.165544558761e-02 -7.733839350939e-01 1.304892527782e-03 1.362195607249e-02 -7.713749201894e-01 1.134855172961e-03 1.030317010877e-02
1755 -7.728987576365e-01 1.049207793371e-03 8.806695949371e-03 -7.727582863569e-01 1.079912090459e-03 9.329680984957e-03 -7.722000203729e-01 9.935776537369e-04 7.897572432043e-03
1756 -7.710191211700e-01 1.181984991287e-03 1.117670815703e-02 -7.735334814787e-01 1.121497150969e-03 1.006204687705e-02 -7.733595450521e-01 1.171060604468e-03 1.097106351469e-02
1757 -7.726954084039e-01 1.110143398299e-03 9.859346918297e-03 -7.734556248188e-01 1.197757116630e-03 1.147697688350e-02 -7.721059774160e-01 1.110565098176e-03 9.866838698299e-03
1758 -7.733994392753e-01 1.217931893066e-03 1.186686476917e-02 -7.743260300756e-01 1.226042050504e-03 1.202543287684e-02 -7.728521741629e-01 8.938569460468e-04 6.391841919969e-03
1759 -7.704474564195e-01 1.108250589675e-03 9.825754956122e-03 -7.745318081975e-01 1.207749250894e-03 1.166926602428e-02 -7.720798284411e-01 1.051383130023e-03 8.843251888780e-03
1760 -7.728322727680e-01 1.191768181274e-03 1.136249118317e-02 -7.737592220902e-01 1.019681687511e-03 8.318005950755e-03 -7.728983612061e-01 1.138087599287e-03 1.036194706920e-02
1761 -7.730229461789e-01 1.155088592272e-03 1.067383724798e-02 -7.732447266579e-01 1.127125756051e-03 1.016329975962e-02 -7.736481837630e-01 1.104309266089e-03 9.755991641357e-03
1762 -7.734256996512e-01 1.216581295877e-03 1.184056039582e-02 -7.733686613441e-01 1.081247975296e-03 9.352777472647e-03 -7.723624162674e-01 1.049554317346e-03 8.812514120485e-03
1763 -7.718929971457e-01 1.251852483741e-03 1.253707712838e-02 -7.740609504580e-01 1.105916868914e-03 9.784416967585e-03 -7.716804072261e-01 9.240578618796e-04 6.831063456811e-03
1764 -7.732985112071e-01 1.106041012750e-03 9.786613775074e-03 -7.722206626534e-01 1.057010586966e-03 8.938171047660e-03 -7.737395057678e-01 9.672598206853e-04 7.484732485698e-03
1765 -7.727594221234e-01 1.103912757509e-03 9.748987009535e-03 -7.709663487673e-01 1.019675672560e-03 8.317907817680e-03 -7.715171692967e-01 1.215855302009e-03 1.182643292339e-02
1766 -7.713024373055e-01 1.033022859987e-03 8.537089834038e-03 -7.722035478950e-01 1.012098994883e-03 8.194755003541e-03 -7.725342860222e-01 1.051731405695e-03 8.849111597807e-03
1767 -7.711372351050e-01 1.166152468861e-03 1.087929264504e-02 -7.733010215163e-01 1.238508833207e-03 1.227123303944e-02 -7.735552142262e-01 1.087333428797e-03 9.458351883040e-03
1768 -7.714922190905e-01 1.066415839059e-03 9.097941934366e-03 -7.737844906449e-01 1.183355098939e-03 1.120263432148e-02 -7.711170325875e-01 1.086347850976e-03 9.441213226557e-03
1769 -7.724474542141e-01 1.162669450205e-03 1.081440200351e-02 -7.736853744984e-01 1.385059796158e-03 1.534712511146e-02 -7.761817973852e-01 1.177601059443e-03 1.109395404161e-02
1770 -7.721022040844e-01 1.297383192379e-03 1.346562518293e-02 -7.736552101374e-01 1.102261957821e-03 9.719851389272e-03 -7.737760418653e-01 1.012348507483e-03 8.198796004827e-03
1771 -7.733623741269e-01 1.296582073478e-03 1.344900058612e-02 -7.726640487313e-01 1.176329544581e-03 1.107000957963e-02 -7.730567516088e-01 1.162083860688e-03 1.080351119417e-02
1772 -7.728257941604e-01 1.202018616567e-03 1.155879003658e-02 -7.725264784098e-01 1.003792880111e-03 8.060801169285e-03 -7.740671237111e-01 1.171618411972e-03 1.098151762617e-02
1773 -7.733403078914e-01 1.018078417205e-03 8.291869308625e-03 -7.719444851875e-01 9.929755226816e-04 7.888003109159e-03 -7.727604497671e-01 1.214893822552e-03 1.180773600060e-02
1774 -7.702987832427e-01 1.179334190374e-03 1.112663306067e-02 -7.743056523800e-01 1.250276041613e-03 1.250552144185e-02 -7.723056474328e-01 1.049237491704e-03 8.807194511979e-03
1775 -7.735660576820e-01 1.220427988842e-03 1.191555580759e-02 -7.741979355812e-01 1.140337937213e-03 1.040296488838e-02 -7.745677450895e-01 1.107634837215e-03 9.814839460891e-03
1776 -7.720135993361e-01 1.186973186762e-03 1.127124276874e-02 -7.747086422443e-01 1.186312205494e-03 1.125869319124e-02 -7.716996731162e-01 1.061467918176e-03 9.013713130540e-03
1777 -7.708328237534e-01 9.040253662483e-04 6.538094902563e-03 -7.736679581404e-01 9.747082626759e-04 7.600449578629e-03 -7.721266020536e-01 1.291377442111e-03 1.334124558395e-02
1778 -7.720380246043e-01 1.116285003679e-03 9.968737675506e-03 -7.711874256134e-01 9.812929932906e-04 7.703487509449e-03 -7.723181481361e-01 1.052579388958e-03 8.863386960475e-03
1779 -7.709035107493e-01 1.402963301692e-03 1.574644820715e-02 -7.744409197569e-01 1.193122949228e-03 1.138833897579e-02 -7.744399171472e-01 1.135648971644e-03 1.031758869436e-02
1780 -7.737403221726e-01 1.155602839763e-03 1.068334338614e-02 -7.721617261767e-01 9.866333905791e-04 7.787563579244e-03 -7.738181462288e-01 1.055591059712e-03 8.914179882743e-03
1781 -7.739087790251e-01 1.269471236620e-03 1.289245776484e-02 -7.736754347682e-01 1.147580707749e-03 1.053553184637e-02 -7.742118450999e-01 1.233256801860e-03 1.216737871466e-02
1782 -7.706959973574e-01 1.215805526512e-03 1.182546462638e-02 -7.745585296750e-01 1.410598578127e-03 1.591830678891e-02 -7.741594437361e-01 1.077526942863e-03 9.288514500766e-03
1783 -7.735065315962e-01 1.485723089863e-03 1.765898479802e-02 -7.734110398293e-01 1.093625801253e-03 9.568139145330e-03 -7.720353245139e-01 1.142615373301e-03 1.044455913043e-02
1784 -7.733793020248e-01 1.181570342816e-03 1.116886780017e-02 -7.720298278928e-01 1.034372848792e-03 8.559417522540e-03 -7.711205412745e-01 1.098051206588e-03 9.645731618320e-03
1785 -7.721328241825e-01 1.103694451528e-03 9.745131538677e-03 -7.719274901748e-01 1.070345259166e-03 9.165111790555e-03 -7.733764294386e-01 1.139765320325e-03 1.039251988333e-02
1786 -7.730600167513e-01 1.197386360860e-03 1.146987277740e-02 -7.739656851292e-01 1.262872746461e-03 1.275878059002e-02 -7.724947663546e-01 1.076493519844e-03 9.270706386137e-03
1787 -7.733828677535e-01 1.087972259792e-03 9.469469104608e-03 -7.740679893494e-01 1.270398677613e-03 1.291130240066e-02 -7.746387936473e-01 1.233913264313e-03 1.218033555079e-02
1788 -7.740355829597e-01 1.213507834876e-03 1.178081012245e-02 -7.734983066320e-01 1.082208136059e-03 9.369395598021e-03 -7.744440081716e-01 1.331680481364e-03 1.418698323556e-02
1789 -7.720858871937e-01 1.162274563913e-03 1.080705729535e-02 -7.733977860808e-01 1.129708820137e-03 1.020993614636e-02 -7.732247132063e-01 1.072602557266e-03 9.203809966836e-03
1790 -7.716207680702e-01 1.228871160289e-03 1.208099462872e-02 -7.718663617969e-01 1.013376301170e-03 8.215452222179e-03 -7.715609943867e-01 9.800906683509e-04 7.684621745508e-03
1791 -7.716504980922e-01 1.057939197554e-03 8.953882765770e-03 -7.715518206954e-01 9.189848764568e-04 6.756265625250e-03 -7.730242929459e-01 1.159083421498e-03 1.074779502392e-02
1792 -7.706533194780e-01 9.881020043303e-04 7.810764567692e-03 -7.736479380727e-01 1.152105302216e-03 1.061877301916e-02 -7.728604467511e-01 1.121695265456e-03 1.006560214837e-02
1793 -7.726287065744e-01 1.291746202432e-03 1.334886601198e-02 -7.715668051839e-01 1.032527228202e-03 8.528899815825e-03 -7.708389348388e-01 1.029943270259e-03 8.486265119614e-03
1794 -7.749708325267e-01 1.227443797004e-03 1.205294619843e-02 -7.717552350760e-01 1.140042179578e-03 1.039756936973e-02 -7.741890512109e-01 1.110333055159e-03 9.862715947023e-03
1795 -7.719979844093e-01 1.172393343125e-03 1.099604920802e-02 -7.739057281613e-01 1.312358395533e-03 1.377827646661e-02 -7.737076421380e-01 1.191705100125e-03 1.136128836531e-02
1796 -7.730893148184e-01 1.079642297910e-03 9.325019931486e-03 -7.725997391939e-01 1.066382239518e-03 9.097368646080e-03 -7.715989754200e-01 1.031831573112e-03 8.517411162170e-03
1797 -7.717021746635e-01 1.138725899580e-03 1.037357339499e-02 -7.722401317954e-01 1.043275885089e-03 8.707396579259e-03 -7.732885597348e-01 1.182292869796e-03 1.118253143977e-02
1798 -7.728978110552e-01 1.162453736288e-03 1.081038951208e-02 -7.712592585683e-01 1.166300819169e-03 1.088206080635e-02 -7.728933684826e-01 1.248681475178e-03 1.247364341163e-02
1799 -7.714661688209e-01 1.086567128562e-03 9.445024998978e-03 -7.738981627226e-01 1.204180232981e-03 1.160040026801e-02 -7.727229829431e-01 9.649072612639e-04 7.448368182718e-03
1800 -7.708250950575e-01 9.522732985187e-04 7.254595480573e-03 -7.737496203780e-01 1.105016639138e-03 9.768494182183e-03 -7.730797679424e-01 1.064055530337e-03 9.057713373131e-03
1801 -7.729582057595e-01 1.077686628320e-03 9.291267750879e-03 -7.751185051203e-01 1.173096888451e-03 1.100925047755e-02 -7.722073671222e-01 1.178871453849e-03 1.111790323759e-02
1802 -7.731976958513e-01 1.329863271649e-03 1.414829057025e-02 -7.720260280371e-01 1.166636566916e-03 1.088832703412e-02 -7.734672728181e-01 1.065717475536e-03 9.086029901299e-03
1803 -7.752666715980e-01 1.448275262237e-03 1.678000988166e-02 -7.741873572469e-01 1.007540645816e-03 8.121105223770e-03 -7.733331835866e-01 1.176702692055e-03 1.107703380391e-02
1804 -7.726650880575e-01 1.059463436944e-03 8.979702193778e-03 -7.725904660225e-01 1.042593602714e-03 8.696011363356e-03 -7.734306660891e-01 1.074214172597e-03 9.231488708858e-03
1805 -7.732114292383e-01 1.075518009722e-03 9.253911913899e-03 -7.757473024726e-01 1.337634971525e-03 1.431413853637e-02 -7.724710787535e-01 1.195362928309e-03 1.143114024300e-02
1806 -7.732727967501e-01 1.165459375298e-03 1.086636444376e-02 -7.745754649639e-01 1.174839121857e-03 1.104197569796e-02 -7.716742923856e-01 1.215337184181e-03 1.181635577002e-02
1807 -7.716061874032e-01 1.182126571044e-03 1.117938583975e-02 -7.726820822358e-01 1.091196349262e-03 9.525675781140e-03 -7.718168587089e-01 1.080838812077e-03 9.345700301534e-03
1808 -7.714589909911e-01 1.120795333666e-03 1.004945743974e-02 -7.736931903362e-01 1.154509267192e-03 1.066313318426e-02 -7.708180510402e-01 1.050175427181e-03 8.822947422831e-03
1809 -7.725393014550e-01 1.123776205385e-03 1.010298367831e-02 -7.766592986584e-01 1.256482632763e-03 1.262998885147e-02 -7.752854037285e-01 1.330216358179e-03 1.415580447654e-02
1810 -7.722828719616e-01 1.228216123583e-03 1.206811876983e-02 -7.715977411866e-01 1.094631066256e-03 9.585737369694e-03 -7.740345414877e-01 9.800033747162e-04 7.683252915641e-03
1811 -7.721376571059e-01 1.257988700736e-03 1.266028456944e-02 -7.734341818690e-01 1.137012938965e-03 1.034238738699e-02 -7.747115864158e-01 1.102858813686e-03 9.730380503399e-03
1812 -7.722154683471e-01 1.100180028899e-03 9.683168767899e-03 -7.736327015758e-01 1.213790976381e-03 1.178630827475e-02 -7.724790021181e-01 1.006411907615e-03 8.102919422311e-03
1813 -7.719553055763e-01 1.038378618372e-03 8.625841240733e-03 -7.724967227578e-01 1.283187323027e-03 1.317255764782e-02 -7.729798640013e-01 9.993893578265e-04 7.990232708295e-03
1814 -7.697090033889e-01 9.223786126207e-04 6.806258440161e-03 -7.736301781535e-01 1.156454324897e-03 1.069909284458e-02 -7.726883778572e-01 1.079551361027e-03 9.323449128762e-03
1815 -7.737327409387e-01 1.415256915190e-03 1.602361708794e-02 -7.754668021798e-01 1.135405720999e-03 1.031316921022e-02 -7.743065072298e-01 1.147283283145e-03 1.053007145426e-02
1816 -7.718793801069e-01 1.045921389805e-03 8.751612429205e-03 -7.751262263656e-01 1.279988661387e-03 1.310696778622e-02 -7.736703943014e-01 1.139568400651e-03 1.038892911810e-02
1817 -7.720005703568e-01 1.045588198174e-03 8.746037441287e-03 -7.726785762310e-01 1.085020257375e-03 9.418151671319e-03 -7.732424499393e-01 1.154128764428e-03 1.065610563905e-02
1818 -7.740245993733e-01 1.344484544692e-03 1.446110952733e-02 -7.722537195683e-01 1.080507768057e-03 9.339976294660e-03 -7.730898023248e-01 1.061272113882e-03 9.010387997632e-03
1819 -7.698590747118e-01 9.875511587862e-04 7.802058329760e-03 -7.732964142561e-01 1.123187642280e-03 1.009240383816e-02 -7.737139393091e-01 1.023799790070e-03 8.385328081183e-03
1820 -7.718679419756e-01 1.080882588646e-03 9.346457363502e-03 -7.738846003413e-01 1.209586476483e-03 1.170479555273e-02 -7.732307069898e-01 1.141757500520e-03 1.042888151996e-02
1821 -7.708195482492e-01 1.088838293800e-03 9.484550640355e-03 -7.712234035730e-01 1.027893191052e-03 8.452515297681e-03 -7.713097478151e-01 1.039475466744e-03 8.644073967703e-03
1822 -7.719913260341e-01 1.091178358409e-03 9.525361678879e-03 -7.735713164806e-01 1.246854186775e-03 1.243716290463e-02 -7.711445568800e-01 1.084211059484e-03 9.404108972065e-03
1823 -7.746104063392e-01 1.085916193514e-03 9.433711834696e-03 -7.730210903883e-01 1.058701207717e-03 8.966785977773e-03 -7.725333086252e-01 1.071223399935e-03 9.180156580546e-03
1824 -7.731296725869e-01 1.187794343138e-03 1.128684321272e-02 -7.712618865967e-01 1.053769838102e-03 8.883446973551e-03 -7.728706269264e-01 1.334500310729e-03 1.424712863470e-02
1825 -7.710784088969e-01 1.189516699185e-03 1.131959982111e-02 -7.740590522289e-01 1.249104837790e-03 1.248210316631e-02 -7.734581988454e-01 1.225387235394e-03 1.201259101333e-02
1826 -7.712325141430e-01 1.363719462889e-03 1.487784618771e-02 -7.728932967186e-01 1.253041574640e-03 1.256090550221e-02 -7.732949530482e-01 1.151502168813e-03 1.060765795826e-02
1827 -7.722185593843e-01 1.233986996288e-03 1.218179125607e-02 -7.737411221266e-01 1.097666471390e-03 9.638973459303e-03 -7.730057665110e-01 1.127010662716e-03 1.016122427101e-02
1828 -7.733286164999e-01 9.730348951009e-04 7.574375256673e-03 -7.732462033033e-01 1.142915863544e-03 1.045005336912e-02 -7.739707078338e-01 1.064605572653e-03 9.067080202589e-03
1829 -7.739662542939e-01 1.306697142283e-03 1.365965937321e-02 -7.755060349107e-01 1.178776821203e-03 1.111611835365e-02 -7.716507893801e-01 1.136494916682e-03 1.033296556515e-02
1830 -7.717964988947e-01 1.031687540885e-03 8.515033456143e-03 -7.715327351093e-01 9.565945387862e-04 7.320584893085e-03 -7.733602482080e-01 1.238502789982e-03 1.227111328634e-02
1831 -7.699034940600e-01 9.772996865032e-04 7.640917417914e-03 -7.734194815755e-01 1.087397622102e-03 9.459468708427e-03 -7.741954419613e-01 1.084819852422e-03 9.414672897671e-03
1832 -7.720803707242e-01 1.105798381030e-03 9.782320475914e-03 -7.737323406935e-01 1.082842913225e-03 9.380390197766e-03 -7.727874823213e-01 1.080621994360e-03 9.341951157549e-03
1833 -7.716578375101e-01 1.275343869590e-03 1.301201588561e-02 -7.731342599392e-01 1.157750102913e-03 1.072308240636e-02 -7.731011636257e-01 1.184955888304e-03 1.123296365780e-02
1834 -7.733810984492e-01 1.239619091881e-03 1.229324394364e-02 -7.727371112704e-01 1.233904205703e-03 1.218015671081e-02 -7.714957445264e-01 1.039444621246e-03 8.643560965095e-03
1835 -7.723661920428e-01 1.166718277434e-03 1.088985231119e-02 -7.741619849205e-01 1.074637636777e-03 9.238768403026e-03 -7.739694367051e-01 1.177383763090e-03 1.108986020471e-02
1836 -7.728141063452e-01 1.303472507194e-03 1.359232461609e-02 -7.730306799412e-01 9.469808449655e-04 7.174181765852e-03 -7.710581705570e-01 1.045646265856e-03 8.747008906396e-03
1837 -7.736381678581e-01 9.811502674477e-04 7.701246778502e-03 -7.739859228134e-01 1.385408850528e-03 1.535486146497e-02 -7.712058115602e-01 1.045852307339e-03 8.750456390135e-03
1838 -7.714846428037e-01 9.736366623952e-04 7.583746802881e-03 -7.751739407182e-01 1.177432205699e-03 1.109077279213e-02 -7.706410109401e-01 1.085070419865e-03 9.419022528529e-03
1839 -7.735806857944e-01 1.114453924612e-03 9.936060400674e-03 -7.736489939094e-01 1.143732410724e-03 1.046499061873e-02 -7.742094950080e-01 1.148389061508e-03 1.055037949273e-02
1840 -7.690119240880e-01 1.026144670949e-03 8.423783085729e-03 -7.729898268580e-01 1.042464411198e-03 8.693856388921e-03 -7.742454065084e-01 1.287794608950e-03 1.326731963873e-02
1841 -7.740683763623e-01 1.409598772956e-03 1.589574960576e-02 -7.722309015989e-01 1.065374027420e-03 9.080174546413e-03 -7.739572699070e-01 1.048577974898e-03 8.796126155532e-03
1842 -7.704926251769e-01 9.946215157197e-04 7.914175676261e-03 -7.753884940147e-01 1.287615730056e-03 1.326363414629e-02 -7.729818588495e-01 1.002876902496e-03 8.046096652486e-03
1843 -7.752001370192e-01 1.506631223859e-03 1.815950115767e-02 -7.715387027264e-01 1.215083573633e-03 1.181142472730e-02 -7.744732014537e-01 1.089393104723e-03 9.494218692941e-03
1844 -7.732283284068e-01 1.168015238930e-03 1.091407678697e-02 -7.731126904488e-01 1.245469759803e-03 1.240955938067e-02 -7.705628901124e-01 1.098682989186e-03 9.656834485819e-03
1845 -7.740300451517e-01 1.016284762422e-03 8.262677746655e-03 -7.721690443158e-01 1.030270427699e-03 8.491657233531e-03 -7.734224038720e-01 1.135497408417e-03 1.031483491618e-02
1846 -7.725735384822e-01 1.156779302793e-03 1.070510684296e-02 -7.715749353170e-01 1.161240989725e-03 1.078784508975e-02 -7.713760751486e-01 9.955017566551e-04 7.928189980028e-03
1847 -7.735174446106e-01 1.045232187130e-03 8.740082600108e-03 -7.731413560510e-01 1.127170345250e-03 1.016410389769e-02 -7.718603723645e-01 1.189752502110e-03 1.132408813022e-02
1848 -7.731768388748e-01 1.229663022157e-03 1.209656918447e-02 -7.722829143405e-01 1.198509506229e-03 1.149140029217e-02 -7.710944073200e-01 1.080662474545e-03 9.342651071110e-03
1849 -7.726972373724e-01 1.187935937486e-03 1.128953433257e-02 -7.715476633906e-01 1.114606421142e-03 9.938779792408e-03 -7.718492984772e-01 1.066629739095e-03 9.101592002581e-03
1850 -7.733648959994e-01 1.183079203676e-03 1.119741121737e-02 -7.722726132274e-01 1.085608243382e-03 9.428362064799e-03 -7.715909125805e-01 1.239734977311e-03 1.229554251176e-02
1851 -7.730714420676e-01 1.094239174406e-03 9.578874966440e-03 -7.726794194579e-01 1.193561910247e-03 1.139672026874e-02 -7.711849367023e-01 1.063818001874e-03 9.053669928887e-03
1852 -7.700854069591e-01 1.073934565111e-03 9.226683601118e-03 -7.735800392032e-01 1.157784167425e-03 1.072371342672e-02 -7.726960339546e-01 1.099683633627e-03 9.674432752540e-03
1853 -7.731539851427e-01 1.081513534968e-03 9.357372210560e-03 -7.745654149055e-01 1.265899094211e-03 1.282000413379e-02 -7.725768620968e-01 1.082007289828e-03 9.365918201928e-03
1854 -7.719645400643e-01 1.168650189368e-03 1.092594612089e-02 -7.722709234357e-01 1.267917290617e-03 1.286091404677e-02 -7.730204073787e-01 1.234515033269e-03 1.219221893894e-02
1855 -7.719160045385e-01 1.096225562384e-03 9.613683868989e-03 -7.716860883832e-01 9.269131871146e-04 6.873344451576e-03 -7.734564373493e-01 1.128194985538e-03 1.018259140314e-02
1856 -7.734271370769e-01 1.202574462146e-03 1.156948269604e-02 -7.732515013218e-01 9.397142391261e-04 7.064502809730e-03 -7.737057991028e-01 1.199752934932e-03 1.151525683901e-02
1857 -7.714747292995e-01 1.130768235614e-03 1.022909442139e-02 -7.747610155344e-01 1.186989730803e-03 1.127155696826e-02 -7.732654507756e-01 1.048285619859e-03 8.791221926433e-03
1858 -7.723778762817e-01 8.803190023724e-04 6.199692367503e-03 -7.734412178993e-01 9.531739991905e-04 7.268325381862e-03 -7.731153731346e-01 1.079675434093e-03 9.325592343878e-03
1859 -7.718092857003e-01 1.209487209191e-03 1.170287447357e-02 -7.726424357891e-01 9.783022554586e-04 7.656602424283e-03 -7.710761613250e-01 9.949146733781e-04 7.918841658424e-03
1860 -7.734390726089e-01 1.261567498665e-03 1.273242042951e-02 -7.724853298068e-01 1.096247136021e-03 9.614062265871e-03 -7.732611937523e-01 1.146750419748e-03 1.052029220154e-02
1861 -7.700400766134e-01 1.091939846998e-03 9.538661035703e-03 -7.738168874383e-01 1.428248486573e-03 1.631914991518e-02 -7.732621272802e-01 1.174460902282e-03 1.103486728791e-02
1862 -7.715986747742e-01 1.200268648419e-03 1.152515862703e-02 -7.728177218437e-01 1.044591491045e-03 8.729371065317e-03 -7.728609226346e-01 1.170562599630e-03 1.096173439723e-02
1863 -7.732578119636e-01 1.085983513895e-03 9.434881539618e-03 -7.730138595700e-01 1.130672228300e-03 1.022735750278e-02 -7.719307135344e-01 1.172952004136e-03 1.100653123205e-02
1864 -7.729098735452e-01 1.342766583289e-03 1.442417677758e-02 -7.719358865023e-01 1.163952020292e-03 1.083827444434e-02 -7.727688945532e-01 9.937695738359e-04 7.900623727056e-03
1865 -7.724197281003e-01 1.002239949192e-03 8.035879326050e-03 -7.747757930756e-01 1.247886700734e-03 1.245776974296e-02 -7.716647962928e-01 1.035699520787e-03 8.581387978870e-03
1866 -7.719388759136e-01 1.345208353603e-03 1.447668411683e-02 -7.725424374938e-01 1.032163183150e-03 8.522886693210e-03 -7.710331138372e-01 1.166330183627e-03 1.088260877791e-02
1867 -7.726067470908e-01 1.017717288469e-03 8.285987833998e-03 -7.741546462774e-01 1.090185938434e-03 9.508043042882e-03 -7.706984578967e-01 1.178644633634e-03 1.111362537915e-02
1868 -7.715404219031e-01 1.062516528485e-03 9.031530986426e-03 -7.731037296653e-01 1.114387014930e-03 9.934867352361e-03 -7.730008149743e-01 1.079468886090e-03 9.322024608285e-03
1869 -7.708971818089e-01 1.042452424766e-03 8.693656463203e-03 -7.735187677145e-01 1.057784465718e-03 8.951263807311e-03 -7.739161188602e-01 1.122636607607e-03 1.008250362192e-02
1870 -7.720687393546e-01 1.155110385341e-03 1.067424001858e-02 -7.747062679529e-01 1.291615936805e-03 1.334617382567e-02 -7.718479383588e-01 1.100845152153e-03 9.694880392149e-03
1871 -7.725912032127e-01 1.064840785239e-03 9.071087183266e-03 -7.721470671296e-01 1.223127487555e-03 1.196832680650e-02 -7.734374648333e-01 1.233549925477e-03 1.217316334916e-02
1872 -7.723403481245e-01 1.298620600264e-03 1.349132370744e-02 -7.721772011518e-01 1.099314631922e-03 9.667941279663e-03 -7.701298956871e-01 1.010681832391e-03 8.171822130596e-03
1873 -7.707591969967e-01 1.036011939955e-03 8.586565917828e-03 -7.728740627170e-01 1.111203732610e-03 9.878189882935e-03 -7.728818343878e-01 1.010591028113e-03 8.170353808823e-03
1874 -7.719572703242e-01 1.208616717756e-03 1.168603496351e-02 -7.715146753788e-01 1.074207793697e-03 9.231379072308e-03 -7.712851860523e-01 9.761906425592e-04 7.623585364961e-03
1875 -7.726758054495e-01 1.092029528192e-03 9.540227923538e-03 -7.732889773846e-01 1.129343994777e-03 1.020334286831e-02 -7.721547489762e-01 1.072829346134e-03 9.207702447415e-03
1876 -7.721972141862e-01 1.108455480326e-03 9.829388414927e-03 -7.738379465342e-01 1.207529221393e-03 1.166501456415e-02 -7.723217258453e-01 1.066371523308e-03 9.097185805775e-03
1877 -7.732362053990e-01 1.137066838715e-03 1.034336796564e-02 -7.728090118766e-01 1.193190034690e-03 1.138961967107e-02 -7.721470606327e-01 1.265450169252e-03 1.281091304688e-02
1878 -7.730893951654e-01 1.395951783429e-03 1.558945105326e-02 -7.745173780918e-01 1.124173475630e-03 1.011012802648e-02 -7.729888805151e-01 9.603851181167e-04 7.378716600800e-03
1879 -7.705242770910e-01 1.046489734548e-03 8.761126116119e-03 -7.730791891813e-01 1.174490692390e-03 1.103542709209e-02 -7.741472660303e-01 1.034211335419e-03 8.556744690477e-03
1880 -7.717967230678e-01 1.191320154623e-03 1.135394968649e-02 -7.738886009455e-01 1.011390282108e-03 8.183282421939e-03 -7.722783291340e-01 1.100946645846e-03 9.696668136003e-03
1881 -7.721042481065e-01 1.199559000459e-03 1.151153436466e-02 -7.758553332090e-01 1.325023926096e-03 1.404550723782e-02 -7.725251384377e-01 9.746876410545e-04 7.600127980995e-03
1882 -7.725829977393e-01 1.014437683131e-03 8.232670503650e-03 -7.703421412706e-01 9.273159948713e-04 6.879319634754e-03 -7.744206795692e-01 1.113485098392e-03 9.918792514733e-03
1883 -7.715283852220e-01 1.064580010972e-03 9.066644798088e-03 -7.749206909537e-01 1.223914152625e-03 1.198372682396e-02 -7.745577914119e-01 1.215211877663e-03 1.181391926090e-02
1884 -7.713595868349e-01 1.001247310502e-03 8.019969414294e-03 -7.736936280131e-01 1.173076268583e-03 1.100886345529e-02 -7.717987961173e-01 9.928633007082e-04 7.886220271145e-03
1885 -7.730888151526e-01 1.299543337508e-03 1.351050308850e-02 -7.734414564967e-01 1.058866450265e-03 8.969585275982e-03 -7.709299272299e-01 1.013903365513e-03 8.224000276791e-03
1886 -7.715675709844e-01 1.062431402216e-03 9.030083875317e-03 -7.702742514610e-01 1.068741843154e-03 9.137673018468e-03 -7.722425696254e-01 1.164051126891e-03 1.084012020812e-02
1887 -7.725705284476e-01 1.247291142129e-03 1.244588154587e-02 -7.726117278337e-01 9.531219820671e-04 7.267532101596e-03 -7.723591675162e-01 1.060081139605e-03 8.990176180365e-03
1888 -7.722960863113e-01 1.099176238171e-03 9.665507220480e-03 -7.745379229784e-01 1.302800323533e-03 1.357830946399e-02 -7.732259481549e-01 1.143091206987e-03 1.045326005992e-02
1889 -7.713504164219e-01 1.127471797647e-03 1.016954123592e-02 -7.715410811305e-01 9.743457159120e-04 7.594796592929e-03 -7.738685281873e-01 1.068757720499e-03 9.137944521011e-03
1890 -7.735153619051e-01 1.056782973958e-03 8.934322032375e-03 -7.737884728312e-01 1.210357411811e-03 1.171972051461e-02 -7.745678388476e-01 1.187804998159e-03 1.128704570921e-02
1891 -7.733571599722e-01 1.008179469408e-03 8.131406740280e-03 -7.724789271355e-01 1.197867781067e-03 1.147909776735e-02 -7.727757005692e-01 1.039105189042e-03 8.637916751159e-03
1892 -7.709583907127e-01 1.211012749209e-03 1.173241502997e-02 -7.735648083687e-01 1.369132803386e-03 1.499619706646e-02 -7.717684476972e-01 1.070855400684e-03 9.173850313388e-03
1893 -7.721578250527e-01 1.026811828911e-03 8.434740255930e-03 -7.728712201118e-01 1.006692238523e-03 8.107434104814e-03 -7.741197944880e-01 1.065060589727e-03 9.074832478322e-03
1894 -7.722317001820e-01 1.364712560093e-03 1.489952297340e-02 -7.739666236043e-01 1.158633899072e-03 1.073946009662e-02 -7.738779647946e-01 1.231630073421e-03 1.213530110205e-02
1895 -7.708497477770e-01 1.003018725492e-03 8.048372509502e-03 -7.741124901175e-01 1.058353756100e-03 8.960901384406e-03 -7.707395818830e-01 9.233244207638e-04 6.820223887830e-03
1896 -7.733084115386e-01 1.363563788468e-03 1.487444964178e-02 -7.712262250185e-01 1.105601438161e-03 9.778836320516e-03 -7.724125313759e-01 1.107668345188e-03 9.815433303459e-03
1897 -7.732085758448e-01 1.069394332281e-03 9.148833903319e-03 -7.737152811289e-01 1.153571583397e-03 1.064581918418e-02 -7.728315044641e-01 1.107404660456e-03 9.810760655997e-03
1898 -7.756615069509e-01 1.204125010440e-03 1.159933632614e-02 -7.722382259369e-01 1.130723269108e-03 1.022828089042e-02 -7.715969802141e-01 1.051782299952e-03 8.849968051944e-03
1899 -7.717912693024e-01 1.060638411923e-03 8.999630726779e-03 -7.733967202902e-01 1.190388587560e-03 1.133619991514e-02 -7.738223767877e-01 1.307372570281e-03 1.367378430019e-02
1900 -7.732916014791e-01 1.202108301792e-03 1.156051495389e-02 -7.743815032244e-01 1.300127096568e-03 1.352264373785e-02 -7.727914872766e-01 1.004169433866e-03 8.066850015290e-03
1901 -7.731597691178e-01 1.177355742138e-03 1.108933234836e-02 -7.725175110102e-01 1.157260087122e-03 1.071400727397e-02 -7.719725009203e-01 1.096099425243e-03 9.611471600137e-03
1902 -7.734543356299e-01 1.039120428286e-03 8.638170115843e-03 -7.726115099192e-01 1.133531282404e-03 1.027914534551e-02 -7.722231324911e-01 1.108194711365e-03 9.824764146370e-03
1903 -7.717464784384e-01 9.602227948684e-04 7.376222526279e-03 -7.692982453704e-01 1.137564177041e-03 1.035241805509e-02 -7.738823121786e-01 1.179979945421e-03 1.113882137277e-02
1904 -7.744217250943e-01 1.244142493045e-03 1.238312434400e-02 -7.755017787218e-01 1.346285934298e-03 1.449988653511e-02 -7.718098349571e-01 9.321915157702e-04 6.951848176592e-03
1905 -7.713379977345e-01 1.089420698130e-03 9.494699660104e-03 -7.743887546062e-01 1.133496299547e-03 1.027851088869e-02 -7.722830511928e-01 1.117744720977e-03 9.994826090184e-03
1906 -7.720250026584e-01 1.120818038641e-03 1.004986460594e-02 -7.732912189960e-01 1.143590938663e-03 1.046240187994e-02 -7.730451182723e-01 1.153091755991e-03 1.063696478188e-02
1907 -7.706130750179e-01 1.107914775595e-03 9.819801199851e-03 -7.743930360079e-01 1.057895083209e-03 8.953136056626e-03 -7.726683661938e-01 1.077451644224e-03 9.287216365127e-03
1908 -7.728413270116e-01 1.220950233761e-03 1.192575578657e-02 -7.717111166716e-01 9.986405698447e-04 7.978263901918e-03 -7.732804918289e-01 1.110535512505e-03 9.866312996275e-03
1909 -7.719947609305e-01 1.203490432548e-03 1.158711376987e-02 -7.747109141946e-01 1.313677392669e-03 1.380598633608e-02 -7.712719078660e-01 9.627849275181e-04 7.415638533248e-03
1910 -7.727337058783e-01 1.111313666957e-03 9.880144530928e-03 -7.734693751931e-01 9.909079938036e-04 7.855189217470e-03 -7.720953969955e-01 1.113665933443e-03 9.922014490487e-03
1911 -7.707424079180e-01 1.153745492338e-03 1.064902928872e-02 -7.748903821111e-01 1.252797434461e-03 1.255601129433e-02 -7.737241833806e-01 1.107545284015e-03 9.813252449148e-03
1912 -7.727446209192e-01 1.186139570733e-03 1.125541665008e-02 -7.737596939206e-01 9.948189444009e-04 7.917317857111e-03 -7.726927776933e-01 1.122405417305e-03 1.007835136637e-02
1913 -7.716813471913e-01 1.005449533691e-03 8.087430118395e-03 -7.716466526985e-01 1.048741745308e-03 8.798873986807e-03 -7.730975154638e-01 1.167507806034e-03 1.090459581720e-02
1914 -7.717273178697e-01 1.111311701011e-03 9.880109574432e-03 -7.711706876755e-01 8.576629537424e-04 5.884685937778e-03 -7.720862181187e-01 9.848683803533e-04 7.759725812957e-03
1915 -7.721691884398e-01 1.178206263133e-03 1.110535998788e-02 -7.727631213069e-01 1.082094122316e-03 9.367421516400e-03 -7.735272276998e-01 1.198461623492e-03 1.149048210387e-02
1916 -7.729308645725e-01 1.153220888966e-03 1.063934734997e-02 -7.705903640985e-01 1.012960438829e-03 8.208710805061e-03 -7.727610355616e-01 1.008106249846e-03 8.130225687834e-03
1917 -7.726917672753e-01 1.163688897706e-03 1.083337480516e-02 -7.755143700242e-01 1.333322361183e-03 1.422198815065e-02 -7.734326837063e-01 1.285622463968e-03 1.322260095886e-02
1918 -7.731993094683e-01 1.269465013422e-03 1.289233136242e-02 -7.716425592303e-01 1.013944051500e-03 8.224660316576e-03 -7.722851982117e-01 1.132045965452e-03 1.025222454317e-02
1919 -7.740281492472e-01 1.230108454298e-03 1.210533447469e-02 -7.738562315106e-01 1.045195116067e-03 8.739462645199e-03 -7.724577041268e-01 9.624184897963e-04 7.409994796014e-03
1920 -7.719179303646e-01 9.137049287990e-04 6.678853575293e-03 -7.740176252127e-01 1.226981152786e-03 1.204386199434e-02 -7.719777333140e-01 1.061499992168e-03 9.014257866985e-03
1921 -7.739367696047e-01 1.178784307028e-03 1.111625953996e-02 -7.727375382185e-01 1.121031259983e-03 1.005368868687e-02 -7.725639652014e-01 1.003143356058e-03 8.050372742421e-03
1922 -7.730286028981e-01 1.115248746956e-03 9.950238140695e-03 -7.736562653780e-01 1.128769496801e-03 1.019296461527e-02 -7.726062628627e-01 1.147855934769e-03 1.054058597588e-02
1923 -7.729736595750e-01 1.067098334432e-03 9.109590842776e-03 -7.735734961629e-01 1.087296032297e-03 9.457701294791e-03 -7.730928711295e-01 1.200174403296e-03 1.152334878662e-02
1924 -7.711135142446e-01 1.060020105460e-03 8.989140991839e-03 -7.709253039360e-01 9.153882673972e-04 6.703485440708e-03 -7.718804615736e-01 1.112325823683e-03 9.898149904257e-03
1925 -7.721262912750e-01 1.138673839993e-03 1.037262491107e-02 -7.737692626715e-01 1.139126496693e-03 1.038087340375e-02 -7.759011173248e-01 1.185395971465e-03 1.124130887332e-02
1926 -7.725677303076e-01 1.259570743704e-03 1.269214766716e-02 -7.749385718107e-01 1.295458227871e-03 1.342569616128e-02 -7.731796982288e-01 1.086420010601e-03 9.442467515468e-03
1927 -7.732197149992e-01 1.112002045661e-03 9.892388396427e-03 -7.742082783580e-01 1.173166199672e-03 1.101055145643e-02 -7.717608137727e-01 1.080572326794e-03 9.341092427460e-03
1928 -7.732836270332e-01 1.096446323149e-03 9.617556316373e-03 -7.738186513782e-01 1.254667615163e-03 1.259352659631e-02 -7.733271147013e-01 1.084952453162e-03 9.416974604984e-03
1929 -7.729321294427e-01 1.134061026252e-03 1.028875529011e-02 -7.726471753120e-01 1.092534293384e-03 9.549049457765e-03 -7.705267697573e-01 1.110805637373e-03 9.871113312157e-03
1930 -7.724747971892e-01 1.087646045133e-03 9.463791355939e-03 -7.723044152856e-01 9.262674499158e-04 6.863771110188e-03 -7.717599847317e-01 1.149003173599e-03 1.056166634353e-02
1931 -7.744232559800e-01 1.331423398329e-03 1.418150612495e-02 -7.733051530123e-01 1.164400535855e-03 1.084662886320e-02 -7.730453844070e-01 1.251806953193e-03 1.253616518450e-02
1932 -7.727357239723e-01 1.111477867316e-03 9.883064396274e-03 -7.747470664978e-01 1.241128624488e-03 1.232320210020e-02 -7.727914229631e-01 1.088283620728e-03 9.474889913167e-03
1933 -7.723815636635e-01 1.143699085485e-03 1.046438078511e-02 -7.716547443271e-01 9.330151203268e-04 6.964137718068e-03 -7.721142621636e-01 1.098478958233e-03 9.653248173439e-03
1934 -7.708534580469e-01 1.194904258916e-03 1.142236950380e-02 -7.734032266140e-01 1.133677447541e-03 1.028179644050e-02 -7.727019729614e-01 1.056021687908e-03 8.921454442663e-03
1935 -7.724820066690e-01 1.230696943406e-03 1.211691973207e-02 -7.744920220375e-01 1.076977180904e-03 9.279038785506e-03 -7.720545390844e-01 1.248710646082e-03 1.247422622111e-02
1936 -7.710146244168e-01 1.167870640655e-03 1.091137466644e-02 -7.723808141351e-01 1.037998213923e-03 8.619522336854e-03 -7.731908283234e-01 9.428212962226e-04 7.111295972887e-03
1937 -7.724901935458e-01 1.118886177372e-03 1.001525022332e-02 -7.733279669285e-01 1.186632726932e-03 1.126477782900e-02 -7.756769908071e-01 1.181139029698e-03 1.116071525981e-02
1938 -7.723022284508e-01 1.268089004608e-03 1.286439778886e-02 -7.729282414913e-01 1.049703566908e-03 8.815020627030e-03 -7.722352910638e-01 1.077712560198e-03 9.291714899263e-03
1939 -7.708516961932e-01 9.198149796651e-04 6.768476774530e-03 -7.750140922070e-01 1.159049513131e-03 1.074716619111e-02 -7.731717602611e-01 1.115276176281e-03 9.950727595047e-03
1940 -7.731471893787e-01 1.336434040833e-03 1.428844756397e-02 -7.723023124933e-01 1.023909758573e-03 8.387129549615e-03 -7.715325601697e-01 1.042260531152e-03 8.690456118374e-03
1941 -7.720166229606e-01 1.156097656487e-03 1.069249433067e-02 -7.744597867131e-01 1.275961785938e-03 1.302462783339e-02 -7.730664519072e-01 1.142021687538e-03 1.043370827846e-02
1942 -7.700084184408e-01 9.853933546289e-04 7.768000506775e-03 -7.729368771911e-01 1.175795471644e-03 1.105995992911e-02 -7.756937510967e-01 1.147372719864e-03 1.053171326630e-02
1943 -7.708421626091e-01 1.007656554037e-03 8.122973847156e-03 -7.714738332629e-01 1.058711057295e-03 8.966952822712e-03 -7.720999999642e-01 1.061051712182e-03 9.006645887392e-03
1944 -7.722726342082e-01 1.203973594514e-03 1.159641933029e-02 -7.735018113256e-01 1.035303498839e-03 8.574826677660e-03 -7.736740317941e-01 1.088221814562e-03 9.473813741503e-03
1945 -7.696761087179e-01 9.100248140309e-04 6.625161297216e-03 -7.720923930407e-01 1.085692929435e-03 9.429833096197e-03 -7.731689453125e-01 1.004404413393e-03 8.070625805141e-03
1946 -7.715367884636e-01 1.235457664897e-03 1.221084513402e-02 -7.730556262732e-01 1.181770496187e-03 1.117265204527e-02 -7.717214580774e-01 8.650867710244e-04 5.987000971211e-03
1947 -7.718371689320e-01 1.243808701137e-03 1.237648068019e-02 -7.735864555836e-01 1.195494314476e-03 1.143365324756e-02 -7.730470916033e-01 1.079472190726e-03 9.322081684405e-03
1948 -7.723266512156e-01 1.024407953467e-03 8.395293241011e-03 -7.724773134589e-01 1.224423791627e-03 1.199370897202e-02 -7.726315990686e-01 9.307024905548e-04 6.929657007400e-03
1949 -7.714256555438e-01 1.021786560819e-03 8.352382206955e-03 -7.748737124801e-01 1.233253120762e-03 1.216730607896e-02 -7.718841893673e-01 1.048796513585e-03 8.799793015265e-03
1950 -7.713719112277e-01 1.146693978604e-03 1.051925664453e-02 -7.727547755241e-01 1.140583941701e-03 1.040745382453e-02 -7.753275609612e-01 1.237210315251e-03 1.224551491331e-02
1951 -7.706924718022e-01 1.209021171645e-03 1.169385754788e-02 -7.737833967805e-01 9.730054635552e-04 7.573917056866e-03 -7.734692361355e-01 1.069558943443e-03 9.151650667984e-03
1952 -7.731341075897e-01 1.135668098604e-03 1.031793624150e-02 -7.746365202069e-01 1.163575307302e-03 1.083125996610e-02 -7.742208198309e-01 9.928476973387e-04 7.885972400886e-03
1953 -7.719488610029e-01 1.017039899512e-03 8.274961257595e-03 -7.747874915600e-01 1.189101635114e-03 1.131170158905e-02 -7.732328929901e-01 1.029618880512e-03 8.480920312850e-03
1954 -7.721695941687e-01 1.063253005427e-03 9.044055628389e-03 -7.725994150639e-01 1.142879494455e-03 1.044938831077e-02 -7.729935348034e-01 1.100191124046e-03 9.683364075440e-03
1955 -7.709225186110e-01 1.020767433779e-03 8.335729230904e-03 -7.720950939059e-01 1.071953791592e-03 9.192679450467e-03 -7.734774715304e-01 1.013796533631e-03 8.222267292825e-03
1956 -7.748091008663e-01 1.433932860423e-03 1.644930758561e-02 -7.722195751667e-01 1.099533199818e-03 9.671786060008e-03 -7.754985394478e-01 1.296540132743e-03 1.344813052651e-02
1957 -7.723294701576e-01 1.089425022712e-03 9.494775040892e-03 -7.735468028188e-01 1.119690207230e-03 1.002964928134e-02 -7.742757117748e-01 1.112699983911e-03 9.904810033560e-03
1958 -7.691876246929e-01 1.001072320551e-03 8.017166327784e-03 -7.733632835150e-01 1.194872190005e-03 1.142175640358e-02 -7.725064418912e-01 1.136578010474e-03 1.033447659115e-02
1959 -7.705759489536e-01 1.096526911156e-03 9.618970135120e-03 -7.711970706582e-01 1.093170751619e-03 9.560178337559e-03 -7.726394104958e-01 1.048253215539e-03 8.790678431098e-03
1960 -7.707259559631e-01 1.210131843262e-03 1.171535262461e-02 -7.732370978594e-01 1.201231587394e-03 1.154365861243e-02 -7.741697694659e-01 1.113634228028e-03 9.921449550677e-03
1961 -7.724286575317e-01 9.788950299773e-04 7.665883837714e-03 -7.720139652491e-01 9.123159249858e-04 6.658562775861e-03 -7.711983692646e-01 1.055738019675e-03 8.916662129506e-03
1962 -7.754821129441e-01 1.445622610637e-03 1.671859785907e-02 -7.726685080528e-01 1.164803883106e-03 1.085414468879e-02 -7.706671686172e-01 1.082146884394e-03 9.368335035230e-03
1963 -7.729279211164e-01 1.268828797680e-03 1.287941214257e-02 -7.737536078691e-01 1.151018140983e-03 1.059874208698e-02 -7.713926733732e-01 1.207187749674e-03 1.165841810371e-02
1964 -7.712600604296e-01 1.039973760523e-03 8.652363380604e-03 -7.716178134680e-01 1.023540145272e-03 8.381075431872e-03 -7.723977168202e-01 1.155346642441e-03 1.067860691360e-02
1965 -7.738771423101e-01 1.385105723921e-03 1.534814293150e-02 -7.732092122436e-01 1.235059909719e-03 1.220298384476e-02 -7.730158857107e-01 1.117769924557e-03 9.995276833947e-03
1966 -7.709266987443e-01 1.062875965925e-03 9.037642551535e-03 -7.739808967710e-01 1.153331099164e-03 1.064138099440e-02 -7.731020682454e-01 1.107725942157e-03 9.816454103429e-03
1967 -7.731901527047e-01 1.085212691798e-03 9.421492691517e-03 -7.752799781561e-01 1.100944131419e-03 9.696623844039e-03 -7.726070919633e-01 1.031738174381e-03 8.515869283795e-03
1968 -7.712291136384e-01 1.074630975815e-03 9.238653873441e-03 -7.730305720568e-01 1.123632125337e-03 1.010039322472e-02 -7.724754759669e-01 1.072234745928e-03 9.197498803004e-03
1969 -7.726286144257e-01 1.115021208625e-03 9.946178365466e-03 -7.736997023225e-01 1.129823128494e-03 1.021200241344e-02 -7.738329128027e-01 1.200933871637e-03 1.153793731237e-02
1970 -7.706774831414e-01 1.170798959376e-03 1.096616162621e-02 -7.710746008158e-01 1.118566331818e-03 1.000952510942e-02 -7.715783571005e-01 1.079834210198e-03 9.328335372113e-03
1971 -7.704328874946e-01 1.214200991111e-03 1.179427237452e-02 -7.712418448925e-01 1.090689155909e-03 9.516822678541e-03 -7.735061517954e-01 1.274133365529e-03 1.298732666523e-02
1972 -7.723513884544e-01 1.237220770772e-03 1.224572188504e-02 -7.731111899614e-01 1.044669021448e-03 8.730666914980e-03 -7.720884149671e-01 1.009646110740e-03 8.155082151456e-03
1973 -7.705589976311e-01 1.185598901116e-03 1.124515803462e-02 -7.739656028152e-01 1.292819574036e-03 1.337105960808e-02 -7.744387604594e-01 1.174553499360e-03 1.103660738287e-02
1974 -7.748725792170e-01 1.338039597662e-03 1.432279971929e-02 -7.736813859344e-01 1.291422399662e-03 1.334217451479e-02 -7.729786953330e-01 9.933188889190e-04 7.893459320666e-03
1975 -7.730931578279e-01 1.168138514506e-03 1.091638071258e-02 -7.744517772198e-01 1.263940077135e-03 1.278035614870e-02 -7.726160199642e-01 1.116156976296e-03 9.966451165875e-03
1976 -7.715030037165e-01 1.159511813964e-03 1.075574117378e-02 -7.725404283404e-01 1.111299013599e-03 9.879883981003e-03 -7.731232326031e-01 9.793267772052e-04 7.672647492409e-03
1977 -7.712494439483e-01 1.193100686786e-03 1.138791399048e-02 -7.735222853422e-01 1.162348722528e-03 1.080843642210e-02 -7.717973836660e-01 1.059089346314e-03 8.973361947811e-03
1978 -7.728124036193e-01 1.105435564733e-03 9.775902302208e-03 -7.735945757031e-01 1.068948258971e-03 9.141203042850e-03 -7.725198600292e-01 9.939732716074e-04 7.903862917360e-03
1979 -7.720034204721e-01 1.303099768995e-03 1.358455206363e-02 -7.735035964847e-01 1.257483862421e-03 1.265012531399e-02 -7.733980474472e-01 1.043954974732e-03 8.718735914138e-03
1980 -7.731976982951e-01 1.333854159884e-03 1.423333535873e-02 -7.721822257638e-01 1.106809563261e-03 9.800219274616e-03 -7.711140529513e-01 1.053472422997e-03 8.878433168126e-03
1981 -7.730263507366e-01 1.141936892973e-03 1.043215894026e-02 -7.737942360640e-01 1.269565104052e-03 1.289436442742e-02 -7.725418900847e-01 1.172533941026e-03 1.099868674287e-02
1982 -7.718372376561e-01 1.097057749428e-03 9.628285644635e-03 -7.720096290708e-01 1.106727896640e-03 9.798773097610e-03 -7.717172753811e-01 9.658906100951e-04 7.463557365360e-03
1983 -7.744554350972e-01 1.310970579992e-03 1.374915089283e-02 -7.724207283258e-01 1.265024062911e-03 1.280228703795e-02 -7.727587870359e-01 1.053832923656e-03 8.884510647844e-03
1984 -7.711986346841e-01 1.078899867879e-03 9.312199399271e-03 -7.729157349467e-01 1.123808275491e-03 1.010356032049e-02 -7.719847166538e-01 1.091544926286e-03 9.531762608811e-03
1985 -7.713992131352e-01 1.150268357991e-03 1.058493836316e-02 -7.722389221787e-01 9.341319064711e-04 6.980819349498e-03 -7.714658846259e-01 1.072984182566e-03 9.210360448294e-03
1986 -7.723362858295e-01 9.970797691981e-04 7.953344529152e-03 -7.732774757147e-01 1.236273610671e-03 1.222697952354e-02 -7.734489879012e-01 1.031517873911e-03 8.512232993583e-03
1987 -7.713647463322e-01 9.542457134921e-04 7.284679053744e-03 -7.742771266699e-01 1.239118937466e-03 1.228332592950e-02 -7.724851808548e-01 1.082546277660e-03 9.375251546199e-03
1988 -7.743033443689e-01 1.331281678775e-03 1.417848726593e-02 -7.720405262113e-01 1.089729445666e-03 9.500082118019e-03 -7.751753877997e-01 1.326287644772e-03 1.407231133340e-02
1989 -7.721338284612e-01 1.281334621390e-03 1.313454729577e-02 -7.736463199854e-01 1.222244651121e-03 1.195105589755e-02 -7.731379273534e-01 9.373292475065e-04 7.028688945849e-03
1990 -7.740343385339e-01 1.111411681688e-03 9.881887409533e-03 -7.727039557099e-01 1.154230578525e-03 1.065798582721e-02 -7.735018564463e-01 1.214492078270e-03 1.179992806544e-02
1991 -7.735136497021e-01 1.065403608105e-03 9.080678785304e-03 -7.738172711730e-01 1.122027224757e-03 1.007156074476e-02 -7.741439973712e-01 1.127237656523e-03 1.016531787427e-02
1992 -7.717121897936e-01 1.088035454417e-03 9.470569200548e-03 -7.740567007065e-01 1.066806208067e-03 9.104603884559e-03 -7.742668449283e-01 1.120127710936e-03 1.003748871045e-02
1993 -7.739018412828e-01 1.293984743625e-03 1.339517213387e-02 -7.717568089962e-01 1.173496207462e-03 1.101674679141e-02 -7.714916935563e-01 1.031986131595e-03 8.519963006437e-03
1994 -7.741989855766e-01 1.213856949456e-03 1.178758954994e-02 -7.724298177958e-01 1.074445466623e-03 9.235464485981e-03 -7.710339431167e-01 1.115537471581e-03 9.955390804010e-03
1995 -7.719281129837e-01 9.268775869520e-04 6.872816489552e-03 -7.724965338111e-01 1.142882993605e-03 1.044945229656e-02 -7.716725712419e-01 1.082817801164e-03 9.379955124134e-03
1996 -7.733262578249e-01 1.251689210997e-03 1.253380704741e-02 -7.731006487608e-01 1.115433340403e-03 9.953532295056e-03 -7.733210428953e-01 1.166457986959e-03 1.088499388273e-02
1997 -7.718641016483e-01 1.070532801702e-03 9.168323836159e-03 -7.726275177598e-01 1.218376358048e-03 1.187552759880e-02 -7.715896399021e-01 1.094334363705e-03 9.580541596693e-03
1998 -7.721568232775e-01 1.288053164876e-03 1.327264764438e-02 -7.717995381951e-01 1.076987494903e-03 9.279216513423e-03 -7.728243069649e-01 1.038114272462e-03 8.621449941510e-03
1999 -7.710226061344e-01 9.677079597430e-04 7.491669562800e-03 -7.729726195335e-01 1.183361111924e-03 1.120274816972e-02 -7.735638996363e-01 1.038247814662e-03 8.623668197199e-03
2000 -7.735994406939e-01 1.055085687460e-03 8.905646463069e-03 -7.728720303178e-01 1.150318680981e-03 1.058586454251e-02 -7.734823574424e-01 1.213852129424e-03 1.178749593685e-02
2001 -7.720862287283e-01 1.163737702966e-03 1.083428353045e-02 -7.737410466671e-01 1.369851550996e-03 1.501194617412e-02 -7.717640777230e-01 1.062074428865e-03 9.024016739599e-03
2002 -7.717124825716e-01 1.101620110399e-03 9.708534941089e-03 -7.743806242347e-01 1.011790005469e-03 8.189752121341e-03 -7.731713535786e-01 1.068973891575e-03 9.141641446956e-03
2003 -7.717714367509e-01 9.983618181350e-04 7.973810559278e-03 -7.727681413889e-01 1.014220027044e-03 8.229138106050e-03 -7.731783341169e-01 1.039935180446e-03 8.651721436242e-03
2004 -7.728228080273e-01 1.055687692929e-03 8.915812040009e-03 -7.720434986949e-01 1.037080522356e-03 8.604288078803e-03 -7.723577098846e-01 1.045558958626e-03 8.745548287699e-03
2005 -7.705889819264e-01 1.003492418811e-03 8.055976276888e-03 -7.731988243461e-01 1.276688200028e-03 1.303946208073e-02 -7.715378101468e-01 1.062497872488e-03 9.031213832331e-03
2006 -7.719408801198e-01 1.239131664548e-03 1.228357825669e-02 -7.732456520200e-01 1.074286013373e-03 9.232723508231e-03 -7.726747534275e-01 1.305402505178e-03 1.363260560420e-02
2007 -7.738157881498e-01 1.264121263538e-03 1.278402055143e-02 -7.730841495991e-01 1.031013050773e-03 8.503903286917e-03 -7.727588081956e-01 1.286608731838e-03 1.324289623073e-02
2008 -7.740087891817e-01 1.171400655041e-03 1.097743595704e-02 -7.718269106746e-01 1.067899988535e-03 9.123283084111e-03 -7.716870219707e-01 1.110895622668e-03 9.872712675700e-03
2009 -7.716085127592e-01 1.134110269243e-03 1.028964882241e-02 -7.737234125733e-01 1.207103579089e-03 1.165679240520e-02 -7.733129483461e-01 1.105190096887e-03 9.771561202061e-03
2010 -7.719453724623e-01 1.097382152685e-03 9.633980712259e-03 -7.728867305517e-01 1.149535660326e-03 1.057145787488e-02 -7.707408735752e-01 1.035306974108e-03 8.574884245089e-03
2011 -7.704895934463e-01 1.027160550978e-03 8.440470379890e-03 -7.729046373963e-01 1.304393014279e-03 1.361152908559e-02 -7.715320604444e-01 1.081364142318e-03 9.354787266329e-03
2012 -7.734481224418e-01 1.248664037548e-03 1.247329502932e-02 -7.738708791137e-01 1.125691701209e-03 1.013745444936e-02 -7.731024122238e-01 1.122750738519e-03 1.008455376676e-02
2013 -7.747664247155e-01 1.472013903949e-03 1.733459946736e-02 -7.732360107303e-01 1.162286508309e-03 1.080727941918e-02 -7.748051115870e-01 1.144348173011e-03 1.047626192859e-02
2014 -7.726078305840e-01 1.086429911771e-03 9.442639625532e-03 -7.737414589524e-01 1.033422044114e-03 8.543688970089e-03 -7.743783269525e-01 1.100495166279e-03 9.688716888025e-03
2015 -7.716842615604e-01 1.130501845667e-03 1.022427538445e-02 -7.722106212974e-01 1.006058637845e-03 8.097231862255e-03 -7.717362416387e-01 1.056827399263e-03 8.935073214658e-03
2016 -7.718815656304e-01 9.682595054670e-04 7.500211759418e-03 -7.726687769294e-01 9.186493472808e-04 6.751332986076e-03 -7.723070926666e-01 1.187460090230e-03 1.128049172712e-02
2017 -7.726911734343e-01 1.282130177051e-03 1.315086232725e-02 -7.728850204945e-01 1.227419954904e-03 1.205247796557e-02 -7.722907412648e-01 1.022301788813e-03 8.360807579274e-03
2018 -7.711705302000e-01 9.746444678341e-04 7.599454709437e-03 -7.747237861753e-01 1.246337326836e-03 1.242685385813e-02 -7.727053681016e-01 1.178312484653e-03 1.110736249192e-02
2019 -7.708718996048e-01 1.169431984826e-03 1.094056933707e-02 -7.726013516188e-01 9.872087223632e-04 7.796648492080e-03 -7.721208296418e-01 1.029012706611e-03 8.470937202932e-03
2020 -7.720767575502e-01 1.395498186701e-03 1.557932151269e-02 -7.722728873491e-01 1.093313608411e-03 9.562677170686e-03 -7.719381908178e-01 1.209810311065e-03 1.170912791007e-02
2021 -7.724661230445e-01 1.106454228642e-03 9.793927680644e-03 -7.746267758012e-01 1.199731192917e-03 1.151483948206e-02 -7.730921711326e-01 1.115630266510e-03 9.957047132423e-03
2022 -7.726983854175e-01 1.032647539485e-03 8.530887526438e-03 -7.735332781076e-01 1.203823460997e-03 1.159352740197e-02 -7.738744768500e-01 1.213077459087e-03 1.177245537397e-02
2023 -7.725694603324e-01 9.800263404718e-04 7.683613024149e-03 -7.737368257046e-01 1.060703474451e-03 9.000734885694e-03 -7.730225131512e-01 1.075884054057e-03 9.260211982198e-03
2024 -7.701552401781e-01 9.743467034863e-04 7.594811988756e-03 -7.727182931900e-01 1.096232303217e-03 9.613802100931e-03 -7.721240049601e-01 9.572435791838e-04 7.330522159109e-03
2025 -7.732801589370e-01 1.145082412732e-03 1.048970985559e-02 -7.723865972757e-01 1.161778354172e-03 1.079783155377e-02 -7.723991951346e-01 9.769147850754e-04 7.634899978392e-03
2026 -7.716793147922e-01 1.139286539521e-03 1.038379055306e-02 -7.750526123643e-01 1.401353034995e-03 1.571032262952e-02 -7.735076813102e-01 1.149587272729e-03 1.057240718097e-02
2027 -7.726844125390e-01 1.174452268261e-03 1.103470504338e-02 -7.739350805879e-01 9.686621655492e-04 7.506451127732e-03 -7.737188119292e-01 1.230147636883e-03 1.210610566822e-02
2028 -7.720908475518e-01 1.054834994090e-03 8.901414918046e-03 -7.731232271194e-01 1.083660278026e-03 9.394556785366e-03 -7.734298722148e-01 1.018261273058e-03 8.294848161681e-03
2029 -7.708182252645e-01 1.172498327542e-03 1.099801862470e-02 -7.723755636811e-01 1.076573853589e-03 9.272090097848e-03 -7.732232322097e-01 9.760001424398e-04 7.620610224340e-03
2030 -7.709417450428e-01 9.124260571060e-04 6.660170477487e-03 -7.729159153104e-01 1.141982850872e-03 1.043299865349e-02 -7.723748014569e-01 1.061523427298e-03 9.014655893615e-03
2031 -7.715794774890e-01 1.048614525808e-03 8.796739389883e-03 -7.716435092092e-01 8.073386268044e-04 5.214365266643e-03 -7.724367254972e-01 1.120218106950e-03 1.003910885711e-02
2032 -7.744880413413e-01 1.312208253004e-03 1.377512399401e-02 -7.746759673953e-01 1.211344352780e-03 1.173884112809e-02 -7.745031489730e-01 1.262754942580e-03 1.275640036009e-02
2033 -7.705514714122e-01 1.317219081013e-03 1.388052885908e-02 -7.730098226070e-01 1.115148507554e-03 9.948449551202e-03 -7.736220966578e-01 1.026662671328e-03 8.432289925587e-03
2034 -7.737791277766e-01 1.431716512375e-03 1.639849737445e-02 -7.731671329737e-01 1.074330194452e-03 9.233482933686e-03 -7.738253418207e-01 1.112576733525e-03 9.902615903845e-03
2035 -7.715954634547e-01 1.074498043855e-03 9.236368369985e-03 -7.741198411584e-01 1.158769390137e-03 1.074197199614e-02 -7.720619101524e-01 1.046571359198e-03 8.762492879148e-03
2036 -7.722408750057e-01 1.132264764545e-03 1.025618797624e-02 -7.723959312439e-01 1.043962365617e-03 8.718859366597e-03 -7.720764397979e-01 1.247401990255e-03 1.244809380234e-02
2037 -7.723012951612e-01 1.202951712996e-03 1.157674259040e-02 -7.723365668654e-01 1.011051306420e-03 8.177797953716e-03 -7.723276600838e-01 1.042220773611e-03 8.689793127568e-03
2038 -7.743131978512e-01 1.203193720993e-03 1.158140104191e-02 -7.728249552250e-01 1.156071415919e-03 1.069200894964e-02 -7.735716234446e-01 1.214858671207e-03 1.180705272806e-02
2039 -7.729463626146e-01 1.058743789707e-03 8.967507297943e-03 -7.768465161324e-01 1.521535511165e-03 1.852056249388e-02 -7.731318044066e-01 1.140538241493e-03 1.040661984246e-02
2040 -7.727784767747e-01 1.278470699677e-03 1.307589863945e-02 -7.714067659974e-01 9.596780025533e-04 7.367854948678e-03 -7.720775655508e-01 1.209098209017e-03 1.169534783238e-02
2041 -7.708219940662e-01 1.150031493835e-03 1.058057949450e-02 -7.722702475786e-01 1.203761389543e-03 1.159233186364e-02 -7.725238838196e-01 9.666022282648e-04 7.474558941492e-03
2042 -7.695045477748e-01 1.057630584196e-03 8.948659621021e-03 -7.717045974135e-01 1.073450521185e-03 9.218368171463e-03 -7.719492206573e-01 1.062260718727e-03 9.027182676395e-03
2043 -7.733561300635e-01 1.254997019055e-03 1.260014014269e-02 -7.726802312136e-01 1.127629303827e-03 1.017238277480e-02 -7.712038623691e-01 1.028697610050e-03 8.465750183373e-03
2044 -7.709567690492e-01 1.020912971548e-03 8.338106363807e-03 -7.738175173402e-01 1.236952126343e-03 1.224040450291e-02 -7.736096459627e-01 1.109028384047e-03 9.839551652976e-03
2045 -7.716383922696e-01 1.077328893936e-03 9.285100365678e-03 -7.749554253221e-01 1.381695025236e-03 1.527264914209e-02 -7.719771999121e-01 1.034661500826e-03 8.564195370326e-03
2046 -7.725248029828e-01 1.133374110177e-03 1.027629498896e-02 -7.727121191025e-01 1.103493126443e-03 9.741576640860e-03 -7.728233755827e-01 1.127194844547e-03 1.016454574058e-02
2047 -7.719622786045e-01 1.114786524427e-03 9.941991960359e-03 -7.719458572268e-01 1.150401090098e-03 1.058738134479e-02 -7.724939081073e-01 1.147921296442e-03 1.054178642261e-02
2048 -7.712096792459e-01 1.001156494163e-03 8.018514606431e-03 -7.748144755960e-01 1.038049213762e-03 8.620369361539e-03 -7.716659888029e-01 1.076672550712e-03 9.273790251646e-03
2049 -7.740850960016e-01 1.125243317054e-03 1.012938018060e-02 -7.740811934471e-01 1.131964770467e-03 1.025075393262e-02 -7.732029659748e-01 1.266245288723e-03 1.282701704971e-02
2050 -7.721341447830e-01 1.160830938903e-03 1.078022774972e-02 -7.730166689754e-01 1.030583938476e-03 8.496826033964e-03 -7.728650251627e-01 1.124128163730e-03 1.010931302793e-02
2051 -7.715573837757e-01 1.083893117910e-03 9.398594328429e-03 -7.733125477433e-01 1.269586643470e-03 1.289480196222e-02 -7.754373034835e-01 1.208191517939e-03 1.167781395215e-02
2052 -7.721037652493e-01 1.257102664985e-03 1.264245688250e-02 -7.713747044206e-01 1.002229130700e-03 8.035705843389e-03 -7.718479005694e-01 9.907743650098e-04 7.853070738885e-03
2053 -7.729611592889e-01 1.084592325778e-03 9.410724105099e-03 -7.729274498224e-01 1.075087961723e-03 9.246513003527e-03 -7.716628019214e-01 9.656236725751e-04 7.459432616299e-03
2054 -7.726312820911e-01 1.166995080870e-03 1.089502015020e-02 -7.736229624748e-01 1.154405538591e-03 1.066121718024e-02 -7.733524454832e-01 1.113423382775e-03 9.917693034472e-03
2055 -7.696229004860e-01 9.822986743320e-04 7.719285484755e-03 -7.742194116116e-01 1.176039602615e-03 1.106455317536e-02 -7.729609208107e-01 1.067594095745e-03 9.118057226161e-03
2056 -7.719704037309e-01 1.166702610536e-03 1.088955985145e-02 -7.735144186020e-01 1.228968292145e-03 1.208290450479e-02 -7.718241330385e-01 1.102853589753e-03 9.730288323444e-03
2057 -7.728769145608e-01 1.083056907932e-03 9.384098126558e-03 -7.718326144814e-01 1.051285266150e-03 8.841605686594e-03 -7.721653217077e-01 1.130675193166e-03 1.022741113953e-02
2058 -7.718852813840e-01 1.024339450452e-03 8.394170478017e-03 -7.730655356050e-01 1.173043166231e-03 1.100824215873e-02 -7.712259727716e-01 8.249056845467e-04 5.443755107179e-03
2059 -7.730221582651e-01 1.069816971668e-03 9.156066822950e-03 -7.721226972342e-01 1.065526106696e-03 9.082767072400e-03 -7.726031416655e-01 1.353671064057e-03 1.465940279733e-02
2060 -7.726478567719e-01 1.196955336344e-03 1.146161661761e-02 -7.724661375880e-01 8.449718871645e-04 5.711819920786e-03 -7.707259972692e-01 9.315230404339e-04 6.941881398873e-03
2061 -7.720941660404e-01 1.064965921008e-03 9.073219303267e-03 -7.710380060077e-01 9.813633011143e-04 7.704591430191e-03 -7.714500462413e-01 8.499573963796e-04 5.779420605283e-03
2062 -7.705141337514e-01 1.115647053124e-03 9.957346777155e-03 -7.744326793551e-01 1.394896261274e-03 1.556588463774e-02 -7.719781025648e-01 1.016220163007e-03 8.261627357611e-03
2063 -7.720854863524e-01 1.141547097258e-03 1.042503820207e-02 -7.719818738699e-01 1.019895345646e-03 8.321492128565e-03 -7.710661137104e-01 1.005088117678e-03 8.081616994381e-03
2064 -7.721913046241e-01 1.190362798613e-03 1.133570873857e-02 -7.726469963193e-01 1.176243353546e-03 1.106838741410e-02 -7.718441351652e-01 9.203873251079e-04 6.776902625755e-03
2065 -7.706624561548e-01 8.781696144754e-04 6.169454974303e-03 -7.698316771388e-01 9.227312049048e-04 6.811463012040e-03 -7.719349564910e-01 1.035076358554e-03 8.571064544301e-03
2066 -7.713645729423e-01 1.169826864984e-03 1.094795915231e-02 -7.736474655867e-01 1.224340689052e-03 1.199208098294e-02 -7.725270639062e-01 1.211086649013e-03 1.173384697134e-02
2067 -7.719577938318e-01 1.066928680147e-03 9.106694468163e-03 -7.728032036424e-01 1.310651728933e-03 1.374246363643e-02 -7.723794475794e-01 1.220612247547e-03 1.191915407089e-02
2068 -7.709725553393e-01 1.053905010409e-03 8.885726167728e-03 -7.718943952918e-01 1.046997773210e-03 8.769634696855e-03 -7.720089640021e-01 1.034511021428e-03 8.561704427645e-03
2069 -7.737428151965e-01 1.281082204744e-03 1.312937292250e-02 -7.720663158298e-01 9.309922128019e-04 6.933972002383e-03 -7.747346868515e-01 1.123369675314e-03 1.009567541933e-02
2070 -7.708739212751e-01 1.223201954103e-03 1.196978416418e-02 -7.744160258174e-01 1.144956317542e-03 1.048739975263e-02 -7.720258456469e-01 1.055019500548e-03 8.904529172284e-03
2071 -7.720934920311e-01 1.273831048410e-03 1.298116431914e-02 -7.749230470061e-01 1.107210553659e-03 9.807321681066e-03 -7.734180152416e-01 1.035481338425e-03 8.577772817811e-03
2072 -7.719696263075e-01 1.061952494461e-03 9.021944803933e-03 -7.743800507188e-01 1.150347576239e-03 1.058639636927e-02 -7.725272075534e-01 1.318136960978e-03 1.389988038317e-02
2073 -7.717816292048e-01 1.142326049718e-03 1.043927043092e-02 -7.736578580141e-01 1.079874247398e-03 9.329027121554e-03 -7.724644902349e-01 1.291973722323e-03 1.335356879339e-02
2074 -7.718209168315e-01 1.110933503267e-03 9.873385989446e-03 -7.723578789830e-01 1.044326165232e-03 8.724937115103e-03 -7.724968551397e-01 1.108007967056e-03 9.821453240473e-03
2075 -7.731303765774e-01 1.154027164831e-03 1.065422957734e-02 -7.723194393516e-01 9.827088638879e-04 7.725733689311e-03 -7.743336231709e-01 1.029335297369e-03 8.476249235285e-03
2076 -7.743957714438e-01 1.230971201395e-03 1.212232078932e-02 -7.720685464144e-01 1.025077748477e-03 8.406275123376e-03 -7.739540617466e-01 1.137974812453e-03 1.035989339021e-02
2077 -7.733205921054e-01 1.140304052785e-03 1.040234666239e-02 -7.718804038167e-01 1.109085041746e-03 9.840557038592e-03 -7.726619907022e-01 1.205412246495e-03 1.162414947201e-02
2078 -7.748202371597e-01 1.119638781688e-03 1.002872801168e-02 -7.725326007009e-01 1.116003686510e-03 9.963713826425e-03 -7.738929397464e-01 1.125011325904e-03 1.012520386731e-02
2079 -7.724383904338e-01 1.206412565817e-03 1.164345023168e-02 -7.728347923756e-01 1.195117546128e-03 1.142644759249e-02 -7.723719344139e-01 9.820189533489e-04 7.714889797891e-03
2080 -7.724326841831e-01 1.156013508585e-03 1.069093785625e-02 -7.740236215591e-01 1.217577632082e-03 1.185996232118e-02 -7.716758441925e-01 1.048923409004e-03 8.801922543654e-03
2081 -7.735861245990e-01 1.135216421942e-03 1.030973059718e-02 -7.743214648366e-01 1.176025785551e-03 1.106429318624e-02 -7.731458016038e-01 1.231470829141e-03 1.213216322419e-02
2082 -7.713072744608e-01 1.201156344414e-03 1.154221250981e-02 -7.733647556901e-01 1.192768175969e-03 1.138156737283e-02 -7.730674852729e-01 1.248316072948e-03 1.246634414384e-02
2083 -7.737863072157e-01 1.228060022087e-03 1.206505134278e-02 -7.725669391155e-01 1.009529158427e-03 8.153192973717e-03 -7.708706242442e-01 1.102360498796e-03 9.721589354452e-03
2084 -7.723686228395e-01 1.164631585397e-03 1.085093383764e-02 -7.723591158390e-01 1.059994295080e-03 8.988703244821e-03 -7.718372376561e-01 1.065563082030e-03 9.083397454290e-03
2085 -7.731660453081e-01 1.056902281421e-03 8.936339459778e-03 -7.728968535066e-01 1.326485755269e-03 1.407651567145e-02 -7.721110845804e-01 1.058892235329e-03 8.970022128318e-03
2086 -7.726917639375e-01 1.105580285315e-03 9.778462138223e-03 -7.723676493764e-01 1.157680916691e-03 1.072180083896e-02 -7.725545307994e-01 1.052865984361e-03 8.868214248201e-03
2087 -7.720956305265e-01 1.229204719575e-03 1.208755394100e-02 -7.720826898217e-01 1.069837680227e-03 9.156421296268e-03 -7.710214958787e-01 1.026769546128e-03 8.434045606842e-03
2088 -7.731715082526e-01 1.039305239583e-03 8.641243048191e-03 -7.744849786758e-01 1.223874959589e-03 1.198295933366e-02 -7.726341847777e-01 1.139610450402e-03 1.038969582932e-02
2089 -7.709231663942e-01 1.040135272276e-03 8.655051077064e-03 -7.732288199067e-01 1.010907942138e-03 8.175478939825e-03 -7.718538842797e-01 1.148760695118e-03 1.055720907718e-02
2090 -7.741580403447e-01 1.301881526579e-03 1.355916407398e-02 -7.737701549530e-01 9.489754171665e-04 7.204434739091e-03 -7.701217298508e-01 1.133177237166e-03 1.027272520665e-02
2091 -7.725299591422e-01 1.191835206494e-03 1.136376927550e-02 -7.733926857710e-01 1.325263575039e-03 1.405058834661e-02 -7.725230495334e-01 1.109356959473e-03 9.845382908246e-03
2092 -7.725389950275e-01 1.209602691559e-03 1.170510937142e-02 -7.745515432358e-01 1.161757180063e-03 1.079743796342e-02 -7.729801011086e-01 1.041686230839e-03 8.680881628153e-03
2093 -7.694894004464e-01 1.099741306331e-03 9.675447526813e-03 -7.730699069500e-01 8.943409000333e-04 6.398765163778e-03 -7.730262702703e-01 9.819681733445e-04 7.714091947693e-03
2094 -7.723783440590e-01 1.202335087535e-03 1.156487730175e-02 -7.747817497253e-01 1.177226205835e-03 1.108689231763e-02 -7.744882006049e-01 1.259147977714e-03 1.268362903825e-02
2095 -7.729094271064e-01 1.310791449972e-03 1.374539380256e-02 -7.728951417804e-01 9.048270093111e-04 6.549695334231e-03 -7.723862047195e-01 9.300940093975e-04 6.920598930536e-03
2096 -7.700537962914e-01 1.178947120177e-03 1.111933049739e-02 -7.726024494171e-01 1.104481773654e-03 9.759039906665e-03 -7.728821401000e-01 9.979285831652e-04 7.966891656785e-03
2097 -7.723000663519e-01 1.086758117027e-03 9.448345639385e-03 -7.714209674001e-01 1.084741999822e-03 9.413321649427e-03 -7.740262403488e-01 9.913135651500e-04 7.861620675603e-03
2098 -7.724543038607e-01 1.102128202528e-03 9.717492598457e-03 -7.727312189937e-01 1.157719758433e-03 1.072252031252e-02 -7.735376185179e-01 1.151097941996e-03 1.060021177653e-02
2099 -7.725570143461e-01 1.262129307480e-03 1.274376311039e-02 -7.724050389528e-01 1.098131799160e-03 9.647147586610e-03 -7.740606691837e-01 1.062944106888e-03 9.038801394951e-03
2100 -7.702781557441e-01 1.090065591241e-03 9.505943945660e-03 -7.746059386134e-01 1.169679452745e-03 1.094520017738e-02 -7.709650912881e-01 1.132121541306e-03 1.025359347431e-02
2101 -7.706894281507e-01 1.038483216536e-03 8.627579128210e-03 -7.716422169209e-01 1.119820696374e-03 1.003198713622e-02 -7.734184021354e-01 1.121021156288e-03 1.005350746276e-02
2102 -7.725603822470e-01 1.196099487743e-03 1.144523187664e-02 -7.721321799159e-01 9.882630359947e-04 7.813310626507e-03 -7.713393592238e-01 1.126030054922e-03 1.014354947669e-02
2103 -7.718858368397e-01 1.072072584150e-03 9.194717005490e-03 -7.721831911802e-01 1.331959773149e-03 1.419293469830e-02 -7.713398053646e-01 1.024165819619e-03 8.391325008604e-03
2104 -7.732440608740e-01 1.207189112978e-03 1.165844443595e-02 -7.728956757188e-01 1.152059644777e-03 1.061793140099e-02 -7.721807122827e-01 1.306867572608e-03 1.366322281868e-02
2105 -7.726160000563e-01 1.095950416408e-03 9.608858521806e-03 -7.730457031131e-01 1.197834919291e-03 1.147846795098e-02 -7.739921496511e-01 1.310805290302e-03 1.374568407267e-02
2106 -7.726206636429e-01 1.228001117217e-03 1.206389395108e-02 -7.715243192911e-01 1.064904385609e-03 9.072170803909e-03 -7.708926895857e-01 1.098534139928e-03 9.654218052693e-03
2107 -7.720377547741e-01 1.053544167930e-03 8.879642510242e-03 -7.724747471809e-01 1.120254553242e-03 1.003976211247e-02 -7.741063152552e-01 1.212139116300e-03 1.175424989812e-02
2108 -7.727926378846e-01 1.099373030071e-03 9.668968473987e-03 -7.721230356693e-01 1.076049935405e-03 9.263067707887e-03 -7.718075083494e-01 9.670551647545e-04 7.481565533427e-03
2109 -7.728296198845e-01 1.079575700369e-03 9.323869542622e-03 -7.733383871913e-01 1.244085505715e-03 1.238198996424e-02 -7.720646932125e-01 1.012114121553e-03 8.194999960374e-03
2110 -7.704935367107e-01 1.049053054510e-03 8.804098489414e-03 -7.748331979513e-01 1.136519777540e-03 1.033341763792e-02 -7.733996208906e-01 1.171912112789e-03 1.098702400081e-02
2111 -7.718550784588e-01 1.159425004131e-03 1.075413072163e-02 -7.725602249503e-01 1.043121484070e-03 8.704819444221e-03 -7.691984575391e-01 9.156395400733e-04 6.707166138765e-03
2112 -7.713621145487e-01 1.072439001741e-03 9.201003299639e-03 -7.717827182412e-01 1.099001411253e-03 9.662432815481e-03 -7.718859335780e-01 1.181365138277e-03 1.116498871949e-02
2113 -7.727114818096e-01 1.107014474314e-03 9.803848370733e-03 -7.731867003441e-01 1.172470878628e-03 1.099750368984e-02 -7.728448536992e-01 1.078498650561e-03 9.305274714092e-03
2114 -7.709933780432e-01 1.125127335493e-03 1.012729216859e-02 -7.731565464735e-01 1.228518166580e-03 1.207405508494e-02 -7.742009218335e-01 1.175302987649e-03 1.105069690221e-02
2115 -7.725006992221e-01 1.123890861133e-03 1.010504534190e-02 -7.725342761278e-01 1.067042588008e-03 9.108639076988e-03 -7.726171574593e-01 9.506844621828e-04 7.230407573086e-03
2116 -7.715841767788e-01 1.054922632900e-03 8.902894091244e-03 -7.746577312350e-01 1.373534731687e-03 1.509278127321e-02 -7.729300323725e-01 1.076732187024e-03 9.274817620586e-03
2117 -7.721594704390e-01 1.246281257437e-03 1.242573578111e-02 -7.731257079244e-01 1.117003391905e-03 9.981572620217e-03 -7.734305074215e-01 1.111840957765e-03 9.889522522914e-03
2118 -7.719157257676e-01 1.081422535747e-03 9.355797606569e-03 -7.720866448879e-01 1.139657250174e-03 1.039054918299e-02 -7.735317578912e-01 1.105325870145e-03 9.773962233692e-03
2119 -7.741143069267e-01 1.336838448501e-03 1.429709629913e-02 -7.735746506453e-01 9.688223266854e-04 7.508933605473e-03 -7.710645274520e-01 1.011777457221e-03 8.189548983517e-03
2120 -7.713013846278e-01 1.129782764843e-03 1.021127276590e-02 -7.730071581006e-01 1.120949389625e-03 1.005222027280e-02 -7.729378757477e-01 1.056071747704e-03 8.922300290392e-03
2121 -7.713548339605e-01 9.441392577098e-04 7.131191503591e-03 -7.738901079297e-01 1.070250819938e-03 9.163494540631e-03 -7.726150435805e-01 9.163772316978e-04 6.717977846193e-03
2122 -7.737699346542e-01 1.290097929430e-03 1.331482134017e-02 -7.724929525852e-01 1.135214778676e-03 1.030970074980e-02 -7.714134663939e-01 1.092181486267e-03 9.542883191563e-03
2123 -7.715515314341e-01 1.128001497793e-03 1.017909903219e-02 -7.736160495281e-01 1.205330581900e-03 1.162257449330e-02 -7.736950087547e-01 1.128340031347e-03 1.018520981071e-02
2124 -7.728946512341e-01 1.141611793093e-03 1.042621988904e-02 -7.728689953685e-01 1.133849339143e-03 1.028491459100e-02 -7.719589008093e-01 9.273985153221e-04 6.880544049773e-03
2125 -7.737935667038e-01 1.183163691086e-03 1.119901055923e-02 -7.728794031143e-01 1.220992015556e-03 1.192657201642e-02 -7.755270178914e-01 1.196320429476e-03 1.144946055985e-02
2126 -7.726718354821e-01 9.058619310342e-04 6.564686704777e-03 -7.741835300326e-01 1.153037428516e-03 1.063596249246e-02 -7.724672807455e-01 1.060364883795e-03 8.994989494285e-03
2127 -7.712392024994e-01 1.290018805348e-03 1.331318814521e-02 -7.734141978025e-01 1.113705417901e-03 9.922718062900e-03 -7.750087019205e-01 1.187784493604e-03 1.128665602597e-02
2128 -7.721580061316e-01 1.029108537491e-03 8.472515055495e-03 -7.737502959967e-01 1.123254002249e-03 1.009359642854e-02 -7.742347088456e-01 1.065968558434e-03 9.090311740558e-03
2129 -7.721180292964e-01 9.715169994518e-04 7.550762241791e-03 -7.730942628980e-01 1.190610687916e-03 1.134043048144e-02 -7.742033130527e-01 1.073366434124e-03 9.216924015226e-03
2130 -7.725024068952e-01 1.230957278279e-03 1.212204656759e-02 -7.728085286617e-01 1.165108810270e-03 1.085982831815e-02 -7.728987759948e-01 1.138535525499e-03 1.037010514259e-02
2131 -7.701237832308e-01 1.053265703023e-03 8.874949129321e-03 -7.731168815494e-01 1.016829494065e-03 8.271537759996e-03 -7.735874227285e-01 1.032324242977e-03 8.525546741109e-03
2132 -7.722251067758e-01 1.225858446048e-03 1.202183143797e-02 -7.722140591145e-01 1.077798376947e-03 9.293194730794e-03 -7.734580048919e-01 9.944710239102e-04 7.911780939176e-03
2133 -7.722945073247e-01 1.115461069584e-03 9.954027182067e-03 -7.713289599419e-01 1.075856408232e-03 9.259736089074e-03 -7.720273382664e-01 9.923037524053e-04 7.877333896301e-03
2134 -7.728697565198e-01 1.409409630437e-03 1.589148405095e-02 -7.747876511216e-01 1.382761607268e-03 1.529623730028e-02 -7.748687520623e-01 1.428437389478e-03 1.632346700527e-02
2135 -7.693343988657e-01 9.175869819324e-04 6.735726955295e-03 -7.727093915939e-01 1.153539033390e-03 1.064521841243e-02 -7.736352207661e-01 1.094836560877e-03 9.589336760258e-03
2136 -7.732559156418e-01 1.132631879830e-03 1.026283980166e-02 -7.727689982653e-01 1.035865226386e-03 8.584134137879e-03 -7.709642585516e-01 1.057738517526e-03 8.950486171659e-03
2137 -7.724514841437e-01 1.342261394958e-03 1.441332521915e-02 -7.730628982782e-01 1.073101387076e-03 9.212372695552e-03 -7.737071078420e-01 1.030323196669e-03 8.492527116749e-03
2138 -7.724851397872e-01 9.865862152346e-04 7.786818880727e-03 -7.739530986547e-01 1.183480487495e-03 1.120500851425e-02 -7.745527263284e-01 1.256494373115e-03 1.263022487737e-02
2139 -7.718273660541e-01 1.049074696599e-03 8.804461752346e-03 -7.729452367425e-01 1.034993190122e-03 8.569687228798e-03 -7.733373509645e-01 1.081848122315e-03 9.363162878058e-03
2140 -7.711179897189e-01 1.167662319899e-03 1.090748234650e-02 -7.721613376737e-01 9.796865381569e-04 7.678285704367e-03 -7.721914233565e-01 1.066263420044e-03 9.095341447394e-03
2141 -7.722616870999e-01 1.026993200321e-03 8.437720268048e-03 -7.733240812421e-01 1.168730824484e-03 1.092745392079e-02 -7.734710915089e-01 1.050765609155e-03 8.832866923060e-03
2142 -7.717599155307e-01 1.152322892415e-03 1.062278438708e-02 -7.732278873324e-01 1.081025164383e-03 9.348923248234e-03 -7.733264141679e-01 1.037492589284e-03 8.611126982562e-03
2143 -7.720811522007e-01 1.198568871174e-03 1.149253871158e-02 -7.734586790800e-01 1.072995807926e-03 9.210560030621e-03 -7.729912448525e-01 9.445993211191e-04 7.138143019669e-03
2144 -7.722891398072e-01 1.107991197339e-03 9.821155947044e-03 -7.718162462711e-01 9.895557724443e-04 7.833765014223e-03 -7.722736750841e-01 1.134677753851e-03 1.029994884068e-02
2145 -7.720296834707e-01 1.207516312639e-03 1.166476516232e-02 -7.715782991648e-01 1.013477032284e-03 8.217085559734e-03 -7.730551991463e-01 1.114826294060e-03 9.942701327419e-03
2146 -7.729963120222e-01 1.276719644488e-03 1.304010440497e-02 -7.719317560792e-01 1.195397727228e-03 1.143180581010e-02 -7.706535290480e-01 8.929159148802e-04 6.378390648370e-03
2147 -7.724778656363e-01 1.260842635191e-03 1.271779320571e-02 -7.733642013073e-01 1.099100546945e-03 9.664176098352e-03 -7.718104615211e-01 1.070585249534e-03 9.169222212150e-03
2148 -7.717875558734e-01 1.055486525104e-03 8.912414437402e-03 -7.726572292447e-01 1.114562887626e-03 9.938003443779e-03 -7.717185917497e-01 1.243941473956e-03 1.237912312502e-02
2149 -7.729850732684e-01 1.080636329826e-03 9.342199018726e-03 -7.721560308337e-01 1.208440089601e-03 1.168261960123e-02 -7.730878283978e-01 1.160019171936e-03 1.076515583407e-02
2150 -7.721979907155e-01 1.057090495045e-03 8.939522517716e-03 -7.723481994271e-01 1.060425189160e-03 8.996012654439e-03 -7.711958625913e-01 1.035510263907e-03 8.578252053251e-03
2151 -7.725792403221e-01 1.092511797160e-03 9.548656215471e-03 -7.741705285907e-01 1.285701667701e-03 1.322423022664e-02 -7.731496308446e-01 1.138390695411e-03 1.036746700319e-02
2152 -7.742218372822e-01 1.229159098302e-03 1.208665671151e-02 -7.730103577971e-01 9.893801758310e-04 7.830985058620e-03 -7.732357105017e-01 9.879721339338e-04 7.808711499437e-03
2153 -7.722725201845e-01 1.121673814025e-03 1.006521716056e-02 -7.727270493507e-01 1.041708069848e-03 8.681245622290e-03 -7.722831834555e-01 1.086718305490e-03 9.447653403898e-03
2154 -7.723462983370e-01 1.054628585192e-03 8.897931621626e-03 -7.727558273077e-01 1.218892150431e-03 1.188558459506e-02 -7.709607882500e-01 1.115173400430e-03 9.948893704216e-03
2155 -7.727356531620e-01 1.201634551528e-03 1.155140476341e-02 -7.709330084324e-01 9.862213189176e-04 7.781059919101e-03 -7.701830915809e-01 1.004618394579e-03 8.074064949819e-03
2156 -7.727238805890e-01 1.207791180005e-03 1.167007627598e-02 -7.724227878451e-01 1.074472378304e-03 9.235927133909e-03 -7.733324885368e-01 1.096247005475e-03 9.614059976109e-03
2157 -7.736461825371e-01 1.042793036009e-03 8.699338527591e-03 -7.712830856442e-01 1.115470817855e-03 9.954201163896e-03 -7.725584392548e-01 1.118324776511e-03 1.000520244606e-02
2158 -7.716157833338e-01 9.913441452485e-04 7.862105714548e-03 -7.732573277354e-01 1.248499051582e-03 1.246999905441e-02 -7.711612241864e-01 1.107812752787e-03 9.817992761901e-03
2159 -7.744104631543e-01 1.120816165767e-03 1.004983101956e-02 -7.730200159550e-01 9.990286683713e-04 7.984466241822e-03 -7.724565333128e-01 1.120654813728e-03 1.004693769226e-02
2160 -7.717944276333e-01 1.002830815696e-03 8.045357159273e-03 -7.716535556316e-01 1.031094875947e-03 8.505253145629e-03 -7.733695991635e-01 1.097231397394e-03 9.631333915422e-03
2161 -7.736113296747e-01 1.298556156015e-03 1.348998472260e-02 -7.713727309704e-01 1.061933477574e-03 9.021621686336e-03 -7.713938883543e-01 9.870444836136e-04 7.794054501056e-03
2162 -7.709813895226e-01 1.167340941079e-03 1.090147898175e-02 -7.728631404638e-01 1.105496879317e-03 9.776986801431e-03 -7.701664553285e-01 8.973441197972e-04 6.441811754677e-03
2163 -7.721154894233e-01 1.130608787952e-03 1.022620985115e-02 -7.708588496447e-01 1.007893842917e-03 8.126799988720e-03 -7.723482834697e-01 1.142162076882e-03 1.043627367894e-02
2164 -7.733011509776e-01 1.305598163102e-03 1.363669250797e-02 -7.711947921515e-01 1.039775222789e-03 8.649060111407e-03 -7.714342062473e-01 1.272734331761e-03 1.295882143395e-02
2165 -7.721191968918e-01 1.156518948061e-03 1.070028861780e-02 -7.733835586309e-01 1.102703588339e-03 9.727641629889e-03 -7.717597475648e-01 1.119637105152e-03 1.002869797786e-02
2166 -7.707043496966e-01 1.125990411865e-03 1.014283526090e-02 -7.738388822675e-01 1.162688837891e-03 1.081476267004e-02 -7.728727445602e-01 1.056056250537e-03 8.922038434392e-03
2167 -7.706201136112e-01 1.121122069638e-03 1.005531756023e-02 -7.726989992261e-01 1.036508940884e-03 8.594806276265e-03 -7.737024379969e-01 1.091651230961e-03 9.533619280464e-03
2168 -7.724296105504e-01 1.044212639060e-03 8.723040284585e-03 -7.722967240214e-01 1.145452704673e-03 1.049649518915e-02 -7.710484222770e-01 1.004632422399e-03 8.074290433084e-03
2169 -7.732473502159e-01 1.144405298177e-03 1.047730789197e-02 -7.756006384492e-01 1.182383025390e-03 1.118423694984e-02 -7.724983852506e-01 1.051447005100e-03 8.844326436276e-03
2170 -7.720231469274e-01 1.073773433915e-03 9.223915099047e-03 -7.728364213705e-01 1.073509769446e-03 9.219385800772e-03 -7.724218192697e-01 9.899638461557e-04 7.840227333563e-03
2171 -7.722226098776e-01 1.129787580583e-03 1.021135981791e-02 -7.735437433124e-01 1.201456550455e-03 1.154798274105e-02 -7.713960270882e-01 1.060246761900e-03 8.992985568959e-03
2172 -7.710672258735e-01 1.093222952714e-03 9.561091394725e-03 -7.740631775856e-01 1.228667939034e-03 1.207699923527e-02 -7.731767595410e-01 1.085361789158e-03 9.424081706921e-03
2173 -7.730330382586e-01 1.127705195390e-03 1.017375206167e-02 -7.738825838566e-01 1.058815844448e-03 8.968727939637e-03 -7.722676601410e-01 9.820850952533e-04 7.715929074549e-03
2174 -7.729638503790e-01 1.503750598708e-03 1.809012690492e-02 -7.715746291876e-01 1.069381253854e-03 9.148610128746e-03 -7.721777152419e-01 1.146302300508e-03 1.051207171319e-02
2175 -7.718416097760e-01 1.125588335184e-03 1.013559280242e-02 -7.711420617700e-01 9.511771834939e-04 7.237904275195e-03 -7.727339408994e-01 1.116972613339e-03 9.981022551602e-03
2176 -7.728345317841e-01 1.134774174474e-03 1.030169941643e-02 -7.726801784635e-01 1.083184450024e-03 9.386308422187e-03 -7.746340113282e-01 1.187015811181e-03 1.127205228795e-02
2177 -7.723348656297e-01 1.189143321246e-03 1.131249470771e-02 -7.733432267308e-01 1.060941353052e-03 9.004772436929e-03 -7.711873368621e-01 1.127800751539e-03 1.017547628137e-02
2178 -7.711978224516e-01 1.087592351955e-03 9.462856992241e-03 -7.722988714576e-01 1.041793943720e-03 8.682676969370e-03 -7.749237442017e-01 1.060116933874e-03 8.990783307896e-03
2179 -7.737639536858e-01 1.228560579208e-03 1.207488877427e-02 -7.745876420736e-01 1.413233072789e-03 1.597782174419e-02 -7.730356925726e-01 9.432904994225e-04 7.118375730406e-03
2180 -7.722068766952e-01 1.243078235710e-03 1.236194800077e-02 -7.735100885630e-01 1.211795327751e-03 1.174758333087e-02 -7.717265654206e-01 1.001274191906e-03 8.020400059012e-03
2181 -7.729618129134e-01 1.108752535883e-03 9.834657486618e-03 -7.727623214126e-01 9.522932407095e-04 7.254899330408e-03 -7.728882645965e-01 1.235029151055e-03 1.220237603164e-02
2182 -7.724424415827e-01 1.044324415554e-03 8.724907879385e-03 -7.749332855344e-01 1.047351187674e-03 8.775556082576e-03 -7.714699792862e-01 1.025318326712e-03 8.410221368726e-03
2183 -7.714164519906e-01 1.122392455603e-03 1.007811859515e-02 -7.725191846490e-01 1.053916306463e-03 8.885916648233e-03 -7.731120780706e-01 1.195090979276e-03 1.142593958997e-02
2184 -7.698726561069e-01 1.008691297823e-03 8.139665074437e-03 -7.728520243168e-01 9.348342097729e-04 6.991319998094e-03 -7.737491648197e-01 1.200253684906e-03 1.152487126504e-02
2185 -7.723055090904e-01 1.114697987783e-03 9.940412831732e-03 -7.717451025248e-01 1.217951327043e-03 1.186724348037e-02 -7.721648652554e-01 1.008924181635e-03 8.143424034295e-03
2186 -7.713568270206e-01 9.600646931467e-04 7.373793720214e-03 -7.722594351172e-01 1.067254059556e-03 9.112249821108e-03 -7.729420738816e-01 1.014054614982e-03 8.226454097327e-03
2187 -7.738795142770e-01 1.500812193282e-03 1.801949791603e-02 -7.712035919428e-01 9.715454490252e-04 7.551204476173e-03 -7.741174584031e-01 1.069070025551e-03 9.143285756248e-03
2188 -7.725865523815e-01 1.040811559444e-03 8.666309618171e-03 -7.729973016381e-01 1.191963577346e-03 1.136621735775e-02 -7.727538822889e-01 1.145483401806e-03 1.049705779050e-02
2189 -7.726812633872e-01 1.053511608610e-03 8.879093675807e-03 -7.714290056229e-01 1.017261347395e-03 8.278565191224e-03 -7.723602660298e-01 1.105020086818e-03 9.768555138176e-03
2190 -7.717802648544e-01 9.208162377273e-04 6.783220349298e-03 -7.725102584362e-01 1.198176010929e-03 1.148500602532e-02 -7.717569585443e-01 1.070557563041e-03 9.168747966279e-03
2191 -7.711981673241e-01 1.097082560791e-03 9.628721161534e-03 -7.727136508822e-01 1.072594802667e-03 9.203676885662e-03 -7.726517419219e-01 1.213528490286e-03 1.178121117388e-02
2192 -7.717286428809e-01 1.117033564911e-03 9.982111881100e-03 -7.723243350983e-01 1.017988835462e-03 8.290410152997e-03 -7.730810695887e-01 1.234626205522e-03 1.219441493890e-02
2193 -7.717388182878e-01 1.116520127310e-03 9.972937557505e-03 -7.731880859733e-01 1.104116185277e-03 9.752580404730e-03 -7.737297055125e-01 1.004736442102e-03 8.075962544709e-03
2194 -7.741324732304e-01 1.270597025486e-03 1.291533440940e-02 -7.744945581555e-01 1.229399294770e-03 1.209138100784e-02 -7.719480119944e-01 9.312779189425e-04 6.938228498479e-03
2195 -7.728607665300e-01 1.114717306187e-03 9.940757381700e-03 -7.725092672706e-01 1.148971064394e-03 1.056107605451e-02 -7.730453892350e-01 1.038842674841e-03 8.633552824574e-03
2196 -7.739737474322e-01 1.250526512767e-03 1.251053247306e-02 -7.727011825442e-01 1.254882878002e-03 1.259784830001e-02 -7.719091892838e-01 1.110178464946e-03 9.859969792233e-03
2197 -7.718056931496e-01 1.096352343758e-03 9.615907693317e-03 -7.726782920957e-01 1.118253083577e-03 1.000391967143e-02 -7.741471775174e-01 1.260279439307e-03 1.270643412112e-02
2198 -7.708558786511e-01 9.864569763355e-04 7.784778929288e-03 -7.739672009349e-01 1.073131137691e-03 9.212883509463e-03 -7.715922850966e-01 1.011152901176e-03 8.179441516458e-03
2199 -7.703324036598e-01 1.077502917120e-03 9.288100291222e-03 -7.728643995523e-01 1.146625043106e-03 1.051799191583e-02 -7.735169467926e-01 1.035141793833e-03 8.572148266714e-03
2200 -7.726561432481e-01 1.223508934006e-03 1.197579289273e-02 -7.712121113539e-01 9.498582316930e-04 7.217845282519e-03 -7.713029196262e-01 1.098544499436e-03 9.654400137928e-03
2201 -7.704471791387e-01 1.312889103908e-03 1.378942239327e-02 -7.733961858153e-01 1.199977802992e-03 1.151957382138e-02 -7.752337725759e-01 1.163566042089e-03 1.083108747441e-02
2202 -7.740021540523e-01 1.313492796890e-03 1.380210661986e-02 -7.724693055749e-01 1.178272689578e-03 1.110661224804e-02 -7.727904812694e-01 1.176410983050e-03 1.107154240832e-02
2203 -7.722859205008e-01 1.202786262839e-03 1.157355835259e-02 -7.731276457310e-01 9.671393046446e-04 7.482867476708e-03 -7.728228950500e-01 1.131417822939e-03 1.024085032051e-02
2204 -7.729318794608e-01 1.069485176149e-03 9.150388336018e-03 -7.715913619995e-01 1.196185166052e-03 1.144687161186e-02 -7.724804699421e-01 1.118436654551e-03 1.000720440194e-02
2205 -7.719823738337e-01 1.130523089596e-03 1.022465964888e-02 -7.734138787985e-01 1.179070370808e-03 1.112165551454e-02 -7.719267189503e-01 1.006943633624e-03 8.111483850363e-03
2206 -7.720647576451e-01 1.309462329621e-03 1.371753274157e-02 -7.742933121920e-01 1.268598581928e-03 1.287473889656e-02 -7.761024990082e-01 1.380310196825e-03 1.524204991567e-02
2207 -7.709165415168e-01 1.045843115507e-03 8.750302578026e-03 -7.732730138302e-01 1.059860543989e-03 8.986434981633e-03 -7.726828526258e-01 1.100398132719e-03 9.687008403929e-03
2208 -7.727619645596e-01 1.054760876838e-03 8.900164058467e-03 -7.732424589396e-01 1.195566010634e-03 1.143502468627e-02 -7.727674817443e-01 9.624926807523e-04 7.411137284014e-03
2209 -7.728462451696e-01 1.177932092114e-03 1.110019210906e-02 -7.750567484498e-01 1.248540326787e-03 1.247082358091e-02 -7.712799915075e-01 9.405732655001e-04 7.077424542189e-03
2210 -7.711781376004e-01 1.332371095848e-03 1.420170189642e-02 -7.726898013949e-01 9.768178934750e-04 7.633385576104e-03 -7.733787400126e-01 1.052261794439e-03 8.858039072286e-03
2211 -7.720709263682e-01 1.107354969421e-03 9.809880226411e-03 -7.743351694942e-01 1.210235698259e-03 1.171736356273e-02 -7.728272311687e-01 1.111312927254e-03 9.880131378254e-03
2212 -7.713507219553e-01 1.241855857417e-03 1.233764776480e-02 -7.737506439686e-01 9.115733436591e-04 6.647727686959e-03 -7.749846581221e-01 1.239864883019e-03 1.229811942515e-02
2213 -7.737598862052e-01 1.247533191786e-03 1.245071251686e-02 -7.724853069186e-01 1.204723743209e-03 1.161087437962e-02 -7.717812458277e-01 1.027133422001e-03 8.440024532729e-03
2214 -7.728642736673e-01 1.120083532629e-03 1.003669696053e-02 -7.703232517838e-01 1.033097560401e-03 8.538324554456e-03 -7.726016608477e-01 1.044001929023e-03 8.719520222424e-03
2215 -7.705649300218e-01 1.003373427956e-03 8.054065887429e-03 -7.735981237888e-01 1.135988914837e-03 1.032376651705e-02 -7.727100524902e-01 1.146392478202e-03 1.051372571263e-02
2216 -7.710379372239e-01 1.085607531901e-03 9.428349706559e-03 -7.726085457206e-01 1.100864052577e-03 9.695213298049e-03 -7.729423837066e-01 9.866702991921e-04 7.788146234463e-03
2217 -7.707890176773e-01 1.017812621422e-03 8.287540258613e-03 -7.710772907138e-01 9.404377461487e-04 7.075385235050e-03 -7.737300656438e-01 1.141958582328e-03 1.043255523002e-02
2218 -7.735528931022e-01 1.130821401112e-03 1.023005632971e-02 -7.719134143591e-01 9.607821246347e-04 7.384818328140e-03 -7.732543064356e-01 1.071684733895e-03 9.188065350907e-03
2219 -7.731152338386e-01 1.258310966231e-03 1.266677190190e-02 -7.720726529360e-01 1.033107771593e-03 8.538493341800e-03 -7.741270909309e-01 1.167508570653e-03 1.090461010038e-02
2220 -7.714770647287e-01 1.039085973208e-03 8.637597277742e-03 -7.744850655198e-01 1.393270193930e-03 1.552961466634e-02 -7.721536666751e-01 9.605156064839e-04 7.380721842392e-03
2221 -7.711647095680e-01 9.982026205202e-04 7.971267772906e-03 -7.726051244736e-01 1.052957268828e-03 8.869752079818e-03 -7.735143052936e-01 1.057236999037e-03 8.942000577055e-03
2222 -7.740726163387e-01 1.243627231064e-03 1.237286951876e-02 -7.739318231940e-01 1.201734211771e-03 1.155332092592e-02 -7.728114281893e-01 9.360553026171e-04 7.009596236461e-03
2223 -7.721252690554e-01 9.538268180009e-04 7.278284789902e-03 -7.738560155630e-01 1.129375347157e-03 1.020390939814e-02 -7.705241513848e-01 8.277224305772e-04 5.480995376645e-03
2224 -7.720045740604e-01 1.146090220039e-03 1.050818233975e-02 -7.734846819639e-01 1.166588265321e-03 1.088742544628e-02 -7.728423985839e-01 1.338305583375e-03 1.432849467594e-02
2225 -7.730172262192e-01 1.033843816235e-03 8.550664290935e-03 -7.742696865797e-01 1.183329292960e-03 1.120214572463e-02 -7.734383767843e-01 1.290327656293e-03 1.331956368476e-02
2226 -7.719011662602e-01 9.457199923711e-04 7.155090431763e-03 -7.731674821377e-01 1.043251189145e-03 8.706984349218e-03 -7.725012689829e-01 1.092325762582e-03 9.545404572810e-03
2227 -7.716013755798e-01 1.156733002203e-03 1.070424990709e-02 -7.716045847535e-01 9.987958344320e-04 7.980744951031e-03 -7.722616215944e-01 1.103394131364e-03 9.739828873024e-03
2228 -7.711186020970e-01 1.090103284795e-03 9.506601372159e-03 -7.731737583280e-01 9.380077410171e-04 7.038868177664e-03 -7.732875662446e-01 1.154981874761e-03 1.067186504821e-02
2229 -7.720473754406e-01 1.164412421715e-03 1.084685030275e-02 -7.743353182077e-01 1.206516892169e-03 1.164546408871e-02 -7.725734828711e-01 1.037626422718e-03 8.613348744986e-03
2230 -7.732213765383e-01 1.279423754581e-03 1.309540115030e-02 -7.724952559471e-01 1.002330477573e-03 8.037331090181e-03 -7.736716126800e-01 1.074512148590e-03 9.236610859742e-03
2231 -7.708267527223e-01 1.177807161488e-03 1.109783767722e-02 -7.729086645842e-01 8.850567007278e-04 6.266602908026e-03 -7.743567036390e-01 1.055216297898e-03 8.907851482799e-03
2232 -7.713774124384e-01 1.122802476646e-03 1.008548321249e-02 -7.713570138216e-01 1.041604717004e-03 8.679523091880e-03 -7.729200654626e-01 1.035213267178e-03 8.573332068334e-03
2233 -7.729234762192e-01 1.180025417546e-03 1.113967988843e-02 -7.726047667861e-01 1.124899797749e-03 1.012319643981e-02 -7.720082480907e-01 1.097075867882e-03 9.628603679116e-03
2234 -7.756029208899e-01 1.342112596314e-03 1.441012976947e-02 -7.718566594720e-01 9.887843195640e-04 7.821555444925e-03 -7.732012562752e-01 1.198747744205e-03 1.149596923390e-02
2235 -7.740415252447e-01 1.283790433144e-03 1.318494300985e-02 -7.739316374063e-01 1.069376119684e-03 9.148522282795e-03 -7.740856214762e-01 1.096656332582e-03 9.621240894340e-03
2236 -7.718839777112e-01 1.107116910119e-03 9.805662821370e-03 -7.726891875267e-01 1.308005515388e-03 1.368702742628e-02 -7.728140293956e-01 1.121185779718e-03 1.005646042114e-02
2237 -7.709014911652e-01 1.112049462540e-03 9.893232057083e-03 -7.732216570973e-01 1.102881264366e-03 9.730776666314e-03 -7.741657873392e-01 1.007922097686e-03 8.127255640038e-03
2238 -7.731876802444e-01 1.116407844384e-03 9.970931800026e-03 -7.738585643768e-01 1.078249750000e-03 9.300980186994e-03 -7.727821179628e-01 9.941025880968e-04 7.905919645285e-03
2239 -7.732623131275e-01 1.369385735578e-03 1.500173834243e-02 -7.732968488932e-01 1.102843002226e-03 9.730101500473e-03 -7.735245695114e-01 1.253459173163e-03 1.256927919029e-02
2240 -7.712377183437e-01 9.689362280948e-04 7.510699312916e-03 -7.731432340145e-01 1.066340136011e-03 9.096650285349e-03 -7.715406098366e-01 9.872635344525e-04 7.797514291678e-03
2241 -7.711260878444e-01 9.745560525348e-04 7.598075996257e-03 -7.746820219755e-01 1.094929639105e-03 9.590967316718e-03 -7.719956296086e-01 1.145609615941e-03 1.049937113709e-02
2242 -7.725365304947e-01 1.195240419974e-03 1.142879729232e-02 -7.720455304384e-01 1.061752030066e-03 9.018538986802e-03 -7.707736710310e-01 1.042644472387e-03 8.696859966390e-03
2243 -7.733132239580e-01 1.191428495338e-03 1.135601487603e-02 -7.719308995008e-01 1.104061418684e-03 9.751612929819e-03 -7.731568184495e-01 1.084232210204e-03 9.404475885149e-03
2244 -7.711203589439e-01 9.766622796180e-04 7.630953667429e-03 -7.738459226489e-01 1.245081280237e-03 1.240181915518e-02 -7.717924395800e-01 1.095029726471e-03 9.592720814846e-03
2245 -7.707166948915e-01 8.941421229292e-04 6.395921087971e-03 -7.737256157398e-01 1.292467576257e-03 1.336377948541e-02 -7.723905574679e-01 1.054226540277e-03 8.891148785789e-03
2246 -7.754666659832e-01 1.400711392489e-03 1.569593924039e-02 -7.734730228186e-01 1.021291048915e-03 8.344283252750e-03 -7.722977826595e-01 9.512081328614e-04 7.238375296174e-03
2247 -7.739006688595e-01 1.248879962833e-03 1.247760929253e-02 -7.732450107932e-01 1.088673342204e-03 9.481677168202e-03 -7.720024437308e-01 8.954429376275e-04 6.414544436376e-03
2248 -7.719169095755e-01 1.121220564998e-03 1.005708444300e-02 -7.735993440747e-01 1.280565193335e-03 1.311877771504e-02 -7.711180312037e-01 1.170803292762e-03 1.096624280273e-02
2249 -7.729567990899e-01 9.986358976924e-04 7.978189249279e-03 -7.739634579420e-01 1.124447507487e-03 1.011505757675e-02 -7.709367550611e-01 1.048782928164e-03 8.799565043268e-03
2250 -7.720942510366e-01 1.189165825867e-03 1.131292289128e-02 -7.737038929462e-01 1.038710037388e-03 8.631348334172e-03 -7.724974654317e-01 1.025504457264e-03 8.413275134951e-03
2251 -7.748337493539e-01 1.374745175707e-03 1.511939438505e-02 -7.724375311136e-01 1.004546122357e-03 8.072903295541e-03 -7.728646683097e-01 1.211459358058e-03 1.174107020980e-02
2252 -7.724605190754e-01 1.317234384674e-03 1.388085139335e-02 -7.713300853372e-01 1.076271589147e-03 9.266884268834e-03 -7.717026991844e-01 1.098876339128e-03 9.660233669565e-03
2253 -7.714059414268e-01 1.090507506190e-03 9.513652968455e-03 -7.740233055353e-01 1.276449309116e-03 1.303458270994e-02 -7.712832706571e-01 1.073014699266e-03 9.210884358730e-03
2254 -7.729774090648e-01 1.100202403865e-03 9.683562635765e-03 -7.738491585851e-01 1.113287615916e-03 9.915274526016e-03 -7.738737112284e-01 9.786531728327e-04 7.662096261564e-03
2255 -7.722442743182e-01 1.164973765521e-03 1.085731099482e-02 -7.735387984514e-01 1.129446876217e-03 1.020520196958e-02 -7.732769998312e-01 1.161878885635e-03 1.079970035907e-02
2256 -7.722618010044e-01 1.145515533249e-03 1.049764669532e-02 -7.732147494555e-01 1.055568061248e-03 8.913791455411e-03 -7.714551979303e-01 1.142512444862e-03 1.044267749332e-02
2257 -7.743379818201e-01 1.180318192734e-03 1.114520828879e-02 -7.716921647191e-01 1.068135855567e-03 9.127313647582e-03 -7.735101219416e-01 9.885768264035e-04 7.818273133616e-03
2258 -7.723326904178e-01 1.126169822200e-03 1.014606774747e-02 -7.730018115640e-01 9.683171131439e-04 7.501104252859e-03 -7.712991681099e-01 1.085155506943e-03 9.420499793993e-03
2259 -7.730161168575e-01 1.124558623469e-03 1.011705678096e-02 -7.726634981632e-01 1.090728817174e-03 9.517514820916e-03 -7.711943202019e-01 9.964881879536e-04 7.943909669848e-03
2260 -7.710663378835e-01 1.044515372592e-03 8.728098908648e-03 -7.737182928920e-01 1.110400684284e-03 9.863917437268e-03 -7.734282163978e-01 1.157138120977e-03 1.071174904815e-02
2261 -7.723009362221e-01 1.136592457979e-03 1.033473932427e-02 -7.735186560750e-01 1.122291277428e-03 1.007630169112e-02 -7.721718913913e-01 9.618176326643e-04 7.400745268032e-03
2262 -7.705631277561e-01 1.001534817218e-03 8.024575920807e-03 -7.755542457700e-01 1.192608122285e-03 1.137851306672e-02 -7.727957429290e-01 1.045224343792e-03 8.739951430850e-03
2263 -7.727489865422e-01 1.272512662181e-03 1.295430780328e-02 -7.729039620757e-01 1.009198455290e-03 8.147852177282e-03 -7.721974453330e-01 1.144600057669e-03 1.048087433612e-02
2264 -7.729488715529e-01 1.292817203131e-03 1.337101056570e-02 -7.737370303869e-01 1.115273782822e-03 9.950684885209e-03 -7.725776820183e-01 1.162498630567e-03 1.081122452856e-02
2265 -7.706319500804e-01 1.099940659988e-03 9.678955643955e-03 -7.732689666748e-01 1.059871020295e-03 8.986612637297e-03 -7.733757509589e-01 1.080225617487e-03 9.335099077396e-03
2266 -7.701842639446e-01 9.389711029533e-04 7.053333857451e-03 -7.725605131984e-01 1.207357044768e-03 1.166168826841e-02 -7.729996789694e-01 1.118300571463e-03 1.000476934507e-02
2267 -7.728184185624e-01 1.251842148217e-03 1.253687011241e-02 -7.744228792191e-01 1.260987345180e-03 1.272071267763e-02 -7.727976046801e-01 1.180335692561e-03 1.114553877706e-02
2268 -7.712060978413e-01 1.038927097622e-03 8.634956113390e-03 -7.733992934823e-01 1.213444267696e-03 1.177957592644e-02 -7.709952520728e-01 1.053391809672e-03 8.877074437470e-03
2269 -7.732548425794e-01 1.023440245053e-03 8.379439481561e-03 -7.727855967879e-01 1.079854192423e-03 9.328680615147e-03 -7.718443998098e-01 1.081029254188e-03 9.348993987289e-03
2270 -7.703171439767e-01 8.419083538667e-04 5.670477410484e-03 -7.729180274010e-01 9.746331392598e-04 7.599278049147e-03 -7.730565066934e-01 1.122790644295e-03 1.008527064733e-02
2271 -7.715948296189e-01 1.119867786277e-03 1.003283086992e-02 -7.734921187162e-01 1.068417691390e-03 9.132130906207e-03 -7.752364601493e-01 1.181639357391e-03 1.117017256748e-02
2272 -7.730416178703e-01 1.192510188374e-03 1.137664439501e-02 -7.757517766953e-01 1.292395274071e-03 1.336228435552e-02 -7.733825580478e-01 1.138634611881e-03 1.037191023499e-02
2273 -7.713178113103e-01 1.216846532472e-03 1.184572386872e-02 -7.748469032049e-01 1.177251916595e-03 1.108737660101e-02 -7.727557656169e-01 1.244140610221e-03 1.238308686400e-02
2274 -7.711198392510e-01 1.108905446954e-03 9.837370322280e-03 -7.730682483912e-01 1.029515017724e-03 8.479209373760e-03 -7.726269807220e-01 9.470316211066e-04 7.174951131007e-03
2275 -7.736654148102e-01 1.379970965820e-03 1.523455893204e-02 -7.747386015654e-01 1.189594197611e-03 1.132107483993e-02 -7.729335219860e-01 1.161972630481e-03 1.080144315189e-02
2276 -7.728548997641e-01 1.048097058377e-03 8.788059550233e-03 -7.717741109133e-01 1.122194028188e-03 1.007455549521e-02 -7.704514718652e-01 1.037873333929e-03 8.617448458252e-03
2277 -7.717124903798e-01 1.166543917084e-03 1.088659768389e-02 -7.729385389686e-01 9.328111709452e-04 6.961093445121e-03 -7.738162293434e-01 1.155320516557e-03 1.067812396782e-02
2278 -7.730070639849e-01 1.128802356219e-03 1.019355807524e-02 -7.738922941685e-01 1.307621620184e-03 1.367899441257e-02 -7.713518346548e-01 9.454000442634e-04 7.150249949547e-03
2279 -7.725910694003e-01 1.377573063924e-03 1.518166037160e-02 -7.728977220058e-01 1.075698265760e-03 9.257014071666e-03 -7.736430734992e-01 1.167280900937e-03 1.090035761354e-02
2280 -7.716870536804e-01 1.076495188669e-03 9.270735129824e-03 -7.733798362017e-01 1.158430691057e-03 1.073569332787e-02 -7.729097302556e-01 1.090479855177e-03 9.513170516367e-03
2281 -7.710772467852e-01 1.107186388685e-03 9.806893594308e-03 -7.730448437929e-01 1.081008373676e-03 9.348632831659e-03 -7.726240252852e-01 9.864061734511e-04 7.783977112179e-03
2282 -7.725664057136e-01 9.982070667960e-04 7.971338785612e-03 -7.730436717868e-01 1.162426115944e-03 1.080987580022e-02 -7.722308542132e-01 9.755909414095e-04 7.614221479683e-03
2283 -7.749753276110e-01 1.318744070390e-03 1.391268738551e-02 -7.746130547523e-01 1.066483979844e-03 9.099104634119e-03 -7.749897667766e-01 1.245293884380e-03 1.240605486779e-02
2284 -7.712402623892e-01 1.240960328132e-03 1.231986028797e-02 -7.737651954293e-01 1.121456834590e-03 1.006132345479e-02 -7.730312038064e-01 1.163760367420e-03 1.083470554222e-02
2285 -7.727314192057e-01 1.158203075477e-03 1.073147491235e-02 -7.739241509438e-01 1.143167447444e-03 1.045465450316e-02 -7.729823095798e-01 1.038439897417e-03 8.626859364378e-03
2286 -7.725378000736e-01 9.624821636324e-04 7.410975322483e-03 -7.753399188519e-01 1.143993495572e-03 1.046976894330e-02 -7.719787659049e-01 1.118882791683e-03 1.001518961220e-02
2287 -7.703029494286e-01 1.239409630414e-03 1.228908985570e-02 -7.730153386593e-01 9.642423199556e-04 7.438106012747e-03 -7.729745342135e-01 9.883389015873e-04 7.814510275127e-03
2288 -7.716035287976e-01 1.259585531342e-03 1.269244568613e-02 -7.720338706970e-01 1.053622463315e-03 8.880962361612e-03 -7.752278138995e-01 1.261267019286e-03 1.272635595151e-02
2289 -7.746193476915e-01 1.222363317900e-03 1.195337664759e-02 -7.728460795879e-01 1.051956925662e-03 8.852906987594e-03 -7.718183386326e-01 1.041073382199e-03 8.670670296985e-03
2290 -7.722256795764e-01 9.720097223674e-04 7.558423203014e-03 -7.728808145523e-01 1.016164571479e-03 8.260723490627e-03 -7.734486303329e-01 1.167531338394e-03 1.090503540906e-02
2291 -7.735142350793e-01 1.174457463317e-03 1.103480266513e-02 -7.723307502270e-01 9.685888549514e-04 7.505314959489e-03 -7.743402287960e-01 1.092328986135e-03 9.545460911609e-03
2292 -7.736347441673e-01 1.099062333135e-03 9.663504096930e-03 -7.737639624476e-01 1.202865775357e-03 1.157508858821e-02 -7.718278612494e-01 1.023820788021e-03 8.385672047874e-03
2293 -7.708727002144e-01 1.091908383463e-03 9.538111343011e-03 -7.737384416461e-01 1.094448311267e-03 9.582536848283e-03 -7.736309853792e-01 1.199233877462e-03 1.150529514283e-02
2294 -7.733546549082e-01 9.881019258578e-04 7.810763327072e-03 -7.740873762965e-01 1.279133547033e-03 1.308946104917e-02 -7.732554639578e-01 1.003351205644e-03 8.053709134946e-03
2295 -7.726869176030e-01 1.192336588323e-03 1.137333231884e-02 -7.725561004877e-01 1.136057412020e-03 1.032501154725e-02 -7.724344732761e-01 1.012080969424e-03 8.194463109363e-03
2296 -7.707231085896e-01 1.094644077340e-03 9.585965248446e-03 -7.728550059795e-01 9.868278453102e-04 7.790633570237e-03 -7.709836296439e-01 1.039086537669e-03 8.637606662125e-03
2297 -7.722762773037e-01 1.096479587272e-03 9.618139882434e-03 -7.736197476983e-01 1.127519350106e-03 1.017039907890e-02 -7.738551619649e-01 1.334439023427e-03 1.424582005797e-02
2298 -7.737891567349e-01 1.278767792590e-03 1.308197653893e-02 -7.734503814578e-01 1.070578274867e-03 9.169102740944e-03 -7.718155771494e-01 1.103494803368e-03 9.741606248483e-03
2299 -7.714796792865e-01 1.151503754831e-03 1.060768717912e-02 -7.721793636680e-01 9.670082925427e-04 7.480840302772e-03 -7.728483316302e-01 1.107567431201e-03 9.813644917261e-03
2300 -7.726925143003e-01 1.156715246805e-03 1.070392129753e-02 -7.736267889738e-01 1.092276887590e-03 9.544550393300e-03 -7.717629792094e-01 1.071131332307e-03 9.178578648402e-03
2301 -7.725113679767e-01 1.120745255102e-03 1.004855941468e-02 -7.729153723121e-01 1.185688266050e-03 1.124685331398e-02 -7.738526597023e-01 1.078155550484e-03 9.299355128322e-03
2302 -7.724405744076e-01 1.139837963349e-03 1.039384466154e-02 -7.734455658793e-01 1.042808714659e-03 8.699600122951e-03 -7.738821447492e-01 1.044114702974e-03 8.721404103725e-03
2303 -7.709719842076e-01 1.086804191138e-03 9.449146799005e-03 -7.720364872217e-01 1.214474185608e-03 1.179958038007e-02 -7.739428473115e-01 1.237165711353e-03 1.224463197877e-02
2304 -7.704671394229e-01 1.039659986889e-03 8.647143106698e-03 -7.719432201982e-01 1.015541458718e-03 8.250595634995e-03 -7.733685676455e-01 8.907909488963e-04 6.348068117084e-03
2305 -7.722009415627e-01 1.097099255459e-03 9.629014210621e-03 -7.732972857952e-01 1.071420730960e-03 9.183539061845e-03 -7.730619423985e-01 1.087633886272e-03 9.463579764533e-03
2306 -7.725381638408e-01 1.191656206944e-03 1.136035612438e-02 -7.719753944874e-01 1.075723489209e-03 9.257448201880e-03 -7.714048012495e-01 1.023996119049e-03 8.388544414622e-03
2307 -7.725124223232e-01 1.245308272311e-03 1.240634154469e-02 -7.735702339411e-01 1.272239904288e-03 1.294875499250e-02 -7.731444557309e-01 1.056397164016e-03 8.927799745129e-03
2308 -7.716134328842e-01 1.142624275193e-03 1.044472187408e-02 -7.739635558724e-01 1.113923704316e-03 9.926608152293e-03 -7.746524103880e-01 1.179554264958e-03 1.113078611184e-02
2309 -7.729234019518e-01 1.221509588826e-03 1.193668540476e-02 -7.746599507928e-01 1.063587174639e-03 9.049741424448e-03 -7.726211470962e-01 1.009058033541e-03 8.145584920435e-03
2310 -7.721682371497e-01 1.031133316305e-03 8.505887327950e-03 -7.751355241537e-01 9.321645207998e-04 6.951445550703e-03 -7.722138189673e-01 1.026746006881e-03 8.433658901170e-03
2311 -7.732877774835e-01 1.088174424243e-03 9.472988620610e-03 -7.751348285079e-01 1.275070839617e-03 1.300644516832e-02 -7.732112237811e-01 1.182786670917e-03 1.119187447119e-02
2312 -7.722561287284e-01 1.185334504276e-03 1.124014309622e-02 -7.734674921036e-01 9.702624588329e-04 7.531273912163e-03 -7.721011313796e-01 1.043533614971e-03 8.711699244591e-03
2313 -7.735109711885e-01 1.341097832967e-03 1.438834718071e-02 -7.732570855618e-01 1.047607802217e-03 8.779856858133e-03 -7.724049745798e-01 1.077940312470e-03 9.295642537978e-03
2314 -7.708648982644e-01 1.052334109177e-03 8.859256618702e-03 -7.737324856520e-01 1.076327449892e-03 9.267846235129e-03 -7.727499513030e-01 1.116566652788e-03 9.973768720938e-03
2315 -7.730036523938e-01 1.254746515962e-03 1.259511055456e-02 -7.731871027350e-01 1.369458865450e-03 1.500334067329e-02 -7.717115699053e-01 9.705685669032e-04 7.536026744484e-03
2316 -7.714816889763e-01 9.501786850485e-04 7.222716268164e-03 -7.759274020195e-01 1.447599058603e-03 1.676434427575e-02 -7.718868610859e-01 1.028135517642e-03 8.456501141100e-03
2317 -7.724956265092e-01 1.150324527012e-03 1.058597213957e-02 -7.729948897362e-01 9.541290218294e-04 7.282897522376e-03 -7.726382368803e-01 1.086387212316e-03 9.441897400678e-03
2318 -7.713746014237e-01 1.070571979255e-03 9.168994902123e-03 -7.721391097903e-01 1.064943218486e-03 9.072832468796e-03 -7.728181083798e-01 1.105053087331e-03 9.769138606557e-03
2319 -7.724124898314e-01 1.083864014048e-03 9.398089607590e-03 -7.735002848506e-01 1.107031291083e-03 9.804146235490e-03 -7.727354848385e-01 1.000926452645e-03 8.014830108830e-03
2320 -7.728287036419e-01 1.015240021109e-03 8.245698403686e-03 -7.731691688299e-01 1.108413029156e-03 9.828635545622e-03 -7.727957862616e-01 9.508990283704e-04 7.233671697246e-03
2321 -7.723097126484e-01 1.274900407277e-03 1.300296838779e-02 -7.748732781410e-01 1.141227400333e-03 1.041919983416e-02 -7.726834042668e-01 8.939571932392e-04 6.393275706753e-03
2322 -7.712856051326e-01 1.107663665830e-03 9.815350372800e-03 -7.720175710320e-01 1.030222194167e-03 8.490862154827e-03 -7.721359885931e-01 1.094563641131e-03 9.584556515891e-03
2323 -7.714885993600e-01 1.196094287185e-03 1.144513235070e-02 -7.747547107935e-01 1.135847828968e-03 1.032120232457e-02 -7.730011921525e-01 1.108896348551e-03 9.837208894641e-03
2324 -7.730585598946e-01 1.108625012794e-03 9.832395351943e-03 -7.718700667620e-01 1.014172297097e-03 8.228363585586e-03 -7.737106778026e-01 1.022945696222e-03 8.371343179358e-03
2325 -7.721677471399e-01 1.168385948387e-03 1.092100579510e-02 -7.733608874083e-01 1.145232679613e-03 1.049246312362e-02 -7.724210837483e-01 1.123185976474e-03 1.009237390198e-02
2326 -7.719665931463e-01 1.003337402751e-03 8.053487550066e-03 -7.729746612310e-01 1.048087852318e-03 8.787905169410e-03 -7.714135521650e-01 1.159050847975e-03 1.074719094553e-02
2327 -7.719699160457e-01 1.076397317092e-03 9.269049473935e-03 -7.731352319121e-01 1.266497406563e-03 1.283212544665e-02 -7.741242537498e-01 1.060478902148e-03 8.996924015212e-03
2328 -7.734728977680e-01 1.169071158865e-03 1.093381899591e-02 -7.733433015347e-01 1.278412849384e-03 1.307471530775e-02 -7.723561044335e-01 1.020781830273e-03 8.335964360129e-03
2329 -7.723592155576e-01 1.334495614999e-03 1.424702837160e-02 -7.732138929963e-01 1.227407175529e-03 1.205222699633e-02 -7.736943691373e-01 1.205507742730e-03 1.162599134226e-02
2330 -7.710834160447e-01 1.109612247425e-03 9.849914717089e-03 -7.746027331948e-01 1.138991057444e-03 1.037840503149e-02 -7.735687825680e-01 1.045161802588e-03 8.738905548706e-03
2331 -7.711369624734e-01 1.087032680322e-03 9.453120384712e-03 -7.721515240669e-01 1.095613143863e-03 9.602945288038e-03 -7.723396686912e-01 9.661390630256e-04 7.467397512833e-03
2332 -7.723890148997e-01 1.041388849203e-03 8.675925881948e-03 -7.732427282333e-01 1.058228542202e-03 8.958781180255e-03 -7.749878013134e-01 1.157608958658e-03 1.072046800933e-02
2333 -7.728512796164e-01 1.152851814113e-03 1.063253844243e-02 -7.745509744883e-01 1.233553385004e-03 1.217323162923e-02 -7.746979523301e-01 1.157271883243e-03 1.071422569397e-02
2334 -7.701618864536e-01 1.011335445884e-03 8.182395072809e-03 -7.733937624693e-01 9.654631432164e-04 7.456952647274e-03 -7.714526531696e-01 8.718864124502e-04 6.081487329722e-03
2335 -7.719400518537e-01 1.264527600628e-03 1.279224042200e-02 -7.738480706215e-01 1.275860322765e-03 1.302255650565e-02 -7.723394595981e-01 1.028254361883e-03 8.458456261849e-03
2336 -7.735878114700e-01 1.293906239144e-03 1.339354684556e-02 -7.723666844964e-01 1.227448416206e-03 1.205303691558e-02 -7.762177904844e-01 1.273055380643e-03 1.296536001747e-02
2337 -7.733890704513e-01 1.115439518411e-03 9.953642553866e-03 -7.747394553423e-01 1.048604026577e-03 8.796563236429e-03 -7.726683899164e-01 1.093075030147e-03 9.558504172247e-03
2338 -7.730885368586e-01 1.240335956128e-03 1.230746627252e-02 -7.725511170030e-01 9.604244423729e-04 7.379320876058e-03 -7.722989707589e-01 1.223672111838e-03 1.197898749831e-02
2339 -7.742970907092e-01 1.141612349647e-03 1.042623005493e-02 -7.742361545563e-01 1.162063846815e-03 1.080313907260e-02 -7.749379987121e-01 1.062444326302e-03 9.030303571938e-03
2340 -7.715458845496e-01 1.214196680153e-03 1.179418862476e-02 -7.728916150928e-01 1.029508081256e-03 8.479095114969e-03 -7.742466759682e-01 1.071240672765e-03 9.180452631884e-03
2341 -7.707762268782e-01 1.276808264000e-03 1.304191474416e-02 -7.751473149657e-01 1.196483542108e-03 1.145258293229e-02 -7.730269151926e-01 1.023237249765e-03 8.376115754457e-03
2342 -7.717053952217e-01 9.583129293436e-04 7.346909364377e-03 -7.742638485432e-01 8.899943187000e-04 6.336719098546e-03 -7.712169702053e-01 1.109867415335e-03 9.854445436982e-03
2343 -7.724198253751e-01 1.220953642706e-03 1.192582238109e-02 -7.740139969587e-01 1.148289721943e-03 1.054855428416e-02 -7.725019928813e-01 1.112234762550e-03 9.896529336199e-03
2344 -7.704050411582e-01 1.104220592648e-03 9.754424937831e-03 -7.735370926857e-01 1.213203293909e-03 1.177489785882e-02 -7.722064502835e-01 1.059478547385e-03 8.979958338954e-03
2345 -7.725716472268e-01 1.140470580833e-03 1.040538516596e-02 -7.723011897802e-01 1.138724953309e-03 1.037355615431e-02 -7.724676997662e-01 1.075728776633e-03 9.257539207010e-03
2346 -7.727206936479e-01 1.163402815714e-03 1.082804889289e-02 -7.733126807213e-01 1.042349319676e-03 8.691936833839e-03 -7.714508229494e-01 1.016957730674e-03 8.273624207819e-03
2347 -7.708971679211e-01 1.147916279824e-03 1.054169428389e-02 -7.725261801481e-01 1.089941263157e-03 9.503775657052e-03 -7.739663683772e-01 1.155768260014e-03 1.068640216686e-02
2348 -7.719342669249e-01 1.070981995626e-03 9.176019479638e-03 -7.740700432658e-01 1.271827173405e-03 1.294035487208e-02 -7.731464106441e-01 1.021836829498e-03 8.353204048944e-03
2349 -7.716205120087e-01 1.037555865876e-03 8.612177398509e-03 -7.744998986125e-01 1.268776083065e-03 1.287834199166e-02 -7.729302648306e-01 1.053668456145e-03 8.881737723805e-03
2350 -7.717465758324e-01 9.917087065405e-04 7.867889269026e-03 -7.720942282677e-01 1.108756969979e-03 9.834736147807e-03 -7.744460125566e-01 1.120461733099e-03 1.004347596272e-02
2351 -7.752216966152e-01 1.285673310099e-03 1.322364688241e-02 -7.733356902599e-01 1.067221177004e-03 9.111688325172e-03 -7.735409299731e-01 1.104184274409e-03 9.753783294819e-03
2352 -7.725678988099e-01 1.250693128258e-03 1.251386640858e-02 -7.723471285105e-01 1.044961195918e-03 8.735551207788e-03 -7.719368566275e-01 9.067240690289e-04 6.577188298851e-03
2353 -7.732370111942e-01 1.215684638166e-03 1.182311311579e-02 -7.734451067448e-01 1.214004496668e-03 1.179045534344e-02 -7.724820016623e-01 9.843516501452e-04 7.751585369149e-03
2354 -7.713047845364e-01 1.073035218940e-03 9.211236648687e-03 -7.729440491199e-01 1.119201711794e-03 1.002089977345e-02 -7.748656646609e-01 1.362858314163e-03 1.485906227587e-02
2355 -7.716847424507e-01 1.170940161690e-03 1.096880689807e-02 -7.731819384694e-01 1.009994172874e-03 8.160705833917e-03 -7.743615760207e-01 1.144664058352e-03 1.048204645187e-02
2356 -7.721757265329e-01 1.251243915372e-03 1.252489068605e-02 -7.737933729887e-01 9.876768679142e-04 7.804044763303e-03 -7.730291717052e-01 1.144736344318e-03 1.048337038401e-02
2357 -7.715207540393e-01 1.100869252097e-03 9.695304881694e-03 -7.739625583291e-01 1.180435007282e-03 1.114741445134e-02 -7.745513882041e-01 1.108581317162e-03 9.831620294088e-03
2358 -7.712804175615e-01 1.082723698934e-03 9.378324865873e-03 -7.752058835030e-01 1.467194611120e-03 1.722128021520e-02 -7.715922277570e-01 1.019972889668e-03 8.322757565264e-03
2359 -7.721190292835e-01 1.217621807439e-03 1.186082292761e-02 -7.731358218193e-01 9.428198633106e-04 7.111274357224e-03 -7.740838105083e-01 1.179597182469e-03 1.113159610312e-02
2360 -7.722993054986e-01 1.178467542459e-03 1.111028598904e-02 -7.725693867803e-01 1.054985798032e-03 8.903960272389e-03 -7.728834676743e-01 1.216776489970e-03 1.184436021236e-02
2361 -7.722506913543e-01 1.211209813437e-03 1.173623369733e-02 -7.721696267128e-01 1.040021386106e-03 8.653155868467e-03 -7.735619081259e-01 1.124131677881e-03 1.010937623373e-02
2362 -7.721370034814e-01 9.971405941058e-04 7.954314915310e-03 -7.761642274857e-01 1.232307707950e-03 1.214865829659e-02 -7.728839744925e-01 9.506817860435e-04 7.230366866519e-03
2363 -7.714657510519e-01 1.030123983558e-03 8.489243372012e-03 -7.726230365038e-01 1.091665287935e-03 9.533864807059e-03 -7.716807625890e-01 1.119950456472e-03 1.003431219961e-02
2364 -7.712263250351e-01 1.081116755550e-03 9.350507513039e-03 -7.726828497648e-01 1.187358074594e-03 1.127855357843e-02 -7.725390508175e-01 1.179739188842e-03 1.113427642953e-02
2365 -7.739332623482e-01 1.237187410925e-03 1.224506151802e-02 -7.739204095602e-01 1.205785149969e-03 1.163134262309e-02 -7.715684599280e-01 1.019644700279e-03 8.317402518457e-03
2366 -7.733983014822e-01 1.221324239322e-03 1.193306318045e-02 -7.724675142169e-01 1.106717485212e-03 9.798588736595e-03 -7.714356986880e-01 1.019342283471e-03 8.312469526973e-03
2367 -7.711573009491e-01 1.123541234254e-03 1.009875924055e-02 -7.734299649000e-01 1.168785359081e-03 1.092847372482e-02 -7.726306305528e-01 1.172380013618e-03 1.099579917065e-02
2368 -7.709425880909e-01 1.255013222427e-03 1.260046550773e-02 -7.733004366159e-01 1.175747450628e-03 1.105905654126e-02 -7.739968811870e-01 1.181610066630e-03 1.116961879650e-02
2369 -7.726067219377e-01 1.066148826935e-03 9.093386569405e-03 -7.714698781371e-01 9.702556817439e-04 7.531168703650e-03 -7.726687508821e-01 9.807150267285e-04 7.694415709209e-03
2370 -7.760410630703e-01 1.306682668259e-03 1.365935676422e-02 -7.736297723055e-01 1.075696280077e-03 9.256979895766e-03 -7.715220894814e-01 1.109553717176e-03 9.848875610397e-03
2371 -7.728367578983e-01 1.156648834570e-03 1.070269221210e-02 -7.725591763854e-01 9.869058275054e-04 7.791864898913e-03 -7.739707665443e-01 1.165037698554e-03 1.085850271242e-02
2372 -7.722975519896e-01 9.652245488539e-04 7.453267437682e-03 -7.743391984701e-01 1.274864752672e-03 1.300224110084e-02 -7.712990942001e-01 1.130607214987e-03 1.022618139665e-02
2373 -7.704702550173e-01 9.902269415485e-04 7.844395166148e-03 -7.730940071344e-01 1.075412851859e-03 9.252102415552e-03 -7.725414061546e-01 1.080308544457e-03 9.336532409820e-03
2374 -7.710686428547e-01 1.071142292554e-03 9.178766487191e-03 -7.732736580372e-01 1.144630632540e-03 1.048143427959e-02 -7.740306461453e-01 1.308422852179e-03 1.369576288083e-02
2375 -7.716218773723e-01 1.190701889371e-03 1.134216791481e-02 -7.716835464835e-01 1.031794475178e-03 8.516798712066e-03 -7.716294643283e-01 9.743453408214e-04 7.594790745443e-03
2376 -7.725219656825e-01 1.511626764378e-03 1.828012379828e-02 -7.743855686784e-01 1.193486835513e-03 1.139528661234e-02 -7.731438415647e-01 1.163485077113e-03 1.082958019731e-02
2377 -7.715443043709e-01 1.043495578261e-03 8.711064174797e-03 -7.722626266479e-01 1.073108071818e-03 9.212487470401e-03 -7.730330109596e-01 1.073312884745e-03 9.216004388477e-03
2378 -7.729178373814e-01 1.211359964297e-03 1.173914370482e-02 -7.723476654291e-01 9.877120673948e-04 7.804601024618e-03 -7.720342383981e-01 1.084746103188e-03 9.413392867059e-03
2379 -7.724251285195e-01 1.099470839163e-03 9.670689009360e-03 -7.723913924694e-01 1.022134703394e-03 8.358074815053e-03 -7.731177445650e-01 1.123431692382e-03 1.009679013958e-02
2380 -7.732780109644e-01 1.209556088626e-03 1.170420745227e-02 -7.731390925050e-01 1.139906836466e-03 1.039510076657e-02 -7.727685642242e-01 1.220516135011e-03 1.191727708658e-02
2381 -7.737180486321e-01 1.159244678359e-03 1.075078579444e-02 -7.739738528728e-01 1.249259271695e-03 1.248518982333e-02 -7.731080055237e-01 1.026829715853e-03 8.435034122876e-03
2382 -7.735954974890e-01 1.121053090305e-03 1.005408025026e-02 -7.725825865865e-01 8.826852071783e-04 6.233065399772e-03 -7.726776516438e-01 1.153947778262e-03 1.065276379965e-02
2383 -7.720352197886e-01 9.986810783131e-04 7.978911169444e-03 -7.736475157738e-01 1.165016132636e-03 1.085810071441e-02 -7.725237492323e-01 1.092708084380e-03 9.552087661352e-03
2384 -7.719569247961e-01 1.182586489466e-03 1.118808644054e-02 -7.731842102408e-01 1.075989303358e-03 9.262023847526e-03 -7.697507228851e-01 9.688313857362e-04 7.509074031899e-03
2385 -7.716655176282e-01 1.163304932186e-03 1.082622692198e-02 -7.710904417634e-01 8.823774257156e-04 6.228719371300e-03 -7.725957275629e-01 1.029649932338e-03 8.481431865308e-03
2386 -7.724364296198e-01 9.599360689413e-04 7.371818051636e-03 -7.727538058162e-01 1.076798925021e-03 9.275967399419e-03 -7.730975875854e-01 1.171381218573e-03 1.097707167381e-02
2387 -7.726012459993e-01 1.105767916566e-03 9.781781482460e-03 -7.745785485506e-01 1.100167329079e-03 9.682945215780e-03 -7.715793551207e-01 1.078235873380e-03 9.300740789152e-03
2388 -7.716954414845e-01 1.035796390744e-03 8.582993304620e-03 -7.731204271913e-01 1.147533828055e-03 1.053467109225e-02 -7.726923981309e-01 1.091556206439e-03 9.531959614516e-03
2389 -7.737831492424e-01 1.204245767610e-03 1.160166295045e-02 -7.742244526148e-01 1.183879524772e-03 1.121256583339e-02 -7.724304756522e-01 1.002698167159e-03 8.043228915384e-03
2390 -7.739568284750e-01 9.850217606999e-04 7.762142952419e-03 -7.737937042713e-01 1.096958732494e-03 9.626547686351e-03 -7.745068911910e-01 1.182471203322e-03 1.118590517348e-02
2391 -7.744973632097e-01 1.204453836464e-03 1.160567235338e-02 -7.719628632069e-01 9.708847396158e-04 7.540937420951e-03 -7.728564459682e-01 1.083680714601e-03 9.394911129593e-03
2392 -7.719617642760e-01 1.167245070072e-03 1.089968842886e-02 -7.723565784097e-01 9.925540035810e-04 7.881307600198e-03 -7.736224149466e-01 1.156284838737e-03 1.069595702635e-02
2393 -7.739469049573e-01 9.976970304788e-04 7.963194917010e-03 -7.726697319746e-01 1.070778477028e-03 9.172532374934e-03 -7.724045848846e-01 9.643798599958e-04 7.440228114924e-03
2394 -7.733614353538e-01 1.252791363036e-03 1.255588959437e-02 -7.740667937994e-01 1.357075341857e-03 1.473322786782e-02 -7.717672274113e-01 9.769846602685e-04 7.635992211199e-03
2395 -7.722377396226e-01 9.531463308043e-04 7.267903423405e-03 -7.712840337157e-01 1.125577739079e-03 1.013540197368e-02 -7.735247136950e-01 1.146715142111e-03 1.051964493718e-02
2396 -7.742930074930e-01 1.314931956369e-03 1.383236839905e-02 -7.740212287903e-01 1.079077155338e-03 9.315260057386e-03 -7.728657836914e-01 1.037633390209e-03 8.613464419819e-03
2397 -7.713862115741e-01 1.161239570209e-03 1.078781871536e-02 -7.711234785914e-01 9.715848708535e-04 7.551817290171e-03 -7.720008184314e-01 9.875556708422e-04 7.802129624101e-03
2398 -7.737576122284e-01 1.252215855236e-03 1.254435638484e-02 -7.731235951185e-01 1.106333875201e-03 9.791797147340e-03 -7.724280572534e-01 1.004815360087e-03 8.077231262932e-03
2399 -7.725422616005e-01 1.237140513180e-03 1.224413319481e-02 -7.718878690004e-01 1.107926049358e-03 9.820001046771e-03 -7.724842286706e-01 1.101372716326e-03 9.704174882136e-03
2400 -7.729248225093e-01 1.108663915292e-03 9.833085416560e-03 -7.723054288030e-01 9.712410260496e-04 7.546473045455e-03 -7.732734330297e-01 1.208632896106e-03 1.168634782039e-02
2401 -7.732005754709e-01 1.112326475839e-03 9.898161510813e-03 -7.731781445146e-01 1.153940002842e-03 1.065262024127e-02 -7.731976619363e-01 9.922211269121e-04 7.876022117525e-03
2402 -7.735744608045e-01 1.194809635045e-03 1.142056051197e-02 -7.719545893669e-01 1.217642624032e-03 1.186122847887e-02 -7.740421463847e-01 1.048458912297e-03 8.794128726208e-03
2403 -7.730582023859e-01 1.140865772388e-03 1.041259768485e-02 -7.731936038733e-01 1.053958409408e-03 8.886626630098e-03 -7.730585461855e-01 1.066825442220e-03 9.104932193339e-03
2404 -7.709213023186e-01 1.228487414651e-03 1.207345062365e-02 -7.713665226698e-01 9.063596154482e-04 6.571902020124e-03 -7.721729289889e-01 1.171635835055e-03 1.098184423987e-02
2405 -7.747616868615e-01 1.286112234770e-03 1.323267744340e-02 -7.727807156444e-01 1.085149633035e-03 9.420397808603e-03 -7.738587772846e-01 1.025965886372e-03 8.420847999991e-03
2406 -7.742467344999e-01 1.385094504902e-03 1.534789430008e-02 -7.738832285404e-01 1.293312032107e-03 1.338124809913e-02 -7.730110112429e-01 9.852190711711e-04 7.765252945594e-03
2407 -7.723019133210e-01 9.489880491731e-04 7.204626539787e-03 -7.734937665462e-01 9.617297929533e-04 7.399393557232e-03 -7.730337896943e-01 1.129577635893e-03 1.020756508407e-02
2408 -7.723246333599e-01 1.014364500704e-03 8.231482722314e-03 -7.741041744351e-01 1.122267144772e-03 1.007586835389e-02 -7.745487779975e-01 1.090710020407e-03 9.517186788927e-03
2409 -7.729196314216e-01 9.476703664937e-04 7.184632988243e-03 -7.721910866499e-01 1.120045317164e-03 1.003601210000e-02 -7.734235135317e-01 1.166929454473e-03 1.089379481372e-02
2410 -7.710168517232e-01 1.084409815665e-03 9.407557186488e-03 -7.744066125154e-01 1.087837069832e-03 9.467115924011e-03 -7.750776758194e-01 1.330448409627e-03 1.416074376544e-02
2411 -7.733708936572e-01 1.074836743830e-03 9.242192207101e-03 -7.711122277975e-01 8.781910331844e-04 6.169755926123e-03 -7.713485132456e-01 9.753911862299e-04 7.611103729400e-03
2412 -7.738745964170e-01 1.137408521824e-03 1.034958516414e-02 -7.724986448884e-01 9.687987971339e-04 7.508568874625e-03 -7.719519398212e-01 1.049278340553e-03 8.807880287622e-03
2413 -7.722046955824e-01 1.058303487541e-03 8.960050173925e-03 -7.756668110490e-01 1.405008736162e-03 1.579239638953e-02 -7.717644860148e-01 1.094593295907e-03 9.585075867565e-03
2414 -7.753029803038e-01 1.258213221652e-03 1.266480408912e-02 -7.736127282977e-01 1.048445232856e-03 8.793899250382e-03 -7.731160017848e-01 1.320463768513e-03 1.394899651163e-02
2415 -7.726034872532e-01 9.750547867308e-04 7.605854697013e-03 -7.739692861438e-01 1.053881722989e-03 8.885333488410e-03 -7.702891946435e-01 9.778859485035e-04 7.650087426244e-03
2416 -7.730794124007e-01 1.070192188618e-03 9.162490564637e-03 -7.736858989596e-01 1.025126968504e-03 8.407082412426e-03 -7.723584592342e-01 1.138963117391e-03 1.037789586222e-02
2417 -7.721030828953e-01 1.243715584921e-03 1.237462764941e-02 -7.730851964951e-01 1.202397766188e-03 1.156608310506e-02 -7.727850987315e-01 1.142925734562e-03 1.045023387779e-02
2418 -7.728889971375e-01 1.313859456025e-03 1.380981336150e-02 -7.720812636018e-01 9.765562193598e-04 7.629296396562e-03 -7.722447154522e-01 1.113964631955e-03 9.927337609968e-03
2419 -7.709684554338e-01 1.024245348695e-03 8.392628274592e-03 -7.753460723758e-01 1.391401744817e-03 1.548799052383e-02 -7.721518675089e-01 1.086153761932e-03 9.437839956478e-03
2420 -7.707435859442e-01 9.452342457368e-04 7.147742234509e-03 -7.724879232645e-01 1.173625530757e-03 1.101917509156e-02 -7.725122200847e-01 1.016392542423e-03 8.264430402349e-03
2421 -7.722327562571e-01 1.033315369258e-03 8.541925218764e-03 -7.734365768433e-01 1.101110783568e-03 9.699559661517e-03 -7.705044090152e-01 9.603501146583e-04 7.378178741794e-03
2422 -7.728191519976e-01 1.093106410563e-03 9.559052998503e-03 -7.744953957796e-01 1.056284212230e-03 8.925890696054e-03 -7.727475672960e-01 1.114286119699e-03 9.933068452423e-03
2423 -7.714670589566e-01 1.132575097518e-03 1.026181081215e-02 -7.746566282511e-01 1.200720104411e-03 1.153383015309e-02 -7.740553979278e-01 1.348498027794e-03 1.454757544771e-02
2424 -7.746211167574e-01 1.453832128707e-03 1.690902286768e-02 -7.727042997479e-01 9.912567869317e-04 7.860720141105e-03 -7.742532922029e-01 1.145604518761e-03 1.049927770724e-02
2425 -7.725673200488e-01 1.210021088399e-03 1.171320827496e-02 -7.720609804392e-01 9.750546163751e-04 7.605852039315e-03 -7.729017276764e-01 1.075996957662e-03 9.262155623181e-03
2426 -7.727166966796e-01 1.091094690867e-03 9.523900995505e-03 -7.737776286602e-01 1.014283048685e-03 8.230160822791e-03 -7.732872366905e-01 1.107596471961e-03 9.814159557602e-03
2427 -7.732191323638e-01 1.149463555217e-03 1.057013171818e-02 -7.746408637166e-01 1.343324640586e-03 1.443616872004e-02 -7.722658779025e-01 1.041269986346e-03 8.673945475715e-03
2428 -7.715241183043e-01 1.103555319757e-03 9.742674750109e-03 -7.724577152729e-01 1.131845446953e-03 1.024859292630e-02 -7.719080348611e-01 9.273026123178e-04 6.879121078492e-03
2429 -7.714752423167e-01 9.506271617644e-04 7.229536005474e-03 -7.717288277745e-01 9.889784501935e-04 7.824626999577e-03 -7.730687214732e-01 1.169240817256e-03 1.093699270990e-02
2430 -7.737939327955e-01 1.384289482961e-03 1.533005898109e-02 -7.719267951846e-01 9.643348011518e-04 7.439532869699e-03 -7.745284901261e-01 1.095509589707e-03 9.601130089115e-03
2431 -7.695398287773e-01 1.081046706151e-03 9.349295847038e-03 -7.725775321126e-01 1.075491007857e-03 9.253447263844e-03 -7.755063217282e-01 1.164608409066e-03 1.085050197173e-02
2432 -7.733993058801e-01 1.123845697635e-03 1.010423321675e-02 -7.744207208157e-01 1.445014946579e-03 1.670454556669e-02 -7.722180520892e-01 1.103191356403e-03 9.736249350736e-03
2433 -7.720338777304e-01 1.123704534628e-03 1.010169504915e-02 -7.738253529072e-01 1.339867088060e-03 1.436195050932e-02 -7.714759389758e-01 1.141371590622e-03 1.042183286303e-02
2434 -7.754253811240e-01 1.212408757677e-03 1.175947996554e-02 -7.717694662809e-01 1.113061515219e-03 9.911247493292e-03 -7.737837226987e-01 1.095901279039e-03 9.607996907193e-03
2435 -7.749545615911e-01 1.317473300904e-03 1.388588718876e-02 -7.725428057313e-01 9.360941644656e-04 7.010178277972e-03 -7.735606020689e-01 1.209611223064e-03 1.170527448771e-02
2436 -7.736854843497e-01 1.167482963774e-03 1.090413176562e-02 -7.712601808310e-01 1.087910425598e-03 9.468392752997e-03 -7.725349767208e-01 1.036018313674e-03 8.586671570143e-03
2437 -7.737128883600e-01 1.182635367043e-03 1.118901129105e-02 -7.731606425047e-01 1.201686403097e-03 1.155240169110e-02 -7.733066562414e-01 1.252738279915e-03 1.255482558372e-02
2438 -7.714447308183e-01 1.041967949451e-03 8.685577661462e-03 -7.745894006491e-01 1.274286437465e-03 1.299044739765e-02 -7.739160041809e-01 1.092528535565e-03 9.548948808185e-03
2439 -7.717866712213e-01 1.203721295926e-03 1.159155966612e-02 -7.736615334153e-01 1.090923959329e-03 9.520920680312e-03 -7.724816567302e-01 1.109662321180e-03 9.850803736368e-03
2440 -7.714138590097e-01 1.190504010008e-03 1.133839838277e-02 -7.726576238871e-01 9.372494778858e-04 7.027492670378e-03 -7.711416900754e-01 9.462383357003e-04 7.162935903591e-03
2441 -7.729889639616e-01 1.170911926824e-03 1.096827792304e-02 -7.723954638839e-01 1.129197485601e-03 1.020069569191e-02 -7.744580851793e-01 1.231678953778e-03 1.213626436143e-02
2442 -7.732388665676e-01 1.162744423150e-03 1.081579674853e-02 -7.705072057843e-01 9.642748501604e-04 7.438607893214e-03 -7.730502577424e-01 1.126471592474e-03 1.015150598921e-02
2443 -7.730558392406e-01 1.099129036990e-03 9.664677119630e-03 -7.727294320464e-01 1.085896863494e-03 9.433375985166e-03 -7.748467437625e-01 1.373534197333e-03 1.509276952994e-02
2444 -7.730783887506e-01 1.158539660946e-03 1.073771316788e-02 -7.739145114422e-01 1.301020293752e-03 1.354123043803e-02 -7.739458899498e-01 1.175117493153e-03 1.104720898171e-02
2445 -7.744153732061e-01 1.263246247828e-03 1.276632866122e-02 -7.725603928566e-01 1.251434526291e-03 1.252870698874e-02 -7.732139853239e-01 1.016207396966e-03 8.261419789189e-03
2446 -7.711575728655e-01 1.157275610483e-03 1.071429470895e-02 -7.737003354430e-01 1.161546212756e-03 1.079351683495e-02 -7.744581488371e-01 1.120322415557e-03 1.004097851839e-02
2447 -7.726070936918e-01 9.346210247422e-04 6.988131679121e-03 -7.731277716756e-01 9.676391944671e-04 7.490604885351e-03 -7.737858212590e-01 1.183936827715e-03 1.121365129616e-02
2448 -7.729062154889e-01 1.140539544612e-03 1.040664362260e-02 -7.743079917431e-01 1.066594190448e-03 9.100985336776e-03 -7.733970531821e-01 1.079316347531e-03 9.319390224375e-03
2449 -7.722269136310e-01 1.223942797096e-03 1.198428776451e-02 -7.732760491967e-01 1.091311091377e-03 9.527679185300e-03 -7.715029307008e-01 9.274335523411e-04 6.881063952064e-03
2450 -7.747888943553e-01 1.283396829021e-03 1.317685936593e-02 -7.727997814417e-01 1.067727726182e-03 9.120339978054e-03 -7.738124256730e-01 1.397720078154e-03 1.562897133501e-02
2451 -7.730558249354e-01 1.046764215922e-03 8.765722589886e-03 -7.737116776109e-01 1.332619179161e-03 1.420699101334e-02 -7.727671281099e-01 1.028773135098e-03 8.466993307993e-03
2452 -7.730885098577e-01 1.113364681985e-03 9.916647320730e-03 -7.746138728857e-01 1.218135093864e-03 1.187082485522e-02 -7.730129439831e-01 1.153465176073e-03 1.064385529930e-02
2453 -7.715800976753e-01 1.106981815372e-03 9.803269916508e-03 -7.730424278378e-01 1.204794639285e-03 1.161224098280e-02 -7.718836940527e-01 9.369630393167e-04 7.023197896365e-03
2454 -7.733354330063e-01 1.250237695112e-03 1.250475435423e-02 -7.723449759483e-01 1.027202069101e-03 8.441152726125e-03 -7.731441916823e-01 1.262502100855e-03 1.275129243731e-02
2455 -7.725562670827e-01 1.047860155700e-03 8.784087247221e-03 -7.742960636616e-01 9.606567676824e-04 7.382891402352e-03 -7.750455217361e-01 1.157060258078e-03 1.071030752659e-02
2456 -7.712471746206e-01 1.028228402595e-03 8.458029183230e-03 -7.736582284570e-01 1.137262407168e-03 1.034692626206e-02 -7.711930549741e-01 8.998653565662e-04 6.478061279584e-03
2457 -7.749301394820e-01 1.303470006675e-03 1.359227246641e-02 -7.726859770417e-01 9.816787714753e-04 7.709545682921e-03 -7.722691824436e-01 1.119849196160e-03 1.003249777712e-02
2458 -7.728519878387e-01 1.218115032077e-03 1.187043385097e-02 -7.730632675290e-01 1.166782617954e-03 1.089105342047e-02 -7.730027660728e-01 1.123085656841e-03 1.009057114082e-02
2459 -7.713528869152e-01 1.258688825131e-03 1.267438046808e-02 -7.723744900227e-01 9.883154099441e-04 7.814138796264e-03 -7.722925246954e-01 1.230420306092e-03 1.211147303716e-02
2460 -7.736533228755e-01 1.214312514728e-03 1.179643906741e-02 -7.723092918396e-01 1.075242127314e-03 9.249165058801e-03 -7.723515892625e-01 1.046793984425e-03 8.766221166634e-03
2461 -7.733226864338e-01 1.048408498727e-03 8.793283041626e-03 -7.728711983562e-01 1.138826968363e-03 1.037541491097e-02 -7.724062002897e-01 1.086947373027e-03 9.451636733851e-03
2462 -7.711842978597e-01 9.692680752938e-04 7.515844814270e-03 -7.723809834719e-01 9.418641083867e-04 7.096863989336e-03 -7.734655427337e-01 1.161720676818e-03 1.079675944757e-02
2463 -7.735972034335e-01 1.193319904157e-03 1.139209914927e-02 -7.716211809516e-01 1.170778288408e-03 1.096577440485e-02 -7.742658195496e-01 1.125630147454e-03 1.013634583085e-02
2464 -7.724096335769e-01 1.236776684661e-03 1.223693254176e-02 -7.724503977895e-01 1.047822948010e-03 8.783463443007e-03 -7.729126877785e-01 1.076627698172e-03 9.273017603770e-03
2465 -7.728168988824e-01 1.135449655131e-03 1.031396735470e-02 -7.728646415472e-01 9.660830739240e-04 7.466532045779e-03 -7.724937983751e-01 1.114163860596e-03 9.930888866069e-03
2466 -7.726987648606e-01 1.007047632924e-03 8.113159479822e-03 -7.725604700446e-01 1.250506896720e-03 1.251013998995e-02 -7.708796948791e-01 8.686669198759e-04 6.036657741493e-03
2467 -7.738957885504e-01 1.267338025513e-03 1.284916536729e-02 -7.737192113996e-01 1.223813686317e-03 1.198175951053e-02 -7.725083054304e-01 1.024602164778e-03 8.398476768550e-03
2468 -7.731340937018e-01 1.025003817058e-03 8.405062599872e-03 -7.737095582485e-01 1.135815802725e-03 1.032062030175e-02 -7.730829365253e-01 1.255638101002e-03 1.261301632550e-02
2469 -7.728286759257e-01 1.203833166688e-03 1.159371434575e-02 -7.734108616114e-01 1.040109204612e-03 8.654617260157e-03 -7.742928583026e-01 1.295389703276e-03 1.342427586683e-02
2470 -7.746614158750e-01 1.257512712927e-03 1.265070578539e-02 -7.719557000399e-01 9.139037670356e-04 6.681760763215e-03 -7.720142524242e-01 1.037554293335e-03 8.612151292941e-03
2471 -7.716120973229e-01 1.024678422627e-03 8.399726958387e-03 -7.712744790316e-01 9.737214925386e-04 7.585068360252e-03 -7.722870375514e-01 9.624267913736e-04 7.410122630029e-03
2472 -7.725172317028e-01 9.961977133954e-04 7.939279073394e-03 -7.726463312507e-01 1.081132903256e-03 9.350786836019e-03 -7.718883711100e-01 1.072235880935e-03 9.197518274910e-03
2473 -7.735835614204e-01 1.218186796365e-03 1.187183256671e-02 -7.744221840501e-01 1.256643635288e-03 1.263322580888e-02 -7.711885815859e-01 1.057610942878e-03 8.948327251968e-03
2474 -7.717500296831e-01 8.919199121014e-04 6.364169036824e-03 -7.739076704979e-01 1.087031311513e-03 9.453096577678e-03 -7.730491628051e-01 1.047743304475e-03 8.782128256583e-03
2475 -7.742203125358e-01 1.141248651881e-03 1.041958788336e-02 -7.741548682451e-01 1.198287796165e-03 1.148714913950e-02 -7.732684675455e-01 1.057104996022e-03 8.939767780926e-03
2476 -7.713473190069e-01 1.136700134127e-03 1.033669755940e-02 -7.711973855495e-01 9.577705115911e-04 7.338594822987e-03 -7.733653492928e-01 1.097772906819e-03 9.640842839561e-03
2477 -7.696236058474e-01 9.727585126358e-04 7.570072991243e-03 -7.723834988475e-01 1.072699607934e-03 9.205475590888e-03 -7.732851285934e-01 1.198355764827e-03 1.148845231276e-02
2478 -7.723366514444e-01 1.197799607229e-03 1.147779119262e-02 -7.731188948750e-01 1.114878545719e-03 9.943633373638e-03 -7.725504591465e-01 1.030588892891e-03 8.496907729205e-03
2479 -7.734210401177e-01 1.080103234172e-03 9.332983971746e-03 -7.717316194177e-01 1.072288468619e-03 9.198420479462e-03 -7.761158902049e-01 1.147933090899e-03 1.054200304945e-02
2480 -7.729757078886e-01 1.122355965984e-03 1.007746331504e-02 -7.727971468568e-01 1.105083595784e-03 9.769678029373e-03 -7.751798110604e-01 1.101288828752e-03 9.702696674676e-03
2481 -7.723616321087e-01 1.167637852291e-03 1.090702523283e-02 -7.724730450511e-01 1.101041160262e-03 9.698333092733e-03 -7.737563934922e-01 1.120019279538e-03 1.003554549230e-02
2482 -7.733874744773e-01 9.883302446665e-04 7.814373380181e-03 -7.733310064673e-01 1.061034951393e-03 9.006361344617e-03 -7.712551454902e-01 9.709176435240e-04 7.541448564050e-03
2483 -7.719967225790e-01 1.084490333332e-03 9.408954264718e-03 -7.743677238822e-01 1.145191090082e-03 1.049170106242e-02 -7.715603913665e-01 9.499202147783e-04 7.218787315556e-03
2484 -7.722495844364e-01 9.729541988293e-04 7.573118984157e-03 -7.718946248889e-01 1.003721649636e-03 8.059657199589e-03 -7.722517277002e-01 1.036646786436e-03 8.597092478630e-03
2485 -7.718183883429e-01 9.632283735451e-04 7.422471196818e-03 -7.759490392208e-01 1.177198136046e-03 1.108636361208e-02 -7.716435121894e-01 1.073694535632e-03 9.222559646768e-03
2486 -7.731892874241e-01 1.320806541512e-03 1.395623936080e-02 -7.731239110231e-01 1.169280266563e-03 1.093773073419e-02 -7.736652575731e-01 1.165024628262e-03 1.085825907565e-02
2487 -7.696153048873e-01 9.852051306001e-04 7.765033194886e-03 -7.736743717790e-01 1.159650862922e-03 1.075832099100e-02 -7.714643389583e-01 1.130273228238e-03 1.022014056377e-02
2488 -7.731784956455e-01 1.150856329005e-03 1.059576232009e-02 -7.743813114762e-01 1.090613989339e-03 9.515510989941e-03 -7.727424211502e-01 1.100369317160e-03 9.686501073179e-03
2489 -7.727412424684e-01 1.107173910081e-03 9.806672537316e-03 -7.734871073961e-01 1.035837279337e-03 8.583670954111e-03 -7.695994542837e-01 1.077558554218e-03 9.289059502154e-03
2490 -7.719047939777e-01 1.039253359433e-03 8.640380360748e-03 -7.725316523314e-01 1.081263086708e-03 9.353038901425e-03 -7.726930126548e-01 1.091859170022e-03 9.537251577288e-03
2491 -7.714117488265e-01 1.084383941153e-03 9.407108254651e-03 -7.730148667693e-01 1.011353229521e-03 8.182682838904e-03 -7.727568911910e-01 1.082434455639e-03 9.373314806042e-03
2492 -7.712068666220e-01 1.005625456764e-03 8.090260474335e-03 -7.727334861159e-01 9.477473898864e-04 7.185800920292e-03 -7.746894941926e-01 1.270173626420e-03 1.290672833002e-02
2493 -7.713130428791e-01 1.105436107279e-03 9.775911898204e-03 -7.726704163551e-01 8.925601482134e-04 6.373308945430e-03 -7.731347915530e-01 1.069406875502e-03 9.149048522976e-03
2494 -7.707073780298e-01 1.141276743458e-03 1.042010084126e-02 -7.735798804164e-01 1.152926932657e-03 1.063392409636e-02 -7.719254726171e-01 1.005443289662e-03 8.087329669818e-03
2495 -7.733461941481e-01 1.223329638142e-03 1.197228322845e-02 -7.719027189016e-01 8.766173181396e-04 6.147663379698e-03 -7.735076755285e-01 1.065322901693e-03 9.079303078977e-03
2496 -7.719903057814e-01 1.102782731557e-03 9.729038024155e-03 -7.732529271245e-01 1.049195445084e-03 8.806488655877e-03 -7.730269209743e-01 1.020875527853e-03 8.337494746947e-03
2497 -7.717919920087e-01 1.051980209668e-03 8.853298892258e-03 -7.721057372689e-01 1.033991365381e-03 8.553105149463e-03 -7.717772973776e-01 1.026529786413e-03 8.430107219147e-03
2498 -7.755158199072e-01 1.199930684529e-03 1.151866918139e-02 -7.747382110953e-01 1.360267547059e-03 1.480262239666e-02 -7.749186831117e-01 1.358869781874e-03 1.477221667271e-02
2499 -7.737399039865e-01 1.197726959863e-03 1.147639896306e-02 -7.709387890697e-01 9.680234123969e-04 7.496554615589e-03 -7.706786152124e-01 9.712877945993e-04 7.547199839501e-03
2500 -7.731854212880e-01 1.024643118057e-03 8.399148155060e-03 -7.728121965528e-01 9.992474726011e-04 7.987964091997e-03 -7.730756341219e-01 9.739723769868e-04 7.588977529066e-03
2501 -7.714965116382e-01 1.088936511608e-03 9.486261810506e-03 -7.731155059934e-01 1.014946423196e-03 8.240929935675e-03 -7.730727783442e-01 1.160735062235e-03 1.077844707762e-02
2502 -7.719881452322e-01 1.016889277889e-03 8.272510427878e-03 -7.749847458005e-01 1.261425260945e-03 1.272954951161e-02 -7.720669481158e-01 1.026472506434e-03 8.429166451727e-03
2503 -7.709541587234e-01 1.069418082436e-03 9.149240280335e-03 -7.724746479988e-01 1.040192382325e-03 8.656001537972e-03 -7.707811374664e-01 1.002325235707e-03 8.037247025083e-03
2504 -7.723602803946e-01 1.224808389772e-03 1.200124473326e-02 -7.740727693439e-01 1.177238045975e-03 1.108711533513e-02 -7.742316992879e-01 1.356971776539e-03 1.473097921858e-02
2505 -7.698406086564e-01 1.080237360410e-03 9.335302038607e-03 -7.733340638876e-01 1.094090592689e-03 9.576273800081e-03 -7.711061517596e-01 1.067346546300e-03 9.113829199191e-03
2506 -7.699981292486e-01 1.037752841171e-03 8.615447674865e-03 -7.732909902930e-01 9.703672132266e-04 7.532900228042e-03 -7.730474952459e-01 1.116166897453e-03 9.966628343751e-03
2507 -7.721590867043e-01 1.412663505923e-03 1.596494544774e-02 -7.730359720588e-01 1.130983482674e-03 1.023298910465e-02 -7.747486869097e-01 1.012696136397e-03 8.204427717393e-03
2508 -7.717330220342e-01 9.843257854550e-04 7.751178015293e-03 -7.727122092843e-01 1.102496131525e-03 9.723981760222e-03 -7.724094727039e-01 1.019358338805e-03 8.312731383123e-03
2509 -7.725755571127e-01 1.113024870937e-03 9.910594906598e-03 -7.725286522508e-01 1.068699783027e-03 9.136953809932e-03 -7.713464668393e-01 1.028908554826e-03 8.469222513555e-03
2510 -7.736570683122e-01 1.227623725581e-03 1.205648009287e-02 -7.714023430347e-01 9.639689881524e-04 7.433889680956e-03 -7.737402170300e-01 1.213445244793e-03 1.177959489689e-02
2511 -7.729964145422e-01 9.418337644218e-04 7.096406718440e-03 -7.707093423009e-01 9.618174864671e-04 7.400743018191e-03 -7.721206643581e-01 1.004968711200e-03 8.079696883923e-03
2512 -7.740477532744e-01 1.118564363998e-03 1.000948989125e-02 -7.731971099973e-01 1.048391282923e-03 8.792994256879e-03 -7.720302903056e-01 1.079828422487e-03 9.328235376092e-03
2513 -7.729920140505e-01 1.126905185535e-03 1.015932237748e-02 -7.741132498384e-01 1.329889677667e-03 1.414885243813e-02 -7.719536935091e-01 1.114773022578e-03 9.941751134950e-03
2514 -7.723604222536e-01 1.092904540323e-03 9.555522674070e-03 -7.726656274199e-01 1.196738691689e-03 1.145746796948e-02 -7.751695557237e-01 1.312764391310e-03 1.378680277672e-02
2515 -7.711690585017e-01 1.104638121367e-03 9.761803033410e-03 -7.743159127235e-01 1.013425637282e-03 8.216252178401e-03 -7.716398378015e-01 1.059699464519e-03 8.983703640817e-03
2516 -7.730445684791e-01 1.193754054159e-03 1.140038993457e-02 -7.727761826515e-01 1.138783732206e-03 1.037462710990e-02 -7.724995515347e-01 1.113232865874e-03 9.914299309300e-03
2517 -7.703756790757e-01 8.895514311275e-04 6.330413988968e-03 -7.724211732745e-01 1.159675587547e-03 1.075877974682e-02 -7.725488513708e-01 1.200842494947e-03 1.153618158137e-02
2518 -7.727641443014e-01 1.019905391630e-03 8.321656063012e-03 -7.732932524681e-01 1.017387005579e-03 8.280610552969e-03 -7.731825401187e-01 1.128343283152e-03 1.018526851708e-02
2519 -7.705504109263e-01 1.150264297130e-03 1.058486362601e-02 -7.728518503308e-01 1.064587735678e-03 9.066776375649e-03 -7.732507654428e-01 1.087202390041e-03 9.456072295294e-03
2520 -7.714017714262e-01 9.793614587543e-04 7.673190935147e-03 -7.713429493904e-01 8.940670734528e-04 6.394847454660e-03 -7.743224224448e-01 1.011806358645e-03 8.190016859158e-03
2521 -7.725841738582e-01 1.309661029323e-03 1.372169609381e-02 -7.713589696288e-01 9.390636492317e-04 7.054724298468e-03 -7.719360330105e-01 9.804163472558e-04 7.689729711732e-03
2522 -7.746443982124e-01 1.383068990203e-03 1.530303865328e-02 -7.722614604235e-01 9.687663280506e-04 7.508065586917e-03 -7.736008970141e-01 1.314981814933e-03 1.383341738884e-02
2523 -7.728872563839e-01 1.266145823998e-03 1.282500198103e-02 -7.723776541352e-01 1.144683571077e-03 1.048240382315e-02 -7.739813525081e-01 1.047533040510e-03 8.778603767674e-03
2524 -7.721584926248e-01 1.109595331778e-03 9.849614402421e-03 -7.728779889345e-01 1.200727909279e-03 1.153398009697e-02 -7.717795109749e-01 1.042345250618e-03 8.691868971893e-03
2525 -7.704024985433e-01 1.068776000926e-03 9.138257121246e-03 -7.729308406115e-01 1.138109963257e-03 1.036235430773e-02 -7.743407846093e-01 1.190874081926e-03 1.134544863203e-02
2526 -7.716518024206e-01 1.037226066694e-03 8.606703307442e-03 -7.721716598868e-01 1.084887625282e-03 9.415849275917e-03 -7.718425689340e-01 1.179987122294e-03 1.113895687023e-02
2527 -7.734201726913e-01 1.192921373117e-03 1.138449121952e-02 -7.710336146355e-01 1.086091338049e-03 9.436755156679e-03 -7.736871795058e-01 1.071784057606e-03 9.189768529104e-03
2528 -7.739019819498e-01 1.238043095009e-03 1.226200564080e-02 -7.737292459607e-01 1.197625840432e-03 1.147446122937e-02 -7.743688036203e-01 1.185238333980e-03 1.123831926668e-02
2529 -7.706970337629e-01 1.043711397544e-03 8.714667850901e-03 -7.720981920362e-01 9.539616332761e-04 7.280342382103e-03 -7.741859011650e-01 1.175898496214e-03 1.106189818719e-02
2530 -7.723425309062e-01 1.107305822486e-03 9.809009476089e-03 -7.751467865109e-01 1.188998370356e-03 1.130973699767e-02 -7.736846630573e-01 9.659525189728e-04 7.464514151279e-03
2531 -7.730921632648e-01 1.118588321395e-03 1.000991866209e-02 -7.722059794068e-01 1.062890829958e-03 9.037895331273e-03 -7.738094661236e-01 9.319903915461e-04 6.948848719475e-03
2532 -7.715799468160e-01 1.106462158984e-03 9.794068074114e-03 -7.720042850375e-01 1.083398486703e-03 9.390018247917e-03 -7.727843656540e-01 1.077774739524e-03 9.292787113243e-03
2533 -7.711821140647e-01 9.887981750206e-04 7.821774647393e-03 -7.746782353520e-01 1.170600422025e-03 1.096244278437e-02 -7.714867632389e-01 1.113667486952e-03 9.922042171950e-03
2534 -7.715637290478e-01 1.170251977523e-03 1.095591752717e-02 -7.718335673213e-01 9.403070886490e-04 7.073419367708e-03 -7.722215330601e-01 1.037323396693e-03 8.608318634620e-03
2535 -7.725240758657e-01 1.128777043034e-03 1.019310090305e-02 -7.728766929507e-01 9.925786706472e-04 7.881699339390e-03 -7.714403167963e-01 9.838927340975e-04 7.744359297679e-03
2536 -7.720732494593e-01 1.154416885081e-03 1.066142675648e-02 -7.722561432123e-01 1.007990050594e-03 8.128351536764e-03 -7.724737122059e-01 1.086879379041e-03 9.450454276673e-03
2537 -7.732699286938e-01 1.136188909837e-03 1.032740191069e-02 -7.725379235148e-01 1.095998906220e-03 9.609708819482e-03 -7.716913154721e-01 1.023162349704e-03 8.374889550809e-03
2538 -7.730904917717e-01 1.235587822434e-03 1.221341813558e-02 -7.728247642517e-01 8.706801404356e-04 6.064671255592e-03 -7.736593091488e-01 1.207053216917e-03 1.165581974776e-02
2539 -7.709951353669e-01 1.011908200977e-03 8.191665657642e-03 -7.737174823880e-01 1.214186550637e-03 1.179399183798e-02 -7.734320637584e-01 1.119218107672e-03 1.002119338033e-02
2540 -7.729964113235e-01 1.238561077648e-03 1.227226834451e-02 -7.745038923025e-01 1.200427539691e-03 1.152821022438e-02 -7.720417324901e-01 1.067393084770e-03 9.114623979314e-03
2541 -7.715664075613e-01 9.882445383120e-04 7.813018140028e-03 -7.715097201467e-01 1.081852367774e-03 9.363236365273e-03 -7.720394737720e-01 1.031578706810e-03 8.513237026758e-03
2542 -7.722099127769e-01 1.080023622773e-03 9.331608205978e-03 -7.742659484744e-01 1.115074014032e-03 9.947120454148e-03 -7.717813765407e-01 9.867063986994e-04 7.788716137875e-03
2543 -7.727896322012e-01 1.048229180545e-03 8.790275319568e-03 -7.735537533164e-01 1.011171104979e-03 8.179736028352e-03 -7.723412399888e-01 1.031514346980e-03 8.512174784197e-03
2544 -7.738174561262e-01 1.069436273343e-03 9.149551541928e-03 -7.730668181777e-01 1.080662332403e-03 9.342648613396e-03 -7.732368975282e-01 1.050864378813e-03 8.834527541271e-03
2545 -7.722344004512e-01 1.141915728507e-03 1.043177224809e-02 -7.733352496624e-01 1.112195507259e-03 9.895830770929e-03 -7.722687139511e-01 9.949080810458e-04 7.918736717842e-03
2546 -7.720630011559e-01 1.141798760302e-03 1.042963527222e-02 -7.727900228500e-01 1.133173141189e-03 1.027265094330e-02 -7.749867733121e-01 1.219457155939e-03 1.189660604136e-02
2547 -7.726712358594e-01 1.128178100172e-03 1.018228660566e-02 -7.725037407279e-01 1.036162667124e-03 8.589064581934e-03 -7.727990133762e-01 1.047853913871e-03 8.783982598511e-03
2548 -7.732808678746e-01 1.079491209289e-03 9.322410167456e-03 -7.723335156441e-01 9.450667414175e-04 7.145209165868e-03 -7.710745602250e-01 1.008729208727e-03 8.140276932318e-03
2549 -7.725282269716e-01 1.165074454863e-03 1.085918788300e-02 -7.720232182741e-01 8.557079180163e-04 5.857888327646e-03 -7.717984829545e-01 1.086772589802e-03 9.448597295561e-03
2550 -7.725559454560e-01 9.751482393588e-04 7.607312709797e-03 -7.714545044303e-01 1.176694684396e-03 1.107688304228e-02 -7.741587092876e-01 1.179817299089e-03 1.113575087384e-02
2551 -7.715561093688e-01 1.077795555167e-03 9.293146069894e-03 -7.723272777796e-01 1.111143505206e-03 9.877119113287e-03 -7.725124539733e-01 1.179730484362e-03 1.113411212585e-02
2552 -7.727909849286e-01 1.183282614174e-03 1.120126196005e-02 -7.718262190819e-01 1.037040833215e-03 8.603629518035e-03 -7.746930339932e-01 1.083670998895e-03 9.394742670763e-03
2553 -7.720143957138e-01 1.090010294189e-03 9.504979531500e-03 -7.732188655734e-01 1.121378378861e-03 1.005991574861e-02 -7.716837368608e-01 1.042440889406e-03 8.693464063243e-03
2554 -7.715206180811e-01 1.119952856817e-03 1.003435521194e-02 -7.730199391842e-01 1.006823981413e-03 8.109556236388e-03 -7.736325098872e-01 9.407401330721e-04 7.079935983780e-03
2555 -7.725378533602e-01 1.120981499768e-03 1.005279618258e-02 -7.735658789873e-01 8.783598279568e-04 6.172127898946e-03 -7.728895854950e-01 1.007013977235e-03 8.112617202771e-03
2556 -7.719503177404e-01 1.189031463783e-03 1.131036657492e-02 -7.746007684469e-01 1.114118190399e-03 9.930074737420e-03 -7.740881394148e-01 1.243163346011e-03 1.236364083892e-02
2557 -7.717523592710e-01 1.156336309180e-03 1.069690927942e-02 -7.721404928565e-01 1.092520310188e-03 9.548805025384e-03 -7.713172747493e-01 9.400753627384e-04 7.069933501022e-03
2558 -7.738939295411e-01 1.261659398427e-03 1.273427550111e-02 -7.722655088902e-01 1.051990023844e-03 8.853464082132e-03 -7.729130655527e-01 9.720843947281e-04 7.559584563791e-03
2559 -7.713842157125e-01 1.089902013358e-03 9.503091189766e-03 -7.733428903222e-01 1.380748371286e-03 1.525172851847e-02 -7.730397170186e-01 1.070106052631e-03 9.161015711015e-03
2560 -7.708248197436e-01 1.032001932529e-03 8.520223909945e-03 -7.731280628443e-01 1.274405529048e-03 1.299287561974e-02 -7.738684356809e-01 1.087059699718e-03 9.453590326010e-03
2561 -7.716415246129e-01 9.385706222421e-04 7.047318503488e-03 -7.751516174078e-01 1.012292866547e-03 8.197894781288e-03 -7.722951863408e-01 1.029741828680e-03 8.482945869874e-03
2562 -7.719820604324e-01 1.161584285800e-03 1.079422442414e-02 -7.732644388080e-01 1.066962456114e-03 9.107271062062e-03 -7.725193582177e-01 1.049684006126e-03 8.814692101739e-03
2563 -7.727435984612e-01 1.282783045263e-03 1.316425872972e-02 -7.727303461432e-01 9.498822356359e-04 7.218210092613e-03 -7.741022565365e-01 1.310061974227e-03 1.373009901053e-02
2564 -7.717468861938e-01 1.174867428364e-03 1.104250779385e-02 -7.728415811062e-01 1.133417694578e-03 1.027708536305e-02 -7.742602731586e-01 1.210473733413e-03 1.172197327425e-02
2565 -7.721553058624e-01 1.078316370982e-03 9.302129567414e-03 -7.753241709471e-01 1.221510835011e-03 1.193670976040e-02 -7.745275688767e-01 1.063015603182e-03 9.040017380860e-03
2566 -7.729855803251e-01 1.139181366302e-03 1.038187348264e-02 -7.756287624836e-01 1.223708010493e-03 1.197969035956e-02 -7.727512910366e-01 1.093888266640e-03 9.572732319145e-03
2567 -7.715553972125e-01 1.058433454630e-03 8.962251023036e-03 -7.727750505805e-01 1.014574089253e-03 8.234884660665e-03 -7.712017625570e-01 1.008339252328e-03 8.133984382281e-03
2568 -7.720473045707e-01 1.215893598742e-03 1.182717794770e-02 -7.733031952381e-01 1.151016033756e-03 1.059870327971e-02 -7.717590493560e-01 1.175853967926e-03 1.106106043110e-02
2569 -7.708081399798e-01 1.126202068097e-03 1.014664878549e-02 -7.721417152882e-01 1.193804936385e-03 1.140136180911e-02 -7.720829050541e-01 1.084431980289e-03 9.407941758989e-03
2570 -7.721716802716e-01 1.153121818457e-03 1.063751942562e-02 -7.725715999603e-01 1.128251682763e-03 1.018361487726e-02 -7.717383618355e-01 1.156636876548e-03 1.070247091353e-02
2571 -7.744683095813e-01 1.278562674833e-03 1.307778010780e-02 -7.731428812742e-01 9.847192922372e-04 7.757376676032e-03 -7.729902547002e-01 1.072790421757e-03 9.207034312105e-03
2572 -7.721701700091e-01 1.132022033619e-03 1.025179107679e-02 -7.725275168419e-01 1.011381269110e-03 8.183136572058e-03 -7.726527854204e-01 1.133295094760e-03 1.027486217445e-02
2573 -7.717081229091e-01 1.127352065895e-03 1.016738144382e-02 -7.742391463518e-01 1.092549189101e-03 9.549309844845e-03 -7.725334991217e-01 1.061357553460e-03 9.011838850284e-03
2574 -7.722354318500e-01 1.051644143339e-03 8.847643233753e-03 -7.729518802166e-01 1.042511602883e-03 8.694643537173e-03 -7.728394330144e-01 1.074725407750e-03 9.240277616502e-03
2575 -7.738333355784e-01 1.171783054404e-03 1.098460421271e-02 -7.769079670906e-01 1.226808029091e-03 1.204046352193e-02 -7.719448937774e-01 8.904539053448e-04 6.343265260350e-03
2576 -7.721716775298e-01 1.119743686171e-03 1.003060738175e-02 -7.734028476477e-01 1.107622057899e-03 9.814612985147e-03 -7.754764748812e-01 1.171067830181e-03 1.097119890308e-02
2577 -7.732413440943e-01 1.234322452812e-03 1.218841534013e-02 -7.742049262524e-01 1.207734298130e-03 1.166897707903e-02 -7.721794302464e-01 1.133026527464e-03 1.026999289550e-02
2578 -7.713253628612e-01 9.046931011613e-04 6.547756858311e-03 -7.726643375754e-01 1.147345685358e-03 1.053121697368e-02 -7.713502771854e-01 1.058942325426e-03 8.970870788631e-03
2579 -7.736506155729e-01 1.100957819802e-03 9.696864967867e-03 -7.722764966488e-01 1.084340645259e-03 9.406357079687e-03 -7.742264220715e-01 1.142214861925e-03 1.043723832642e-02
2580 -7.727103560567e-01 1.096036830065e-03 9.610373862870e-03 -7.733803400397e-01 1.131333551507e-03 1.023932483812e-02 -7.737742544413e-01 1.269209595283e-03 1.288714397406e-02
2581 -7.715858792663e-01 1.152270199687e-03 1.062181290470e-02 -7.748069665432e-01 1.342255194569e-03 1.441319205878e-02 -7.738157650232e-01 1.035382742693e-03 8.576139390937e-03
2582 -7.718914541602e-01 1.180687072584e-03 1.115217570693e-02 -7.735127310753e-01 1.019706396915e-03 8.318409087280e-03 -7.715327620506e-01 9.329399347039e-04 6.963015374122e-03
2583 -7.721087477207e-01 1.203552931616e-03 1.158831727361e-02 -7.739079721570e-01 1.117102472286e-03 9.983343468694e-03 -7.729805946946e-01 9.658331134297e-04 7.462668823978e-03
2584 -7.730058596730e-01 1.107785512170e-03 9.817509927792e-03 -7.747615500093e-01 1.105015508219e-03 9.768474187228e-03 -7.727976509333e-01 1.143581141074e-03 1.046222260976e-02
2585 -7.719470717907e-01 1.007195725113e-03 8.115545829490e-03 -7.745676075220e-01 1.093375601380e-03 9.563761645540e-03 -7.730289041996e-01 1.116502957708e-03 9.972630836566e-03
2586 -7.728903498650e-01 1.258936367883e-03 1.267936622704e-02 -7.741265180111e-01 1.194842150660e-03 1.142118211994e-02 -7.744908723235e-01 1.190379727568e-03 1.133603116643e-02
2587 -7.721373998523e-01 1.119365942469e-03 1.002384090528e-02 -7.745496484637e-01 1.093225125342e-03 9.561129397428e-03 -7.732453547716e-01 9.308710674235e-04 6.932167553329e-03
2588 -7.731042128801e-01 1.118914801955e-03 1.001576267228e-02 -7.752641655803e-01 1.144139825027e-03 1.047244751370e-02 -7.733897169828e-01 1.123792118286e-03 1.010326980098e-02
2589 -7.713230646253e-01 1.048522665047e-03 8.795198232933e-03 -7.729113501906e-01 1.075578626802e-03 9.254955059463e-03 -7.752305043936e-01 1.259135067702e-03 1.268336894974e-02
2590 -7.725574122071e-01 1.221323340982e-03 1.193304562583e-02 -7.729516193867e-01 1.157718020766e-03 1.072248812486e-02 -7.730661147237e-01 1.172293360797e-03 1.099417379015e-02
2591 -7.726289710402e-01 1.098635373468e-03 9.655997470686e-03 -7.730933268070e-01 1.105110952503e-03 9.770161738731e-03 -7.740276910067e-01 1.114686181881e-03 9.940202272608e-03
2592 -7.729353833795e-01 1.223297149359e-03 1.197164732505e-02 -7.716747359633e-01 9.077963805068e-04 6.592754147690e-03 -7.718148744702e-01 1.156530596110e-03 1.070050415790e-02
2593 -7.767132600546e-01 1.354610124319e-03 1.467974871127e-02 -7.737452082634e-01 1.030347024162e-03 8.492919921601e-03 -7.721887983680e-01 1.105681421642e-03 9.780251249313e-03
2594 -7.712249152660e-01 1.089624856022e-03 9.498258614885e-03 -7.714371252060e-01 9.452107658239e-04 7.147387134635e-03 -7.733969658017e-01 1.149537622717e-03 1.057149396834e-02
2595 -7.713587598801e-01 9.899838505610e-04 7.840544194972e-03 -7.720072110891e-01 1.434181103540e-03 1.645500350202e-02 -7.715405364037e-01 1.048346903082e-03 8.792249833609e-03
2596 -7.729255758524e-01 9.218686014851e-04 6.798733747233e-03 -7.726157906651e-01 1.098445140228e-03 9.652653808724e-03 -7.732090646625e-01 9.183791001293e-04 6.747361372434e-03
2597 -7.724349160790e-01 1.048034726729e-03 8.787014307440e-03 -7.726882228851e-01 1.054750701700e-03 8.899992341894e-03 -7.726651096940e-01 1.211685139739e-03 1.174544702292e-02
2598 -7.716165734529e-01 1.146714805740e-03 1.051963876563e-02 -7.739574407339e-01 1.153729764787e-03 1.064873896124e-02 -7.721345782876e-01 1.065651920782e-03 9.084912130132e-03
2599 -7.704652174711e-01 8.845601607998e-04 6.259573424593e-03 -7.738144196272e-01 1.197569792282e-03 1.147338725910e-02 -7.729941647649e-01 9.730396305588e-04 7.574448981104e-03
2600 -7.718065478802e-01 1.242295316349e-03 1.234638122419e-02 -7.725141091347e-01 1.118582574150e-03 1.000981580154e-02 -7.719979626536e-01 1.019264208235e-03 8.311196209510e-03
2601 -7.723134210110e-01 1.199221470108e-03 1.150505707495e-02 -7.733742687702e-01 1.049691955130e-03 8.814825605322e-03 -7.727232990265e-01 1.133548905750e-03 1.027946497382e-02
2602 -7.696931847334e-01 9.227422589636e-04 6.811626211817e-03 -7.729682940245e-01 1.181814073229e-03 1.117347602947e-02 -7.740082832575e-01 9.985817109084e-04 7.977323466886e-03
2603 -7.700663413405e-01 9.179973984572e-04 6.741753788593e-03 -7.720957435966e-01 1.003387171857e-03 8.054286533182e-03 -7.728804293871e-01 1.156567042067e-03 1.070117858236e-02
2604 -7.717553999424e-01 1.155962873310e-03 1.069000131577e-02 -7.707382588983e-01 9.421003987673e-04 7.100425290860e-03 -7.706475440860e-01 1.031748838429e-03 8.516045324797e-03
2605 -7.743029530644e-01 1.200955180188e-03 1.153834675856e-02 -7.736688526869e-01 1.234466980253e-03 1.219126980268e-02 -7.747527552843e-01 1.179143228370e-03 1.112303002408e-02
2606 -7.728806477189e-01 1.104272676992e-03 9.755345161206e-03 -7.714846571684e-01 9.507622960916e-04 7.231591549355e-03 -7.734413764477e-01 1.122494105670e-03 1.007994413812e-02
2607 -7.730227349401e-01 1.171558359072e-03 1.098039190969e-02 -7.711545647383e-01 9.379188543626e-04 7.037534218951e-03 -7.720015037060e-01 9.950857546648e-04 7.921565273095e-03
2608 -7.725174599290e-01 1.164655772933e-03 1.085138455542e-02 -7.739854935408e-01 1.105010354952e-03 9.768383076402e-03 -7.733712018132e-01 1.067771622383e-03 9.121089900535e-03
2609 -7.743584904075e-01 1.039486077441e-03 8.644250441549e-03 -7.728209716678e-01 9.946215803762e-04 7.914176705201e-03 -7.734469231367e-01 1.095116219497e-03 9.594236273639e-03
2610 -7.740100034475e-01 1.309228388902e-03 1.371263179445e-02 -7.741775689125e-01 1.246924136537e-03 1.243855841823e-02 -7.730286551118e-01 1.027024806412e-03 8.438239623880e-03
2611 -7.721270337701e-01 1.203920934409e-03 1.159540493046e-02 -7.747109870315e-01 1.271436386240e-03 1.293240387404e-02 -7.721883546710e-01 1.118592105503e-03 1.000998638795e-02
2612 -7.738353039622e-01 1.097889199318e-03 9.642885551841e-03 -7.728554710746e-01 1.076651032115e-03 9.273419559634e-03 -7.742025993466e-01 1.151721657175e-03 1.061170220486e-02
2613 -7.716667333841e-01 1.216375309361e-03 1.183655114578e-02 -7.736799610853e-01 9.750856678214e-04 7.606336476726e-03 -7.725485845208e-01 1.073432352180e-03 9.218056117651e-03
2614 -7.724382948875e-01 1.155848329084e-03 1.068788287877e-02 -7.725970520973e-01 1.191956429525e-03 1.136608103909e-02 -7.724349052906e-01 9.997542889789e-04 7.996069106654e-03
2615 -7.725992254019e-01 1.288252783511e-03 1.327676187378e-02 -7.723703228831e-01 1.047202076076e-03 8.773057505097e-03 -7.741365393996e-01 1.143373043975e-03 1.045841534151e-02
2616 -7.708719021678e-01 1.040260548690e-03 8.657136073290e-03 -7.750433198214e-01 1.205935385863e-03 1.163424123901e-02 -7.723619637489e-01 1.001763861751e-03 8.028246677685e-03
2617 -7.731312978268e-01 1.255500174632e-03 1.261024550800e-02 -7.717521517277e-01 1.119883164312e-03 1.003310641368e-02 -7.718084982634e-01 9.745193375854e-04 7.597503514623e-03
2618 -7.721246801019e-01 1.211235726873e-03 1.173673588842e-02 -7.729647063613e-01 1.011034051923e-03 8.177518833187e-03 -7.739103592634e-01 1.210920535743e-03 1.173062835107e-02
2619 -7.732955178022e-01 1.138611472443e-03 1.037148868143e-02 -7.734863467216e-01 1.402543260137e-03 1.573702077245e-02 -7.753671700358e-01 1.096773007005e-03 9.623288231154e-03
2620 -7.711476156712e-01 9.513172391986e-04 7.240035916772e-03 -7.731522935033e-01 1.037871142801e-03 8.617412072466e-03 -7.738016505241e-01 1.078776033823e-03 9.310061849202e-03
2621 -7.751298917532e-01 1.247310703645e-03 1.244627193142e-02 -7.713415508270e-01 8.870239867893e-04 6.294492425116e-03 -7.724494541883e-01 1.119100399667e-03 1.001908563628e-02
2622 -7.715046599507e-01 1.101499873913e-03 9.706415777841e-03 -7.732116238475e-01 1.016013922423e-03 8.258274324459e-03 -7.731805249453e-01 1.183757761841e-03 1.121025950975e-02
2623 -7.721772232652e-01 1.164457105700e-03 1.084768280813e-02 -7.727106651664e-01 1.162808608709e-03 1.081699088391e-02 -7.740362951756e-01 1.146300880919e-03 1.051204567677e-02
2624 -7.712462941408e-01 1.207740574120e-03 1.166909835501e-02 -7.729343574643e-01 1.188482305659e-03 1.129992152691e-02 -7.724695982933e-01 9.600582769948e-04 7.373695161809e-03
2625 -7.723588074446e-01 1.189112222489e-03 1.131190302139e-02 -7.732756549120e-01 1.207118335895e-03 1.165707741482e-02 -7.738895129561e-01 1.119149813007e-03 1.001997043164e-02
2626 -7.728479475379e-01 1.000132768107e-03 8.002124430724e-03 -7.720593556762e-01 9.972783279600e-04 7.956512507350e-03 -7.702566047907e-01 9.407262120888e-04 7.079726448887e-03
2627 -7.709190815091e-01 1.223643206479e-03 1.197842157409e-02 -7.728691585660e-01 9.698884651718e-04 7.525469078987e-03 -7.716253946424e-01 1.188811065950e-03 1.130617400419e-02
2628 -7.714344229102e-01 1.065251605060e-03 9.078087856660e-03 -7.741832469106e-01 1.146846916638e-03 1.052206280161e-02 -7.721166539788e-01 1.345747051174e-03 1.448828100594e-02
2629 -7.723394485116e-01 1.202359345296e-03 1.156534396177e-02 -7.720491169691e-01 1.156604289556e-03 1.070186786096e-02 -7.725742225647e-01 1.280236385125e-03 1.311204161439e-02
2630 -7.735111180544e-01 1.357167907391e-03 1.473523783082e-02 -7.733884803057e-01 1.163416720709e-03 1.082830772820e-02 -7.734414083362e-01 1.025391718241e-03 8.411425406693e-03
2631 -7.716005334258e-01 9.288278510581e-04 6.901769415209e-03 -7.720616900325e-01 9.518954908880e-04 7.248840204583e-03 -7.745933721662e-01 1.111104006792e-03 9.876416911272e-03
2632 -7.704863579273e-01 1.129307252352e-03 1.020267896173e-02 -7.731679146290e-01 1.262720576189e-03 1.275570602826e-02 -7.722774284482e-01 1.122970794510e-03 1.008850724258e-02
2633 -7.753317241073e-01 1.068199885714e-03 9.128407966712e-03 -7.739630126357e-01 1.308814967343e-03 1.370397294993e-02 -7.721110525727e-01 1.133390380578e-03 1.027659003829e-02
2634 -7.719845428467e-01 1.178408372225e-03 1.110917033384e-02 -7.723177331686e-01 1.046103566473e-03 8.754661374294e-03 -7.740331190228e-01 1.141941004455e-03 1.043223406125e-02
2635 -7.731132776141e-01 1.121929872967e-03 1.006981311884e-02 -7.744137131572e-01 1.166211648376e-03 1.088039687046e-02 -7.734586864114e-01 1.120589236460e-03 1.004576189496e-02
2636 -7.726379488111e-01 1.215924531060e-03 1.182777972187e-02 -7.728552244306e-01 1.188314056382e-03 1.129672237275e-02 -7.745468065143e-01 1.181466219724e-03 1.116689942679e-02
2637 -7.717632578015e-01 1.008339245913e-03 8.133984278787e-03 -7.726017645001e-01 9.241812588703e-04 6.832887993977e-03 -7.739962700009e-01 1.069145455725e-03 9.144576043975e-03
2638 -7.716362641454e-01 9.599545116845e-04 7.372101316028e-03 -7.730475687385e-01 1.218329899031e-03 1.187462194298e-02 -7.743840588927e-01 1.098145093794e-03 9.647381176186e-03
2639 -7.735274952054e-01 1.200750824841e-03 1.153442034684e-02 -7.731764156222e-01 1.050843254511e-03 8.834172364416e-03 -7.731008132100e-01 9.737611017430e-04 7.585685466141e-03
2640 -7.730995320678e-01 1.125314779488e-03 1.013066682347e-02 -7.735325102806e-01 1.352032979604e-03 1.462394542349e-02 -7.722060697079e-01 1.033871041039e-03 8.551114635994e-03
2641 -7.745851443410e-01 1.127759238609e-03 1.017472720215e-02 -7.722000924945e-01 1.128953985905e-03 1.019629681832e-02 -7.726095482111e-01 1.397430192996e-03 1.562248915438e-02
2642 -7.716348634958e-01 1.212638507891e-03 1.176393720656e-02 -7.751157392263e-01 9.664564580942e-04 7.472304683136e-03 -7.726723139882e-01 9.701240295525e-04 7.529125061721e-03
2643 -7.719275923967e-01 1.061882472818e-03 9.020755088622e-03 -7.739143868685e-01 1.169365572819e-03 1.093932674316e-02 -7.736049168110e-01 1.211222088147e-03 1.173647157452e-02
2644 -7.722696187496e-01 1.070299046838e-03 9.164320397301e-03 -7.719619705081e-01 1.092197147863e-03 9.543156878393e-03 -7.723918154240e-01 1.066938458694e-03 9.106861397128e-03
2645 -7.721894178391e-01 1.087565134991e-03 9.462383382786e-03 -7.719702122808e-01 1.076838494940e-03 9.276649153477e-03 -7.732699965239e-01 1.136022088804e-03 1.032436949001e-02
2646 -7.732768898010e-01 1.114835555822e-03 9.942866532207e-03 -7.727571904659e-01 1.177981677017e-03 1.110112665110e-02 -7.724237689376e-01 1.073643786872e-03 9.221687848711e-03
2647 -7.726151875257e-01 1.072243703517e-03 9.197652477853e-03 -7.730522539616e-01 1.264700983465e-03 1.279574862062e-02 -7.744637846947e-01 1.168017385878e-03 1.091411690970e-02
2648 -7.722776943445e-01 1.065120298816e-03 9.075850007592e-03 -7.728489670157e-01 1.072419793231e-03 9.200673703309e-03 -7.735083100200e-01 1.163709177681e-03 1.083375240175e-02
2649 -7.746866519451e-01 1.111070379647e-03 9.875819108236e-03 -7.736372959018e-01 1.079234734465e-03 9.317980896602e-03 -7.716790942550e-01 9.165544583467e-04 6.720576600922e-03
2650 -7.725551744103e-01 1.131002089048e-03 1.023332580345e-02 -7.751091433764e-01 1.123909650081e-03 1.010538321237e-02 -7.725929589272e-01 1.131387175305e-03 1.024029552355e-02
2651 -7.740485331416e-01 1.078097133267e-03 9.298347430062e-03 -7.741469063163e-01 1.069197671036e-03 9.145469277996e-03 -7.749537764192e-01 1.192935486155e-03 1.138476059302e-02
2652 -7.718046018481e-01 9.468046898114e-04 7.171512965191e-03 -7.741672314405e-01 1.087762463959e-03 9.465817423990e-03 -7.724324234724e-01 1.159582318826e-03 1.075704923306e-02
2653 -7.725841965675e-01 1.129598407893e-03 1.020794050492e-02 -7.728983441591e-01 1.061654491640e-03 9.016882076949e-03 -7.736285921335e-01 9.993291898469e-04 7.989270637441e-03
2654 -7.728447031379e-01 1.182780449619e-03 1.119175673601e-02 -7.741370993853e-01 1.199811174023e-03 1.151637482649e-02 -7.723998225927e-01 1.055468628180e-03 8.912112200577e-03
2655 -7.734845250249e-01 1.228221387507e-03 1.206822221384e-02 -7.720988430381e-01 1.001371092813e-03 8.021952524167e-03 -7.728756633997e-01 1.028074561102e-03 8.455498425481e-03
2656 -7.739998500347e-01 1.112836933313e-03 9.907248321173e-03 -7.739995406866e-01 1.193066325136e-03 1.138725804940e-02 -7.724665691853e-01 1.078843680525e-03 9.311229496067e-03
2657 -7.733529388309e-01 1.129032306678e-03 1.019771159618e-02 -7.714292290807e-01 1.044294034156e-03 8.724400238189e-03 -7.720132536292e-01 8.610337427634e-04 5.931032849418e-03
2658 -7.735887569785e-01 1.069481568181e-03 9.150326597425e-03 -7.741215369701e-01 1.095673333794e-03 9.604000435099e-03 -7.734203980565e-01 1.208177700076e-03 1.167754683970e-02
2659 -7.714906835556e-01 1.069299799366e-03 9.147216487391e-03 -7.731275612116e-01 1.123095460908e-03 1.009074731450e-02 -7.720557705164e-01 1.145474033338e-03 1.049688608841e-02
2660 -7.731584214568e-01 1.141276400920e-03 1.042009458637e-02 -7.734941134453e-01 1.135624305426e-03 1.031714050460e-02 -7.721666136980e-01 1.201805674365e-03 1.155469503148e-02
2661 -7.719523075223e-01 1.167533617719e-03 1.090507798804e-02 -7.753509348631e-01 1.121169747207e-03 1.005617281642e-02 -7.722246903181e-01 1.109741500737e-03 9.852209587668e-03
2662 -7.734184068441e-01 1.158397367832e-03 1.073507569440e-02 -7.725773564577e-01 9.722674703402e-04 7.562432271055e-03 -7.705627246499e-01 1.001885159126e-03 8.030190976622e-03
2663 -7.708207290769e-01 9.313984375219e-04 6.940024395346e-03 -7.728179107904e-01 1.143772565456e-03 1.046572545191e-02 -7.724070498347e-01 1.218647089508e-03 1.188080583014e-02
2664 -7.741829423308e-01 1.175121182445e-03 1.104727834745e-02 -7.749665226340e-01 1.184568843382e-03 1.122562675769e-02 -7.724106816649e-01 1.108181815868e-03 9.824535496167e-03
2665 -7.716603530049e-01 1.017019822854e-03 8.274634560618e-03 -7.729034820795e-01 9.679715137638e-04 7.495750811666e-03 -7.731949167252e-01 1.008622018906e-03 8.138547016173e-03
2666 -7.717635833025e-01 1.024027283780e-03 8.389055023411e-03 -7.743488764167e-01 1.135397913295e-03 1.031302737213e-02 -7.721985632181e-01 9.966149451869e-04 7.945930791760e-03
2667 -7.730318505764e-01 1.172490163933e-03 1.099786547616e-02 -7.724960249066e-01 1.131291170353e-03 1.023855769695e-02 -7.731984934211e-01 1.187885279016e-03 1.128857148882e-02
2668 -7.733292503953e-01 1.091564428059e-03 9.532103204831e-03 -7.726088777184e-01 1.056768457746e-03 8.934076586288e-03 -7.723417411447e-01 1.026482562510e-03 8.429331609104e-03
2669 -7.728541820049e-01 1.028894238854e-03 8.468986837971e-03 -7.716432648897e-01 1.040359810320e-03 8.658788279424e-03 -7.737224221230e-01 1.178252985495e-03 1.110624078262e-02
2670 -7.733333808184e-01 1.241256899893e-03 1.232574953225e-02 -7.733820695877e-01 1.037565102611e-03 8.612330737252e-03 -7.725334256291e-01 1.141336187320e-03 1.042118633989e-02
2671 -7.714915847778e-01 1.166950506746e-03 1.089418788156e-02 -7.739042719007e-01 1.074950344924e-03 9.244145952417e-03 -7.707624617815e-01 1.074523034276e-03 9.236798009514e-03
2672 -7.729307760000e-01 1.115836268034e-03 9.960724616487e-03 -7.737215754986e-01 1.007523541242e-03 8.120829489251e-03 -7.752437807918e-01 1.235527795250e-03 1.221223146268e-02
2673 -7.704932946563e-01 9.218243118193e-04 6.798080494889e-03 -7.725210680962e-01 1.076378679960e-03 9.268728501381e-03 -7.739407287836e-01 1.246873327896e-03 1.243754476656e-02
2674 -7.748179179430e-01 1.340749113334e-03 1.438086547924e-02 -7.734665434957e-01 1.065651030330e-03 9.084896947539e-03 -7.724053628445e-01 1.007675574743e-03 8.123280511473e-03
2675 -7.722432615161e-01 9.820092522707e-04 7.714737372361e-03 -7.755237329006e-01 1.152684682976e-03 1.062945582694e-02 -7.717746684551e-01 9.927167781647e-04 7.883892813198e-03
2676 -7.711957435608e-01 1.086800195818e-03 9.449077325045e-03 -7.728867024183e-01 1.079036223258e-03 9.314553368830e-03 -7.714142485261e-01 9.620325942669e-04 7.404053699456e-03
2677 -7.721144874692e-01 1.227149436167e-03 1.204716590948e-02 -7.735573779941e-01 1.029312863385e-03 8.475879765840e-03 -7.744156497717e-01 1.254830748634e-03 1.259680166174e-02
2678 -7.702086191773e-01 1.098417593278e-03 9.652169673788e-03 -7.713301619291e-01 1.025900830389e-03 8.419780110345e-03 -7.728553146720e-01 1.264087489603e-03 1.278333745096e-02
2679 -7.709589141011e-01 9.990910866144e-04 7.985463994818e-03 -7.764514139891e-01 1.337158040071e-03 1.430393299301e-02 -7.725175748467e-01 1.012161230048e-03 8.195762844891e-03
2680 -7.716759650707e-01 9.188388141529e-04 6.754118131152e-03 -7.734909362793e-01 9.857475170685e-04 7.773585339254e-03 -7.723476272225e-01 1.049291745767e-03 8.808105341880e-03
2681 -7.726459960937e-01 9.472874921933e-04 7.178828742926e-03 -7.712821534872e-01 1.169718206780e-03 1.094592546619e-02 -7.729881640673e-01 1.008138218177e-03 8.130741335588e-03
2682 -7.732048610449e-01 1.257587758858e-03 1.265221576983e-02 -7.727074813247e-01 1.060332130725e-03 8.994433819577e-03 -7.712886646390e-01 1.081070029866e-03 9.349699275793e-03
2683 -7.709347406030e-01 1.097116152291e-03 9.629310812947e-03 -7.725632747412e-01 1.203505714753e-03 1.158740804354e-02 -7.741438700557e-01 1.203399875323e-03 1.158537007942e-02
2684 -7.723980436325e-01 1.154109676963e-03 1.065575317168e-02 -7.716248732805e-01 1.020615445536e-03 8.333247101326e-03 -7.755479927063e-01 1.287854584067e-03 1.326855543762e-02
2685 -7.725022448897e-01 1.115261449168e-03 9.950464800008e-03 -7.711682507396e-01 9.642440323426e-04 7.438132431266e-03 -7.727473190427e-01 9.947744518747e-04 7.916609680821e-03
2686 -7.723901209831e-01 1.181637307784e-03 1.117013381717e-02 -7.728913249969e-01 1.169188168850e-03 1.093600779344e-02 -7.709511478543e-01 1.054508640855e-03 8.895907789110e-03
2687 -7.730077450275e-01 1.123647184040e-03 1.010066395361e-02 -7.717290903926e-01 1.008010262291e-03 8.128677511076e-03 -7.706050024033e-01 9.999315791934e-04 7.998905304546e-03
2688 -7.719061431885e-01 1.057223475262e-03 8.941771813163e-03 -7.729019418359e-01 1.135256698375e-03 1.031046216964e-02 -7.720383954048e-01 1.036686108559e-03 8.597744701440e-03
2689 -7.713804370165e-01 1.191369778848e-03 1.135489559961e-02 -7.733968560696e-01 1.035405112565e-03 8.576509977007e-03 -7.720651239157e-01 1.296306222567e-03 1.344327858132e-02
2690 -7.738841006160e-01 1.091929895163e-03 9.538487167601e-03 -7.730459406376e-01 1.074274910323e-03 9.232532663589e-03 -7.723569154739e-01 1.085149771504e-03 9.420400212766e-03
2691 -7.724935460687e-01 1.147188000993e-03 1.052832247698e-02 -7.744435344934e-01 1.128634252143e-03 1.019052220089e-02 -7.725207666755e-01 1.048057457751e-03 8.787395477974e-03
2692 -7.698864601254e-01 1.031397441699e-03 8.510245461944e-03 -7.723231436014e-01 9.712745397875e-04 7.546993853115e-03 -7.741713491082e-01 1.161405624687e-03 1.079090420043e-02
2693 -7.698607509732e-01 1.020435250446e-03 8.330304802827e-03 -7.751589622498e-01 1.091893713557e-03 9.537855053651e-03 -7.739248531461e-01 1.021566734012e-03 8.348788736316e-03
2694 -7.725049979091e-01 1.005973091548e-03 8.095854887347e-03 -7.750888544917e-01 1.277084211862e-03 1.304755267349e-02 -7.727330415249e-01 1.038349708791e-03 8.625360941963e-03
2695 -7.725779197812e-01 1.083465285348e-03 9.391176196442e-03 -7.751577317119e-01 1.206246164553e-03 1.164023847600e-02 -7.735898883939e-01 1.023957350238e-03 8.387909240859e-03
2696 -7.721923099160e-01 1.178763481139e-03 1.111586675574e-02 -7.718572199941e-01 1.085231847145e-03 9.421825296468e-03 -7.739807844758e-01 1.173158213496e-03 1.101040155115e-02
2697 -7.728042181134e-01 1.080283137373e-03 9.336093255132e-03 -7.721350051761e-01 1.018520871419e-03 8.299078124123e-03 -7.719333117008e-01 9.559696559823e-04 7.311023865271e-03
2698 -7.709930388331e-01 1.064807485727e-03 9.070519853279e-03 -7.750046691895e-01 1.253738544842e-03 1.257488271058e-02 -7.719671146870e-01 1.112282428527e-03 9.897377606484e-03
2699 -7.716097857356e-01 1.140554272571e-03 1.040691238944e-02 -7.724144685864e-01 1.237267135961e-03 1.224663972583e-02 -7.712256990671e-01 1.050992448345e-03 8.836681011821e-03
2700 -7.715856792331e-01 1.042027891778e-03 8.686577017945e-03 -7.717937467098e-01 1.105187432838e-03 9.771514093623e-03 -7.737963837385e-01 1.168056043614e-03 1.091483936819e-02
2701 -7.711945674419e-01 1.060410460173e-03 8.995762752360e-03 -7.730698661208e-01 1.126717489155e-03 1.015593840294e-02 -7.723740621805e-01 1.204804649526e-03 1.161243394815e-02
2702 -7.718522787094e-01 1.027961908610e-03 8.453645484424e-03 -7.744599521756e-01 1.180880578794e-03 1.115583153098e-02 -7.751960687637e-01 1.113795573398e-03 9.924324634571e-03
2703 -7.738292148709e-01 1.276523187854e-03 1.303609159303e-02 -7.741387715340e-01 1.050245624051e-03 8.824126966714e-03 -7.721190824509e-01 1.055654537329e-03 8.915252017466e-03
2704 -7.720421420932e-01 1.252690239664e-03 1.255386269240e-02 -7.714018421173e-01 9.976270741738e-04 7.962078232997e-03 -7.723495109081e-01 9.990080655460e-04 7.984136920207e-03
2705 -7.699597166181e-01 1.016061947904e-03 8.259055055828e-03 -7.723337396383e-01 9.516994492216e-04 7.245854733189e-03 -7.749545790553e-01 1.088201540349e-03 9.473460739335e-03
2706 -7.713926709890e-01 1.138092104886e-03 1.036202911363e-02 -7.726941596866e-01 1.440089437831e-03 1.659086071163e-02 -7.735131390691e-01 1.053514823494e-03 8.879147866574e-03
2707 -7.710645918846e-01 1.056539928792e-03 8.930212969057e-03 -7.718520109653e-01 9.703312510847e-04 7.532341894653e-03 -7.735202783346e-01 1.218391404832e-03 1.187582092295e-02
2708 -7.715993808508e-01 1.134019550908e-03 1.028800273472e-02 -7.720847936273e-01 9.897580488793e-04 7.836967962572e-03 -7.736927369237e-01 1.051027530696e-03 8.837270962255e-03
2709 -7.728709781766e-01 1.285051052016e-03 1.321084965029e-02 -7.737179874778e-01 1.172138411094e-03 1.099126763809e-02 -7.723755287528e-01 9.961977165330e-04 7.939279123404e-03
2710 -7.718152660728e-01 1.157874817595e-03 1.072539274576e-02 -7.750938706398e-01 1.349099960566e-03 1.456056562880e-02 -7.745303843617e-01 1.091939120704e-03 9.538648346599e-03
2711 -7.706139009595e-01 1.010307605240e-03 8.165771657638e-03 -7.736784049273e-01 9.171817553390e-04 6.729778978613e-03 -7.718617022038e-01 1.123188980216e-03 1.009242788223e-02
2712 -7.725481955409e-01 9.617329540254e-04 7.399442198868e-03 -7.747621931434e-01 1.105023873540e-03 9.768622088748e-03 -7.724490120411e-01 9.479440286254e-04 7.188783051252e-03
2713 -7.728558802605e-01 1.213281026528e-03 1.177640679466e-02 -7.713173993230e-01 9.921453495875e-04 7.874819157665e-03 -7.725611751676e-01 9.678180426403e-04 7.493374109281e-03
2714 -7.721589782834e-01 1.202200685065e-03 1.156229189736e-02 -7.746250014901e-01 1.277856391013e-03 1.306333564842e-02 -7.706297116280e-01 8.490412912552e-04 5.766968914051e-03
2715 -7.708276122212e-01 1.059711129307e-03 8.983901420614e-03 -7.740088457465e-01 9.745055314271e-04 7.597288246256e-03 -7.714761153460e-01 1.213962416177e-03 1.178963798312e-02
2716 -7.722594325542e-01 1.229787137242e-03 1.209901122341e-02 -7.741293379068e-01 1.143375811751e-03 1.045846597517e-02 -7.702754351497e-01 8.927641224234e-04 6.376222226291e-03
2717 -7.709496286511e-01 9.738444930630e-04 7.586984773353e-03 -7.748840448856e-01 1.175471479768e-03 1.105386559799e-02 -7.716359308958e-01 1.137275303595e-03 1.034716092934e-02
2718 -7.714810696244e-01 1.123471123949e-03 1.009749893077e-02 -7.730841131210e-01 1.034650522281e-03 8.564013626049e-03 -7.720115278363e-01 1.037014916301e-03 8.603199493054e-03
2719 -7.710541499257e-01 1.129509798849e-03 1.020633908556e-02 -7.719046845436e-01 1.069367224325e-03 9.148370083691e-03 -7.732872641683e-01 1.127746434284e-03 1.017449616033e-02
2720 -7.708821874261e-01 1.125727167419e-03 1.013809324372e-02 -7.728944109082e-01 1.194639368151e-03 1.141730575949e-02 -7.722227151990e-01 8.968690245082e-04 6.434992376978e-03
2721 -7.726589949131e-01 1.290473417198e-03 1.332257312397e-02 -7.737193660140e-01 1.123502930019e-03 1.009807067009e-02 -7.729808308482e-01 1.089790576222e-03 9.501148000170e-03
2722 -7.721252757311e-01 1.568464543012e-03 1.968064818149e-02 -7.727071356177e-01 9.169684972295e-04 6.726649799290e-03 -7.707633641362e-01 1.158500278288e-03 1.073698315834e-02
2723 -7.706164037585e-01 1.182825419826e-03 1.119260779029e-02 -7.738979405165e-01 1.181720072493e-03 1.117169863786e-02 -7.737195441127e-01 1.239570083138e-03 1.229227192809e-02
2724 -7.723721309304e-01 1.097455995191e-03 9.635277291054e-03 -7.741385142207e-01 1.157253638091e-03 1.071388786300e-02 -7.727861564159e-01 1.035642229424e-03 8.580438618938e-03
2725 -7.717965039015e-01 1.233359086498e-03 1.216939708998e-02 -7.716549713612e-01 1.078020433246e-03 9.297024435964e-03 -7.736553422213e-01 1.120779853374e-03 1.004917983784e-02
2726 -7.741980203986e-01 1.144682412651e-03 1.048238260666e-02 -7.736613593102e-01 1.100073952814e-03 9.681301613287e-03 -7.740474199057e-01 1.214471266835e-03 1.179952366375e-02
2727 -7.718442550302e-01 1.089084689227e-03 9.488843682476e-03 -7.725427637696e-01 1.050525506578e-03 8.828830719764e-03 -7.723011857271e-01 1.158177773621e-03 1.073100604247e-02
2728 -7.710407150388e-01 1.063299559793e-03 9.044847630849e-03 -7.747363381982e-01 1.209072285518e-03 1.169484633285e-02 -7.716655938625e-01 1.153057112240e-03 1.063632563270e-02
2729 -7.731827544570e-01 1.069120450567e-03 9.144148302559e-03 -7.721532376409e-01 1.027903217001e-03 8.452680188165e-03 -7.739426692128e-01 1.153042758471e-03 1.063606082291e-02
2730 -7.731187118888e-01 1.008438618679e-03 8.135587581149e-03 -7.685401080251e-01 8.860239198030e-04 6.280307091705e-03 -7.738987482190e-01 1.050840352890e-03 8.834123578090e-03
2731 -7.713949454427e-01 1.122823887825e-03 1.008586786456e-02 -7.738447464705e-01 1.277759020304e-03 1.306134491174e-02 -7.738799258471e-01 9.918941159709e-04 7.870831498382e-03
2732 -7.706716395617e-01 1.015788353767e-03 8.254607837181e-03 -7.749290963411e-01 1.492736605920e-03 1.782610059724e-02 -7.716680092812e-01 1.188145586582e-03 1.129351947931e-02
2733 -7.727473093271e-01 1.023501165477e-03 8.380437085859e-03 -7.739050803185e-01 1.108780408344e-03 9.835151951421e-03 -7.725171546936e-01 1.046473137245e-03 8.760848215796e-03
2734 -7.726413024664e-01 1.343970940071e-03 1.445006310203e-02 -7.726137215495e-01 9.635036380166e-04 7.426714083770e-03 -7.731470733285e-01 1.043396799885e-03 8.709415056075e-03
2735 -7.717830352783e-01 9.157812141015e-04 6.709241856810e-03 -7.753023952842e-01 1.034248515728e-03 8.557359938278e-03 -7.736840978265e-01 9.713349475805e-04 7.547932643130e-03
2736 -7.726922508478e-01 1.335798971834e-03 1.427487114522e-02 -7.725365908146e-01 9.773322792261e-04 7.641427072139e-03 -7.724496927261e-01 9.937372980541e-04 7.900110540350e-03
2737 -7.718450821638e-01 9.629042221991e-04 7.417476329031e-03 -7.724690682292e-01 1.084681850253e-03 9.412277730143e-03 -7.719849763513e-01 1.086768744958e-03 9.448530440147e-03
2738 -7.722143087387e-01 1.091760020360e-03 9.535519536450e-03 -7.718870757818e-01 1.078580191191e-03 9.306681830631e-03 -7.719344055057e-01 1.153523385804e-03 1.064492961278e-02
2739 -7.718777504563e-01 1.119019701704e-03 1.001764074242e-02 -7.728991673589e-01 1.132914979528e-03 1.026797080672e-02 -7.734050396681e-01 1.149861744988e-03 1.057745626069e-02
2740 -7.717210354805e-01 1.213444756770e-03 1.177958542185e-02 -7.701519947052e-01 9.555352870119e-04 7.304381477800e-03 -7.728569952846e-01 1.175266640422e-03 1.105001340870e-02
2741 -7.713813816309e-01 1.101189279870e-03 9.700942640809e-03 -7.747676692605e-01 1.400100576150e-03 1.568225298669e-02 -7.735063951015e-01 9.519256111355e-04 7.249298953085e-03
2742 -7.716198273301e-01 1.190454910822e-03 1.133746315760e-02 -7.728000783324e-01 1.030672295765e-03 8.498283050054e-03 -7.731808289886e-01 9.779136322956e-04 7.650520577836e-03
2743 -7.735655694008e-01 1.083102417913e-03 9.384886781511e-03 -7.733615230322e-01 1.095773192596e-03 9.605751116890e-03 -7.734203842282e-01 1.048081294764e-03 8.787795203476e-03
2744 -7.727536332607e-01 9.616244149510e-04 7.397772123439e-03 -7.732583158016e-01 1.058687880570e-03 8.966560227721e-03 -7.720235128999e-01 9.965872819224e-04 7.945489683916e-03
2745 -7.725104154944e-01 1.124537692511e-03 1.011668017503e-02 -7.747439269423e-01 1.193546108083e-03 1.139641849695e-02 -7.720162587166e-01 1.123985129447e-03 1.010674056975e-02
2746 -7.716175165772e-01 1.028668927368e-03 8.465278097054e-03 -7.741472728848e-01 1.335421192446e-03 1.426679808988e-02 -7.742047045231e-01 1.292471557292e-03 1.336386181128e-02
2747 -7.708324611187e-01 1.032963460188e-03 8.536108080675e-03 -7.750076410174e-01 1.133552402316e-03 1.027952839037e-02 -7.737624536157e-01 1.140614748783e-03 1.040801604114e-02
2748 -7.718982396722e-01 1.106614065507e-03 9.796757519829e-03 -7.724308944345e-01 1.053253517151e-03 8.874743771132e-03 -7.743794246316e-01 1.189509116243e-03 1.131945550100e-02
2749 -7.727967044115e-01 1.009437362468e-03 8.151710309970e-03 -7.738690061569e-01 1.030216553931e-03 8.490769183955e-03 -7.737396718860e-01 9.212021616238e-04 6.788907380643e-03
2750 -7.731165831685e-01 1.183998534894e-03 1.121482024504e-02 -7.743135202527e-01 1.195135265890e-03 1.142678643018e-02 -7.730917124152e-01 9.828339857641e-04 7.727701148584e-03
2751 -7.721259420514e-01 1.161230574871e-03 1.078765158412e-02 -7.726182873249e-01 1.238729291481e-03 1.227560206058e-02 -7.721841972470e-01 1.007810983124e-03 8.125463821643e-03
2752 -7.722315633297e-01 1.038068625730e-03 8.620691773801e-03 -7.733895573616e-01 1.388082676569e-03 1.541418813593e-02 -7.737579499483e-01 1.110120576392e-03 9.858941553037e-03
2753 -7.746921287775e-01 1.109721624257e-03 9.851856666745e-03 -7.722977724671e-01 1.013604143722e-03 8.219146881363e-03 -7.746378960013e-01 1.146081219809e-03 1.050801729920e-02
2754 -7.742682774067e-01 1.007206760530e-03 8.115723667653e-03 -7.732738595009e-01 1.081864435316e-03 9.363445251220e-03 -7.762571217418e-01 1.282935419526e-03 1.316738632540e-02
2755 -7.730395226479e-01 1.203293673617e-03 1.158332531973e-02 -7.723831284642e-01 1.046213471218e-03 8.756501018865e-03 -7.744968181849e-01 1.284682774781e-03 1.320327865455e-02
2756 -7.709648855925e-01 1.133616960705e-03 1.028069930878e-02 -7.752769712210e-01 1.101908643811e-03 9.713621274440e-03 -7.736363220215e-01 1.092568671980e-03 9.549650423934e-03
2757 -7.725931975245e-01 1.189610821273e-03 1.132139124871e-02 -7.743807792068e-01 1.049656347315e-03 8.814227579677e-03 -7.750052166581e-01 1.112195826216e-03 9.895836446820e-03
2758 -7.723185549378e-01 1.009573809858e-03 8.153914220407e-03 -7.734184352756e-01 1.040464844501e-03 8.660536741147e-03 -7.721476883888e-01 1.162862691738e-03 1.081799711868e-02
2759 -7.714552602172e-01 1.447954537226e-03 1.677257873499e-02 -7.755586975217e-01 1.114970116573e-03 9.945266886806e-03 -7.715000848174e-01 1.101870683621e-03 9.712952027392e-03
2760 -7.751293267012e-01 1.153874540674e-03 1.065141164492e-02 -7.742619842887e-01 1.239681129873e-03 1.229447443011e-02 -7.719110515714e-01 1.151907422193e-03 1.061512567443e-02
2761 -7.723305373192e-01 1.141100535010e-03 1.041688344800e-02 -7.732656928301e-01 1.081225334350e-03 9.352385789127e-03 -7.723073453903e-01 1.066387271041e-03 9.097454494707e-03
2762 -7.716880674362e-01 1.092167990532e-03 9.542647356342e-03 -7.723181908131e-01 9.938420638041e-04 7.901776382291e-03 -7.742058164477e-01 1.167235488952e-03 1.089950949335e-02
2763 -7.726001079082e-01 1.042410565253e-03 8.692958292417e-03 -7.730012692213e-01 1.168542962055e-03 1.092394123334e-02 -7.736644526720e-01 1.036864288962e-03 8.600700429803e-03
2764 -7.731027612090e-01 1.192929285051e-03 1.138464223306e-02 -7.741034841537e-01 1.171380210629e-03 1.097705278282e-02 -7.727584347725e-01 1.047055456766e-03 8.770601036340e-03
2765 -7.710904796720e-01 1.041976276358e-03 8.685716483951e-03 -7.732001315951e-01 1.055414695281e-03 8.911201432126e-03 -7.716953946948e-01 1.105774089168e-03 9.781890690206e-03
2766 -7.713386338949e-01 9.940572198526e-04 7.905198050728e-03 -7.734837332964e-01 1.093394018988e-03 9.564083846064e-03 -7.734771817327e-01 1.171681390916e-03 1.098269825456e-02
2767 -7.721838344336e-01 1.068693584773e-03 9.136847825072e-03 -7.728985790610e-01 1.073495282043e-03 9.219136964544e-03 -7.742106124759e-01 1.157524120778e-03 1.071889672147e-02
2768 -7.726736602783e-01 1.123700080989e-03 1.010161497611e-02 -7.727936156392e-01 9.821516122655e-04 7.716974315806e-03 -7.716923796535e-01 1.060519151675e-03 8.997606968549e-03
2769 -7.717131090760e-01 1.348597969069e-03 1.454973185741e-02 -7.715201154947e-01 1.035374231709e-03 8.575998397488e-03 -7.716038249135e-01 1.092178883522e-03 9.542837708890e-03
2770 -7.732004980445e-01 1.154125854641e-03 1.065605190680e-02 -7.741958162189e-01 1.071451236910e-03 9.184062024604e-03 -7.717378721833e-01 1.143951519372e-03 1.046900062938e-02
2771 -7.736038302183e-01 1.029879888104e-03 8.485220671363e-03 -7.735578716993e-01 9.863433611204e-04 7.782985808210e-03 -7.730622738600e-01 9.769235265827e-04 7.635036614326e-03
2772 -7.720202670097e-01 1.001084305812e-03 8.017358298738e-03 -7.730321629643e-01 1.190414944946e-03 1.133670192920e-02 -7.749539872408e-01 1.369359684121e-03 1.500116755597e-02
2773 -7.719851658940e-01 9.587034654511e-04 7.352898677344e-03 -7.740660235286e-01 1.215552686072e-03 1.182054666094e-02 -7.749468919039e-01 1.078956359087e-03 9.313174598520e-03
2774 -7.728847816586e-01 1.020357534221e-03 8.329035981135e-03 -7.743497432470e-01 1.076483611589e-03 9.270535728151e-03 -7.741161153316e-01 1.104494231475e-03 9.759260058897e-03
2775 -7.747895403504e-01 1.520682047579e-03 1.849979111863e-02 -7.756076484919e-01 1.116287818932e-03 9.968787957564e-03 -7.729009331465e-01 1.000605510299e-03 8.009691097921e-03
2776 -7.692632246017e-01 9.036961290992e-04 6.533333549991e-03 -7.723387545347e-01 1.147544479906e-03 1.053486666690e-02 -7.711553478837e-01 1.034822184161e-03 8.566855622649e-03
2777 -7.717308839560e-01 1.044537997577e-03 8.728477027062e-03 -7.731976343393e-01 9.227875257368e-04 6.812294541243e-03 -7.710790289044e-01 9.798487293916e-04 7.680828259923e-03
2778 -7.728846020699e-01 1.103592874146e-03 9.743337854923e-03 -7.725234213471e-01 9.778595983577e-04 7.649675152803e-03 -7.732673640251e-01 1.202614737618e-03 1.157025765709e-02
2779 -7.714013707638e-01 1.053453943747e-03 8.878121692761e-03 -7.732750575542e-01 1.161029246565e-03 1.078391129104e-02 -7.739971411824e-01 1.048850125657e-03 8.800692688733e-03
2780 -7.716405219436e-01 1.010531373818e-03 8.169389259763e-03 -7.717768276334e-01 9.995418077112e-04 7.992670602901e-03 -7.721357564330e-01 9.330291149938e-04 6.964346635409e-03
2781 -7.720162336230e-01 1.262825640173e-03 1.275782877983e-02 -7.734353765249e-01 1.350376702514e-03 1.458813790954e-02 -7.728311617374e-01 9.678428919423e-04 7.493758907866e-03
2782 -7.695293228626e-01 1.177537135103e-03 1.109274963638e-02 -7.736961356997e-01 1.112468954185e-03 9.900697392212e-03 -7.726862796545e-01 1.036810405527e-03 8.599806536074e-03
2783 -7.720282295346e-01 1.108352659515e-03 9.827564942827e-03 -7.733591725230e-01 1.046176396666e-03 8.755880423530e-03 -7.725244886279e-01 1.247189756856e-03 1.244385831686e-02
2784 -7.719131156206e-01 1.042944276945e-03 8.701862118503e-03 -7.727404902577e-01 1.008674553588e-03 8.139394840454e-03 -7.730009523034e-01 1.202397437791e-03 1.156607678724e-02
2785 -7.720483916998e-01 1.128558312840e-03 1.018915092384e-02 -7.729762397408e-01 9.975966642518e-04 7.961592836211e-03 -7.719544727802e-01 1.051251600031e-03 8.841039412534e-03
2786 -7.696191517115e-01 9.515215623002e-04 7.243146268177e-03 -7.735530945063e-01 1.161881525728e-03 1.079974943862e-02 -7.704741487503e-01 1.068531581189e-03 9.134077919992e-03
2787 -7.712191231847e-01 1.021576959801e-03 8.348955878374e-03 -7.735615167618e-01 1.218667525287e-03 1.188120429750e-02 -7.732330485582e-01 1.155065829537e-03 1.067341656450e-02
2788 -7.709917625189e-01 9.843591508319e-04 7.751703502612e-03 -7.720747857094e-01 9.702165753772e-04 7.530561625093e-03 -7.734420225620e-01 1.070855933035e-03 9.173859434522e-03
2789 -7.718769192100e-01 1.032460128587e-03 8.527791336973e-03 -7.732232669592e-01 1.155461154370e-03 1.068072383406e-02 -7.716787529588e-01 1.074827269330e-03 9.242029271166e-03
2790 -7.724436293840e-01 1.258693820794e-03 1.267448107604e-02 -7.737092950940e-01 1.112471479822e-03 9.900742347337e-03 -7.722552125454e-01 1.105762767314e-03 9.781690380622e-03
2791 -7.728376181126e-01 1.204227462321e-03 1.160131024806e-02 -7.738424822092e-01 1.170396370334e-03 1.095862130952e-02 -7.730333282351e-01 1.033919560179e-03 8.551917255361e-03
2792 -7.730122176409e-01 1.163928319503e-03 1.083783306353e-02 -7.741168779135e-01 1.042420680954e-03 8.693127008637e-03 -7.707166879177e-01 9.559006763896e-04 7.309968824977e-03
2793 -7.726025434732e-01 1.198978078036e-03 1.150038745288e-02 -7.744906100035e-01 1.197055289561e-03 1.146353093013e-02 -7.727811676860e-01 1.270015551544e-03 1.290351600932e-02
2794 -7.721944842935e-01 1.058382771681e-03 8.961392731123e-03 -7.725206735134e-01 1.194670875261e-03 1.141790800157e-02 -7.748191435933e-01 1.162871241741e-03 1.081815619895e-02
2795 -7.726636292338e-01 1.163765188749e-03 1.083479531635e-02 -7.716424808502e-01 1.114404659187e-03 9.935181955339e-03 -7.740993939638e-01 1.058585415167e-03 8.964824649628e-03
2796 -7.717627987862e-01 9.219929396664e-04 6.800567846358e-03 -7.720225679278e-01 1.013647206418e-03 8.219845272633e-03 -7.741280782223e-01 1.022657066461e-03 8.366619804653e-03
2797 -7.713228191733e-01 1.021953857220e-03 8.355117490296e-03 -7.731739554405e-01 9.618398415169e-04 7.401087045834e-03 -7.722799056768e-01 1.188779378559e-03 1.130557128711e-02
2798 -7.726552315950e-01 1.084091030316e-03 9.402026896089e-03 -7.735206952691e-01 1.199918669282e-03 1.151843850313e-02 -7.733591651320e-01 1.046242712302e-03 8.756990504352e-03
2799 -7.713034024239e-01 1.060785286238e-03 9.002123387996e-03 -7.713961902857e-01 9.696616575509e-04 7.521949840995e-03 -7.718053135276e-01 1.032647098470e-03 8.530880239833e-03
2800 -7.722583659887e-01 1.129173875357e-03 1.020026912631e-02 -7.727971033454e-01 9.811407685482e-04 7.701097661659e-03 -7.720490707755e-01 1.052647164003e-03 8.864528415076e-03
2801 -7.735780329108e-01 1.335516924152e-03 1.426884363758e-02 -7.731226648688e-01 1.180012922986e-03 1.113944398731e-02 -7.732254593372e-01 1.364413487828e-03 1.489299332613e-02
2802 -7.706068436503e-01 1.174749333131e-03 1.104028796553e-02 -7.733593764901e-01 1.189657238301e-03 1.132227475713e-02 -7.720373743773e-01 1.036432261168e-03 8.593534655922e-03
2803 -7.714216207266e-01 1.036490613121e-03 8.594502328699e-03 -7.707709727287e-01 9.968608780276e-04 7.949852881135e-03 -7.727118921280e-01 1.062542125452e-03 9.031966146884e-03
2804 -7.720870589614e-01 1.012310989025e-03 8.198188308014e-03 -7.737276845574e-01 1.223638918530e-03 1.197833762354e-02 -7.730320905447e-01 1.157377452103e-03 1.071618053308e-02
2805 -7.705277432203e-01 1.015257119704e-03 8.245976152880e-03 -7.719072563052e-01 1.136897031117e-03 1.034027887490e-02 -7.721093174219e-01 1.056963740681e-03 8.937378792912e-03
2806 -7.714040123820e-01 1.121999399968e-03 1.007106122823e-02 -7.725597480536e-01 8.878202369188e-04 6.305798184661e-03 -7.729085414410e-01 1.247891305560e-03 1.245786168394e-02
2807 -7.723026297092e-01 1.247348062761e-03 1.244701751740e-02 -7.724795646071e-01 1.034257630707e-03 8.557510773398e-03 -7.737950608134e-01 9.801637220784e-04 7.685767376628e-03
2808 -7.724857947230e-01 1.122308134963e-03 1.007660439843e-02 -7.737622421980e-01 1.271114340121e-03 1.292585332529e-02 -7.757730354071e-01 1.174643685029e-03 1.103830229423e-02
2809 -7.715957782865e-01 1.219897738117e-03 1.190520393170e-02 -7.729831103683e-01 9.795818981971e-04 7.676645562203e-03 -7.719259837270e-01 9.915665015593e-04 7.865633016116e-03
2810 -7.718213125467e-01 1.091728902015e-03 9.534975963962e-03 -7.738134701252e-01 1.173734699499e-03 1.102122515847e-02 -7.736761254072e-01 9.626686333313e-04 7.413847180800e-03
2811 -7.732714754939e-01 1.067704353779e-03 9.119940696624e-03 -7.725014368296e-01 1.034424814950e-03 8.560277582275e-03 -7.727600631118e-01 1.055299458361e-03 8.909255574534e-03
2812 -7.728807566762e-01 1.443212397830e-03 1.666289620200e-02 -7.727374735475e-01 1.192857647626e-03 1.138327494000e-02 -7.735591967702e-01 1.246651793807e-03 1.243312556001e-02
2813 -7.711112470627e-01 1.209397282724e-03 1.170113429968e-02 -7.723233362436e-01 1.005449614989e-03 8.087431426252e-03 -7.751667503119e-01 1.235937459216e-03 1.222033122474e-02
2814 -7.725999995470e-01 9.515747525967e-04 7.243956078236e-03 -7.715390748382e-01 1.029641648374e-03 8.481295392526e-03 -7.726230578423e-01 1.078076458118e-03 9.297990796390e-03
2815 -7.731450811625e-01 1.136936126144e-03 1.034099003946e-02 -7.739052417278e-01 1.274736656966e-03 1.299962835691e-02 -7.740551075339e-01 1.015092658881e-03 8.243304848907e-03
2816 -7.727538183928e-01 9.353071538589e-04 6.998395776477e-03 -7.730494075418e-01 1.159537601194e-03 1.075621958867e-02 -7.728412904739e-01 1.102298286301e-03 9.720492095860e-03
2817 -7.705215581059e-01 9.631203175482e-04 7.420805968593e-03 -7.739371717572e-01 1.134340558398e-03 1.029382801942e-02 -7.712899606228e-01 1.098277943015e-03 9.649715520899e-03
2818 -7.740306296349e-01 1.319316669436e-03 1.392477179402e-02 -7.719326593280e-01 1.088040990738e-03 9.470665580205e-03 -7.727155277133e-01 1.216926727248e-03 1.184728527593e-02
2819 -7.734516264200e-01 1.291183875091e-03 1.333724639436e-02 -7.758291561604e-01 1.277643198092e-03 1.305897713304e-02 -7.722148786783e-01 1.110049854231e-03 9.857685431025e-03
2820 -7.724748075604e-01 1.158329836296e-03 1.073382407722e-02 -7.735345523953e-01 1.052992289170e-03 8.870342088417e-03 -7.740351650715e-01 1.088178176613e-03 9.473053952458e-03
2821 -7.730981713533e-01 1.098323033288e-03 9.650507883607e-03 -7.731774906516e-01 1.025181913250e-03 8.407983642047e-03 -7.724429626465e-01 9.999539547250e-04 7.999263292561e-03
2822 -7.705131336451e-01 1.171925389043e-03 1.098727293987e-02 -7.734782960415e-01 1.163525105139e-03 1.083032536232e-02 -7.719493253231e-01 1.069767003846e-03 9.155211540134e-03
2823 -7.724375945926e-01 1.129800572439e-03 1.021159466786e-02 -7.725257666111e-01 1.085573396058e-03 9.427756785835e-03 -7.721554164290e-01 1.051347985618e-03 8.842660694897e-03
2824 -7.718758580685e-01 1.220542981841e-03 1.191780136417e-02 -7.736801332235e-01 1.124611596976e-03 1.011800995243e-02 -7.735190889835e-01 9.285895311554e-04 6.898228138971e-03
2825 -7.740625356436e-01 1.144906094118e-03 1.048647971478e-02 -7.730265909433e-01 1.019707074621e-03 8.318420144257e-03 -7.748126727343e-01 1.297459880088e-03 1.346721712350e-02
2826 -7.726062873602e-01 1.170739300002e-03 1.096504406856e-02 -7.725183422565e-01 1.072891388380e-03 9.208767450072e-03 -7.724637863636e-01 1.073133190816e-03 9.212918761843e-03
2827 -7.722684450746e-01 1.128382785517e-03 1.018598168520e-02 -7.739134926796e-01 1.207025581773e-03 1.165528604043e-02 -7.733531668782e-01 9.853380729829e-04 7.767128944557e-03
2828 -7.718905628920e-01 9.557449259585e-04 7.307586907964e-03 -7.739094535708e-01 1.185436294131e-03 1.124207365955e-02 -7.703112751842e-01 1.059278604299e-03 8.976569292198e-03
2829 -7.727367796302e-01 1.056655117946e-03 8.932160306250e-03 -7.731001866460e-01 1.007470507803e-03 8.119974592736e-03 -7.718792323470e-01 1.147408721220e-03 1.053237418826e-02
2830 -7.724151133895e-01 1.051472993699e-03 8.844763651819e-03 -7.734393445849e-01 1.120778513110e-03 1.004915580359e-02 -7.719007333517e-01 1.233192240917e-03 1.216610482445e-02
2831 -7.754759508371e-01 1.227197740711e-03 1.204811435845e-02 -7.737774654627e-01 1.255299290474e-03 1.260621046931e-02 -7.726872069240e-01 1.250027604064e-03 1.250055208737e-02
2832 -7.700703331232e-01 1.103553881999e-03 9.742649363800e-03 -7.743022050261e-01 1.055828516165e-03 8.918190844383e-03 -7.739077251554e-01 9.782173719021e-04 7.655273813528e-03
2833 -7.725390339494e-01 1.086640528489e-03 9.446301105230e-03 -7.751007815599e-01 1.170155771425e-03 1.095411623520e-02 -7.747843089700e-01 1.056050460338e-03 8.921940598237e-03
2834 -7.735773249269e-01 1.195518426214e-03 1.143411445934e-02 -7.741545152664e-01 9.986813242873e-04 7.978915099843e-03 -7.730543211699e-01 1.007476437262e-03 8.120070173104e-03
2835 -7.723733637333e-01 1.185142754055e-03 1.123650677991e-02 -7.722393309474e-01 1.120063182906e-03 1.003633226961e-02 -7.729442384243e-01 1.051281895461e-03 8.841548989799e-03
2836 -7.728692452312e-01 1.148976044691e-03 1.056116761019e-02 -7.714226981997e-01 1.144047199192e-03 1.047075195184e-02 -7.732226165533e-01 9.993056961735e-04 7.988894995238e-03
2837 -7.720481339693e-01 1.065877732791e-03 9.088762730080e-03 -7.742436546087e-01 1.281338872836e-03 1.313463445633e-02 -7.734144408107e-01 1.147612096597e-03 1.053610819405e-02
2838 -7.725106105804e-01 1.059560817402e-03 8.981353006191e-03 -7.736580728292e-01 9.480194856526e-04 7.189927561416e-03 -7.727035459280e-01 1.071319247971e-03 9.181799448581e-03
2839 -7.710996043086e-01 1.006168219155e-03 8.098995881898e-03 -7.732291576862e-01 1.179467061022e-03 1.112914038429e-02 -7.713713393211e-01 1.076852373370e-03 9.276888272268e-03
2840 -7.712799529433e-01 1.233543294663e-03 1.217303247847e-02 -7.713725905418e-01 1.048017605058e-03 8.786727204093e-03 -7.739763996005e-01 1.160075432466e-03 1.076620007209e-02
2841 -7.730632545948e-01 1.214222924256e-03 1.179469847832e-02 -7.717581021190e-01 9.770032377923e-04 7.636282613253e-03 -7.732629477382e-01 9.442057010914e-04 7.132195247788e-03
2842 -7.713331022859e-01 1.121875817603e-03 1.006884280098e-02 -7.742376241088e-01 1.244393423990e-03 1.238811994935e-02 -7.739605727196e-01 1.142526505384e-03 1.044293452404e-02
2843 -7.738745246530e-01 1.251163460606e-03 1.252328004124e-02 -7.709775670767e-01 1.053276050932e-03 8.875123515731e-03 -7.710483072996e-01 9.319484702550e-04 6.948223609685e-03
2844 -7.706932845116e-01 1.137770310653e-03 1.035617023843e-02 -7.741397393942e-01 1.203334120004e-03 1.158410403493e-02 -7.743621847630e-01 1.209446495990e-03 1.170208661331e-02
2845 -7.721105232239e-01 1.061588421462e-03 9.015759812665e-03 -7.724830712080e-01 9.767173796553e-04 7.631814717765e-03 -7.737108175159e-01 1.208717872282e-03 1.168799115818e-02
2846 -7.719316579700e-01 1.133428863412e-03 1.027728790732e-02 -7.749206264019e-01 1.197996935263e-03 1.148157325520e-02 -7.732846391797e-01 1.186920468064e-03 1.127024158007e-02
2847 -7.724118047357e-01 9.989444643980e-04 7.983120343612e-03 -7.730370959640e-01 1.048495180491e-03 8.794737148109e-03 -7.745913612247e-01 1.205487375720e-03 1.162559850415e-02
2848 -7.732120184898e-01 1.082580070081e-03 9.375836865088e-03 -7.760405697227e-01 1.268743519755e-03 1.287768095137e-02 -7.731046617627e-01 1.127226455259e-03 1.016511585149e-02
2849 -7.725471718907e-01 1.211153777016e-03 1.173514777263e-02 -7.728450660110e-01 1.026061635699e-03 8.422419842029e-03 -7.744026924968e-01 9.710957943159e-04 7.544216333905e-03
2850 -7.735166835785e-01 1.229485710095e-03 1.209308089063e-02 -7.720004523396e-01 1.130791846710e-03 1.022952160468e-02 -7.727780360579e-01 1.001525906156e-03 8.024433125615e-03
2851 -7.731590331197e-01 1.157658601630e-03 1.072138750343e-02 -7.706270437837e-01 1.110151861479e-03 9.859497244364e-03 -7.731602498889e-01 1.126534341011e-03 1.015263697181e-02
2852 -7.717869704962e-01 1.126227046952e-03 1.014709889029e-02 -7.732721702456e-01 1.290112110270e-03 1.331511405653e-02 -7.739461094141e-01 1.130237080609e-03 1.021948686707e-02
2853 -7.730347520709e-01 1.193022811642e-03 1.138642743278e-02 -7.727140558958e-01 1.002983028975e-03 8.047799651302e-03 -7.726641045213e-01 1.123365583534e-03 1.009560187415e-02
2854 -7.708664643168e-01 1.040475624771e-03 8.660716205947e-03 -7.747454375625e-01 1.318570349556e-03 1.390902213383e-02 -7.722564124465e-01 9.490666577600e-04 7.205820166973e-03
2855 -7.726348156333e-01 1.212906101529e-03 1.176912968901e-02 -7.733722599745e-01 1.216103715941e-03 1.183126598340e-02 -7.730721951723e-01 1.054087967178e-03 8.888811540388e-03
2856 -7.727659197450e-01 1.200177707506e-03 1.152341223676e-02 -7.738543069959e-01 1.133027257312e-03 1.027000612649e-02 -7.717071277499e-01 1.013366183807e-03 8.215288179876e-03
2857 -7.711709344983e-01 1.146960369776e-03 1.052414471870e-02 -7.734248719811e-01 1.051235879861e-03 8.840775000865e-03 -7.720765540004e-01 1.021809030668e-03 8.352749561238e-03
2858 -7.705318273902e-01 1.147080432531e-03 1.052634814957e-02 -7.742757967114e-01 1.173230429738e-03 1.101175713011e-02 -7.718692318797e-01 1.074049107919e-03 9.228651889776e-03
2859 -7.732265393138e-01 1.178819592672e-03 1.111692505653e-02 -7.747766649127e-01 1.176985791042e-03 1.108236441851e-02 -7.718247022033e-01 1.096135145016e-03 9.612098049121e-03
2860 -7.709328516126e-01 1.112152054622e-03 9.895057540805e-03 -7.735449603796e-01 9.552765943706e-04 7.300426974019e-03 -7.728233292699e-01 1.162032729617e-03 1.080256051760e-02
2861 -7.711320555806e-01 1.107684093954e-03 9.815712415985e-03 -7.724009161592e-01 1.061149511520e-03 9.008306286391e-03 -7.740835849643e-01 1.144953807864e-03 1.048735377714e-02
2862 -7.720993790627e-01 1.182913541339e-03 1.119427557026e-02 -7.711309634447e-01 9.073883054143e-04 6.586828294421e-03 -7.732513384819e-01 9.671701982815e-04 7.483345539550e-03
2863 -7.734413182139e-01 1.414122246012e-03 1.599793381333e-02 -7.733179951310e-01 1.234109607924e-03 1.218421219496e-02 -7.733968940377e-01 1.029918076078e-03 8.485849947456e-03
2864 -7.734065209627e-01 1.350340961198e-03 1.458736569190e-02 -7.722757685781e-01 1.041394324255e-03 8.676017108717e-03 -7.730720252395e-01 1.010731939488e-03 8.172632428009e-03
2865 -7.722933207154e-01 1.134086186698e-03 1.028921183087e-02 -7.732516869307e-01 1.195385458734e-03 1.143157115963e-02 -7.725114766955e-01 1.105095041467e-03 9.769880405395e-03
2866 -7.719875530005e-01 1.082813018057e-03 9.379872256584e-03 -7.743560045958e-01 1.187143043917e-03 1.127446885376e-02 -7.716493428946e-01 9.540174201171e-04 7.281193903094e-03
2867 -7.723750049472e-01 9.796764470318e-04 7.678127526951e-03 -7.739662479162e-01 1.087104963309e-03 9.454377610006e-03 -7.731934016347e-01 1.373085450612e-03 1.508290923746e-02
2868 -7.707871504426e-01 9.155999044242e-04 6.706585479853e-03 -7.724383758903e-01 9.907466540062e-04 7.852631459397e-03 -7.737115509510e-01 1.105031166943e-03 9.768751039331e-03
2869 -7.714213707447e-01 1.164050670292e-03 1.084011170407e-02 -7.711369899511e-01 1.061515229768e-03 9.014516664239e-03 -7.730301949382e-01 1.028180526587e-03 8.457241562018e-03
2870 -7.734852073193e-01 1.274304363859e-03 1.299081289399e-02 -7.729199223518e-01 9.272318266200e-04 6.878070882376e-03 -7.716806223989e-01 9.810941830228e-04 7.700366367689e-03
2871 -7.705932010412e-01 1.331418406299e-03 1.418139978106e-02 -7.729654921293e-01 9.728518741424e-04 7.571526152178e-03 -7.719269188643e-01 1.109943533495e-03 9.855797180373e-03
2872 -7.738564372659e-01 1.137012456206e-03 1.034237860454e-02 -7.710970407128e-01 1.090672142525e-03 9.516525779843e-03 -7.719408546090e-01 1.012739407929e-03 8.205128866980e-03
2873 -7.729259902835e-01 1.017517284897e-03 8.282731400514e-03 -7.751018933058e-01 1.205243940367e-03 1.162090364632e-02 -7.719660475850e-01 1.020305695144e-03 8.328189692348e-03
2874 -7.717951188087e-01 1.103832994997e-03 9.747578246748e-03 -7.739753300548e-01 1.129042745850e-03 1.019790017564e-02 -7.723048186898e-01 1.090285259144e-03 9.509775570448e-03
2875 -7.716338261962e-01 1.053596264855e-03 8.880520714530e-03 -7.736135805845e-01 1.280974864551e-03 1.312717282890e-02 -7.738361303210e-01 1.065009085042e-03 9.073954809771e-03
2876 -7.709136395454e-01 1.044833190065e-03 8.733411160496e-03 -7.719246385098e-01 1.013982043010e-03 8.225276668381e-03 -7.725982732773e-01 1.106883820624e-03 9.801534338871e-03
2877 -7.743551557064e-01 1.306825157664e-03 1.366233594163e-02 -7.741266527772e-01 1.129798155764e-03 1.021155098214e-02 -7.717648550272e-01 1.080277209472e-03 9.335990794432e-03
2878 -7.722615973353e-01 1.055650287561e-03 8.915180237019e-03 -7.719871435165e-01 1.045557540602e-03 8.745524565679e-03 -7.716135410666e-01 9.270885952154e-04 6.875946107028e-03
2879 -7.727969022393e-01 1.055315894768e-03 8.909533101993e-03 -7.735465630889e-01 1.116342416734e-03 9.969763131194e-03 -7.716676781178e-01 9.395332494094e-04 7.061781813967e-03
2880 -7.724352850318e-01 1.174510402122e-03 1.103579747753e-02 -7.736611386538e-01 1.163467438676e-03 1.082925184687e-02 -7.729472544789e-01 1.142288529978e-03 1.043858468576e-02
2881 -7.724435235858e-01 1.198079483894e-03 1.148315559783e-02 -7.729720662236e-01 1.099110469404e-03 9.664350591634e-03 -7.711646288037e-01 1.153489198275e-03 1.064429864430e-02
2882 -7.703877927065e-01 1.115260678946e-03 9.950451056026e-03 -7.724694960713e-01 1.109383250606e-03 9.845849573805e-03 -7.733932852745e-01 1.098039313168e-03 9.645522666101e-03
2883 -7.721147576571e-01 9.213043168906e-04 6.790413154571e-03 -7.731976103783e-01 1.046110870937e-03 8.754783634332e-03 -7.726834020019e-01 1.237575002543e-03 1.225273509536e-02
2884 -7.714931142330e-01 1.071858402409e-03 9.191043478516e-03 -7.737594826221e-01 1.060181781601e-03 8.991883280308e-03 -7.723580222130e-01 9.485672811125e-04 7.198239094377e-03
2885 -7.731902959943e-01 1.072226349900e-03 9.197354763357e-03 -7.744038799405e-01 1.030421705784e-03 8.494151134002e-03 -7.744965068102e-01 1.189180883413e-03 1.131320938780e-02
2886 -7.711618745923e-01 1.118684234446e-03 1.001163533118e-02 -7.735523956418e-01 1.218518653076e-03 1.187830166316e-02 -7.725136318207e-01 9.411417607697e-04 7.085982510917e-03
2887 -7.707100518942e-01 9.981046045255e-04 7.969702412599e-03 -7.721248714924e-01 8.762930871796e-04 6.143116597110e-03 -7.723231483698e-01 1.052937111386e-03 8.869412484264e-03
2888 -7.735833320022e-01 1.426902435444e-03 1.628840448220e-02 -7.721746423841e-01 1.052512928585e-03 8.862267718713e-03 -7.725038602352e-01 1.164313718146e-03 1.084501147411e-02
2889 -7.725603184700e-01 1.158811720273e-03 1.074275682435e-02 -7.734174582958e-01 9.632847349286e-04 7.423339844371e-03 -7.719922530651e-01 1.086423844420e-03 9.442534157794e-03
2890 -7.713109838367e-01 8.894412657439e-04 6.328846121664e-03 -7.739533125162e-01 1.398908335128e-03 1.565555624072e-02 -7.721727606654e-01 9.573290053723e-04 7.331830596216e-03
2891 -7.709566639662e-01 1.094699710553e-03 9.586939650274e-03 -7.734407928586e-01 1.232128409104e-03 1.214512333217e-02 -7.735069230795e-01 1.162544001881e-03 1.081206845048e-02
2892 -7.695845592022e-01 1.012842568065e-03 8.206800541470e-03 -7.737364517450e-01 1.199425453795e-03 1.150897135368e-02 -7.722458775043e-01 1.059826551976e-03 8.985858562192e-03
2893 -7.724216578007e-01 1.198407978326e-03 1.148945346012e-02 -7.720860282183e-01 9.743193300252e-04 7.594385254887e-03 -7.720583760142e-01 1.036848948220e-03 8.600445931402e-03
2894 -7.730181320906e-01 1.313945549574e-03 1.381162325796e-02 -7.723728393316e-01 1.077202071663e-03 9.282914425560e-03 -7.724917606115e-01 1.027921517783e-03 8.452981173776e-03
2895 -7.721982836723e-01 9.972575041514e-04 7.956180236691e-03 -7.746118528843e-01 1.181684627729e-03 1.117102847528e-02 -7.747629278302e-01 1.169182135107e-03 1.093589492043e-02
2896 -7.747209320068e-01 1.324802362783e-03 1.404081040349e-02 -7.726131165624e-01 1.010827403423e-03 8.174176316085e-03 -7.723800243735e-01 9.623843823038e-04 7.409469594418e-03
2897 -7.725176125169e-01 1.161710700425e-03 1.079657401185e-02 -7.743060210347e-01 1.028839167702e-03 8.468080263984e-03 -7.744497153163e-01 1.149995212412e-03 1.057991190856e-02
2898 -7.716980850101e-01 1.213765081425e-03 1.178580538309e-02 -7.722413351536e-01 9.437563036764e-04 7.125407685831e-03 -7.735183239579e-01 1.088509321160e-03 9.478820338025e-03
2899 -7.739725001454e-01 1.040172825808e-03 8.655676060398e-03 -7.748410898447e-01 1.122564908102e-03 1.008121578322e-02 -7.728058623075e-01 1.087081447456e-03 9.453968587226e-03
2900 -7.726743965149e-01 1.169926208418e-03 1.094981866515e-02 -7.724026794434e-01 1.119128805158e-03 1.001959426027e-02 -7.724989430904e-01 1.037407384900e-03 8.609712657963e-03
2901 -7.716088971496e-01 1.194152900219e-03 1.140800919282e-02 -7.730245240331e-01 1.057557900176e-03 8.947429697795e-03 -7.743999397755e-01 1.263674707247e-03 1.277499012588e-02
2902 -7.706953590512e-01 1.116060509063e-03 9.964728479114e-03 -7.742952435613e-01 1.048612256053e-03 8.796701308359e-03 -7.747428634763e-01 1.288362162262e-03 1.327901648919e-02
2903 -7.727920910716e-01 1.182552131102e-03 1.118743634219e-02 -7.721274427772e-01 1.050778588614e-03 8.833085138319e-03 -7.731671439409e-01 1.008312487442e-03 8.133552578650e-03
2904 -7.731328988075e-01 1.194373579677e-03 1.141222598264e-02 -7.732159035802e-01 1.229462957272e-03 1.209263330643e-02 -7.738544803262e-01 1.055252231523e-03 8.908458177071e-03
2905 -7.736294958591e-01 1.237660079910e-03 1.225441978722e-02 -7.730164270401e-01 1.050317013775e-03 8.825326635394e-03 -7.732730693817e-01 1.017337732627e-03 8.279808497816e-03
2906 -7.729643682241e-01 1.258684650339e-03 1.267429639199e-02 -7.728110283613e-01 9.750032837255e-04 7.605051226204e-03 -7.764508922696e-01 1.325835731025e-03 1.406272308529e-02
2907 -7.732568609118e-01 1.087978186760e-03 9.469572278923e-03 -7.729532585144e-01 1.135297706693e-03 1.031120706259e-02 -7.726655603051e-01 1.215429392323e-03 1.181814886177e-02
2908 -7.696708399653e-01 1.013520075103e-03 8.217783541094e-03 -7.754916465282e-01 1.233250382195e-03 1.216725204148e-02 -7.722969337106e-01 1.216431484135e-03 1.183764444475e-02
2909 -7.734349608421e-01 1.078022153065e-03 9.297054099997e-03 -7.728219709992e-01 1.134587462472e-03 1.029830968000e-02 -7.730708715916e-01 9.714635269758e-04 7.549931073954e-03
2910 -7.739312145114e-01 1.035083914915e-03 8.571189687332e-03 -7.728475289941e-01 1.083825127491e-03 9.397415255854e-03 -7.740930184126e-01 1.173033043725e-03 1.100805217337e-02
2911 -7.734072640538e-01 1.026987501761e-03 8.437626630188e-03 -7.733651396036e-01 1.025562841125e-03 8.414233128779e-03 -7.749224599004e-01 1.242944678778e-03 1.235929179602e-02
2912 -7.706324523687e-01 1.146120395134e-03 1.050873568113e-02 -7.730023231506e-01 1.135696841698e-03 1.031845852995e-02 -7.738450415134e-01 9.850042723568e-04 7.761867332490e-03
2913 -7.722449092865e-01 1.186118676636e-03 1.125502012052e-02 -7.749001644254e-01 1.188245661117e-03 1.129542200931e-02 -7.735297235847e-01 1.163017827868e-03 1.082088374350e-02
2914 -7.711559593678e-01 1.131442711455e-03 1.024130087444e-02 -7.737038244009e-01 1.133860626281e-03 1.028511935864e-02 -7.750628796816e-01 1.291959952522e-03 1.335328415136e-02
2915 -7.731895329356e-01 1.139106843158e-03 1.038051520103e-02 -7.714626816511e-01 9.918234315075e-04 7.869709754298e-03 -7.715194911957e-01 1.116318715888e-03 9.969339803542e-03
2916 -7.718688300252e-01 1.257525985358e-03 1.265097283081e-02 -7.734745076299e-01 1.207556346331e-03 1.166553863652e-02 -7.715225585103e-01 1.008250010866e-03 8.132544675291e-03
2917 -7.724522827268e-01 1.175202348036e-03 1.104880447063e-02 -7.736949578524e-01 1.142199445123e-03 1.043695657952e-02 -7.726535732150e-01 1.038789452118e-03 8.632668206657e-03
2918 -7.749005579948e-01 1.324648878483e-03 1.403755721013e-02 -7.744202498198e-01 1.158512450044e-03 1.073720877526e-02 -7.743525199890e-01 1.111513302175e-03 9.883694567302e-03
2919 -7.727809510231e-01 9.823860477678e-04 7.720658774791e-03 -7.741084992886e-01 1.094670643092e-03 9.586430534785e-03 -7.738518590927e-01 1.222969929987e-03 1.196524359722e-02
2920 -7.722419205308e-01 9.886092720210e-04 7.818786341807e-03 -7.725496912599e-01 1.023506576780e-03 8.380525701695e-03 -7.739479492903e-01 1.042746633733e-03 8.698564337298e-03
2921 -7.733595451713e-01 1.160698355166e-03 1.077776537349e-02 -7.734594208598e-01 1.199648063209e-03 1.151324380450e-02 -7.732036461234e-01 1.100190529897e-03 9.683353616604e-03
2922 -7.707093338370e-01 9.929440514052e-04 7.887503113768e-03 -7.756383219957e-01 1.401916201733e-03 1.572295229345e-02 -7.739421061873e-01 1.013759383757e-03 8.221664705244e-03
2923 -7.706828675270e-01 1.026618233080e-03 8.431559971941e-03 -7.731796620488e-01 1.078314617876e-03 9.302099321000e-03 -7.730086344481e-01 1.152435266951e-03 1.062485635610e-02
2924 -7.727479426861e-01 1.091907718561e-03 9.538099726820e-03 -7.740304833055e-01 1.043826542590e-03 8.716590808115e-03 -7.715606046319e-01 9.615385959097e-04 7.396451771393e-03
2925 -7.725736027360e-01 1.113079073697e-03 9.911560194410e-03 -7.744495833516e-01 1.123276634629e-03 1.009400318323e-02 -7.738924469948e-01 1.145984563051e-03 1.050624495000e-02
2926 -7.730668973327e-01 1.348456937452e-03 1.454668889729e-02 -7.762314445972e-01 1.171352756676e-03 1.097653824458e-02 -7.749946150184e-01 1.254076092659e-03 1.258165476942e-02
2927 -7.722302560806e-01 1.184666703053e-03 1.122748157858e-02 -7.736782328486e-01 1.010722554258e-03 8.172480653489e-03 -7.731150901318e-01 9.221844277399e-04 6.803392950127e-03
2928 -7.715492737293e-01 1.020493311734e-03 8.331252794349e-03 -7.715419652462e-01 1.056948771451e-03 8.937125643779e-03 -7.727551321387e-01 1.021512386404e-03 8.347900444617e-03
2929 -7.721828166842e-01 1.249440855171e-03 1.248881960457e-02 -7.729779703021e-01 1.129539337317e-03 1.020687291638e-02 -7.709619696736e-01 8.869788366494e-04 6.293851653311e-03
2930 -7.734061356783e-01 1.136353050943e-03 1.033038605111e-02 -7.729839781523e-01 1.093529416429e-03 9.566452676762e-03 -7.722501522303e-01 1.092824711628e-03 9.554126802761e-03
2931 -7.729135861397e-01 1.194088019898e-03 1.140676959411e-02 -7.701713835001e-01 1.012850576380e-03 8.206930320587e-03 -7.733164961338e-01 1.119756963885e-03 1.003084526535e-02
2932 -7.725251244903e-01 1.019100310941e-03 8.308523550086e-03 -7.735304223299e-01 1.134174293125e-03 1.029081061748e-02 -7.727354747057e-01 1.086246768317e-03 9.439456333437e-03
2933 -7.743473914266e-01 9.739134452864e-04 7.588059191277e-03 -7.748675123453e-01 1.334215261114e-03 1.424104290392e-02 -7.722860596180e-01 9.894084483966e-04 7.831432622069e-03
2934 -7.721611402035e-01 9.988692687219e-04 7.981918527975e-03 -7.727446992993e-01 1.024639333301e-03 8.399086106783e-03 -7.739255328774e-01 1.106991552101e-03 9.803442371386e-03
2935 -7.742506991029e-01 1.271134333268e-03 1.292625994571e-02 -7.745972019434e-01 1.112691767618e-03 9.904663757795e-03 -7.721205444932e-01 1.132405589510e-03 1.025873935323e-02
2936 -7.721987857223e-01 1.070812043386e-03 9.173107458092e-03 -7.723941673636e-01 9.986961216412e-04 7.979151547049e-03 -7.720381568074e-01 1.111865904628e-03 9.889966318991e-03
2937 -7.732432197928e-01 1.120315739030e-03 1.004085884095e-02 -7.763648599982e-01 1.268132564413e-03 1.286528160739e-02 -7.744447763562e-01 1.186508276280e-03 1.126241511745e-02
2938 -7.723693969250e-01 1.189248705214e-03 1.131449986282e-02 -7.709491164684e-01 1.156977415467e-03 1.070877391921e-02 -7.727804330587e-01 1.063553246776e-03 9.049164069826e-03
2939 -7.750752896070e-01 1.206602760072e-03 1.164712176491e-02 -7.739387028813e-01 1.159740149878e-03 1.075997772192e-02 -7.740737907290e-01 1.191201993708e-03 1.135169751851e-02
2940 -7.719513453841e-01 1.027642745259e-03 8.448396895067e-03 -7.722490680218e-01 1.010500592655e-03 8.168891582048e-03 -7.729483314157e-01 1.052399606115e-03 8.860359447616e-03
2941 -7.748188126683e-01 1.268308371785e-03 1.286884900751e-02 -7.752540260553e-01 1.253770319778e-03 1.257552011805e-02 -7.741241555810e-01 1.089978241407e-03 9.504420533933e-03
2942 -7.721007162929e-01 1.003674587969e-03 8.058901428281e-03 -7.733980839849e-01 1.014426535279e-03 8.232489563821e-03 -7.723612162471e-01 1.035479913898e-03 8.577749216681e-03
2943 -7.708962203860e-01 9.490606210525e-04 7.205728499461e-03 -7.720229132771e-01 1.026304967292e-03 8.426415087106e-03 -7.727896820903e-01 9.854316128110e-04 7.768603708219e-03
2944 -7.716019426584e-01 1.221228922453e-03 1.193120064828e-02 -7.732539228797e-01 1.025288765333e-03 8.409736418545e-03 -7.729786283970e-01 1.059160643781e-03 8.974570154680e-03
2945 -7.721680578589e-01 1.244645471797e-03 1.239313880371e-02 -7.735681818128e-01 1.127204859786e-03 1.016472636741e-02 -7.729483279586e-01 9.919647678721e-04 7.871952805596e-03
2946 -7.722638252974e-01 1.157964591961e-03 1.072705596988e-02 -7.721160991192e-01 1.089486777481e-03 9.495851506452e-03 -7.711412467360e-01 1.040283271323e-03 8.657514276761e-03
2947 -7.715316745639e-01 1.077326843713e-03 9.285065025483e-03 -7.713278208971e-01 1.109645795250e-03 9.850510327335e-03 -7.716459959149e-01 1.218263136008e-03 1.187332054845e-02
2948 -7.703103900552e-01 1.031923670859e-03 8.518931699829e-03 -7.720489960313e-01 1.152726507235e-03 1.063022720386e-02 -7.727344981432e-01 1.147088787381e-03 1.052650148909e-02
2949 -7.698239666820e-01 9.913799211293e-04 7.862673184146e-03 -7.759126348495e-01 1.309572676173e-03 1.371984475344e-02 -7.730550058484e-01 1.040284101964e-03 8.657528102392e-03
2950 -7.706274071336e-01 1.152342582941e-03 1.062314742767e-02 -7.728766898513e-01 1.124943151592e-03 1.012397675450e-02 -7.730621126294e-01 1.135010872634e-03 1.030599744798e-02
2951 -7.727397266626e-01 1.008488110830e-03 8.136386157480e-03 -7.750489487052e-01 1.051363121175e-03 8.842915300538e-03 -7.736220558286e-01 1.155889604255e-03 1.068864621780e-02
2952 -7.722051717043e-01 1.188845174188e-03 1.130682278553e-02 -7.725399022698e-01 1.129427843349e-03 1.020485802666e-02 -7.730722689629e-01 9.924916261028e-04 7.880317023074e-03
2953 -7.718936589956e-01 1.326075851504e-03 1.406781731153e-02 -7.712881290317e-01 1.022938857858e-03 8.371231255320e-03 -7.740508674383e-01 9.475669377402e-04 7.183064811986e-03
2954 -7.710186970234e-01 1.120279248166e-03 1.004020475097e-02 -7.729719113111e-01 1.058863672752e-03 8.969538219792e-03 -7.758130671978e-01 1.083814570987e-03 9.397232194269e-03
2955 -7.734726049900e-01 1.029792126221e-03 8.483774585809e-03 -7.721901897788e-01 1.015950844338e-03 8.257248944894e-03 -7.718851242065e-01 9.986939651582e-04 7.979117088348e-03
2956 -7.713749316931e-01 1.136243640680e-03 1.032839688788e-02 -7.728062558174e-01 1.307481374466e-03 1.367606035660e-02 -7.726934894323e-01 1.061846497619e-03 9.020143876038e-03
2957 -7.721514749527e-01 1.149036792758e-03 1.056228440889e-02 -7.731811564565e-01 1.198332830655e-03 1.148801258421e-02 -7.730180068016e-01 9.922295310272e-04 7.876155537940e-03
2958 -7.722916187048e-01 1.241823522470e-03 1.233700528768e-02 -7.746492658854e-01 1.200362658034e-03 1.152696408643e-02 -7.733967176676e-01 1.066000254331e-03 9.090852337864e-03
2959 -7.727748488188e-01 1.039370079022e-03 8.642321289337e-03 -7.729457748532e-01 1.085156141151e-03 9.420510805423e-03 -7.723617396951e-01 1.094699274917e-03 9.586932020032e-03
2960 -7.744148275256e-01 1.083573921707e-03 9.393059550421e-03 -7.726045274734e-01 9.655168734182e-04 7.457782662842e-03 -7.739155299664e-01 1.163308279004e-03 1.082628921599e-02
2961 -7.712401270270e-01 9.247327387952e-04 6.841045105597e-03 -7.742515557408e-01 1.129336253760e-03 1.020320299245e-02 -7.734820694923e-01 1.151778738395e-03 1.061275409775e-02
2962 -7.717488240600e-01 1.055319600891e-03 8.909595680194e-03 -7.739738053679e-01 1.100033289082e-03 9.680585896703e-03 -7.713985483050e-01 1.014566848053e-03 8.234767113342e-03
2963 -7.712177121043e-01 1.032806624210e-03 8.533516184090e-03 -7.737463155389e-01 9.925467421091e-04 7.881192282171e-03 -7.720819084644e-01 1.049550574220e-03 8.812451262772e-03
2964 -7.728114336729e-01 1.106171321133e-03 9.788919933581e-03 -7.735792126656e-01 9.961465052781e-04 7.938462879823e-03 -7.746589248776e-01 1.328214939697e-03 1.411323940827e-02
2965 -7.738308369517e-01 1.123231231918e-03 1.009318720286e-02 -7.742935703397e-01 1.229557598618e-03 1.209449510655e-02 -7.765660035610e-01 1.516213468045e-03 1.839122624545e-02
2966 -7.715729876161e-01 9.749554659218e-04 7.604305284246e-03 -7.722824750543e-01 1.198107375012e-03 1.148369025646e-02 -7.734494404197e-01 9.684911240189e-04 7.503800458426e-03
2967 -7.727427765727e-01 9.861049864585e-04 7.779224354547e-03 -7.719537191391e-01 1.095272141626e-03 9.596968513783e-03 -7.721547796130e-01 1.041233577576e-03 8.673338904571e-03
2968 -7.712737183571e-01 1.178290524568e-03 1.110694848230e-02 -7.726031265259e-01 9.559348070847e-04 7.310490843168e-03 -7.738969330788e-01 1.077226357689e-03 9.283333005598e-03
2969 -7.721004738212e-01 1.149815178468e-03 1.057659955708e-02 -7.742852609158e-01 1.338719117453e-03 1.433735100348e-02 -7.728042014837e-01 9.112629689491e-04 6.643201588624e-03
2970 -7.712840030193e-01 1.082622251774e-03 9.376567520296e-03 -7.743408002853e-01 1.287260915383e-03 1.325632531417e-02 -7.729771618843e-01 1.044501126013e-03 8.727860817936e-03
2971 -7.731645381451e-01 1.116326102995e-03 9.969471745817e-03 -7.734573444128e-01 1.196048038877e-03 1.144424729041e-02 -7.731426271796e-01 1.096108150473e-03 9.611624620268e-03
2972 -7.732950732708e-01 1.108433570751e-03 9.828999846149e-03 -7.731683486104e-01 1.080527294563e-03 9.340313874363e-03 -7.735805800557e-01 1.268957796595e-03 1.288203111631e-02
2973 -7.720391603112e-01 1.073404523553e-03 9.217578169480e-03 -7.728614215255e-01 9.226183038526e-04 6.809796276831e-03 -7.728645774126e-01 1.238647427899e-03 1.227397960513e-02
2974 -7.693125979304e-01 9.482908788054e-04 7.194044726605e-03 -7.742737192512e-01 1.190194323464e-03 1.133250022086e-02 -7.725033599138e-01 9.512296366037e-04 7.238702572425e-03
2975 -7.713999884129e-01 9.233041138171e-04 6.819923892733e-03 -7.718073228002e-01 1.050215410864e-03 8.823619273726e-03 -7.722968401313e-01 1.039427723381e-03 8.643279937071e-03
2976 -7.736919606328e-01 1.005292812259e-03 8.084909107044e-03 -7.738786095977e-01 1.127927087605e-03 1.017775611963e-02 -7.722836653590e-01 1.028038339048e-03 8.454902612417e-03
2977 -7.703974548578e-01 1.049888844144e-03 8.818132680462e-03 -7.735162233710e-01 1.055558016914e-03 8.913621816563e-03 -7.757107202411e-01 1.409166902728e-03 1.588601087795e-02
2978 -7.726026492119e-01 1.254540753096e-03 1.259098000942e-02 -7.739047469497e-01 1.102150006982e-03 9.717877103127e-03 -7.705950056911e-01 1.099622274254e-03 9.673353168288e-03
2979 -7.722417609692e-01 1.099652493988e-03 9.673884860273e-03 -7.737542929053e-01 1.007753932139e-03 8.124543901926e-03 -7.744615863562e-01 1.085558532235e-03 9.427498615264e-03
2980 -7.725017347336e-01 1.034867303964e-03 8.567602694503e-03 -7.723142944574e-01 9.950709988470e-04 7.921330341970e-03 -7.724965118766e-01 1.176090339324e-03 1.106550789002e-02
2981 -7.709102868438e-01 1.181062560009e-03 1.115927016523e-02 -7.717721104026e-01 1.086189917276e-03 9.438468291129e-03 -7.743556838036e-01 1.000893487466e-03 8.014302186012e-03
2982 -7.751474118233e-01 1.234796880142e-03 1.219778668167e-02 -7.746836187840e-01 1.064002886597e-03 9.056817141489e-03 -7.737647861242e-01 9.974553824245e-04 7.959337919420e-03
2983 -7.715604101419e-01 1.262591174642e-03 1.275309179427e-02 -7.733796198964e-01 1.140561821503e-03 1.040705014936e-02 -7.709739419222e-01 1.102873045587e-03 9.730631637461e-03
2984 -7.736760379672e-01 1.185675995095e-03 1.124662052275e-02 -7.729192634225e-01 1.105988276325e-03 9.785680538954e-03 -7.732831131220e-01 1.213133047059e-03 1.177353431894e-02
2985 -7.732180964947e-01 1.046111056761e-03 8.754786744614e-03 -7.745227988958e-01 1.186603677579e-03 1.126422630115e-02 -7.727551120520e-01 1.224147288815e-03 1.198829267771e-02
2986 -7.739709570408e-01 1.278559242145e-03 1.307770988539e-02 -7.730273675323e-01 1.175967788042e-03 1.106320190809e-02 -7.755165092349e-01 1.163295985511e-03 1.082606039926e-02
2987 -7.719204257131e-01 1.106425137839e-03 9.793412685128e-03 -7.722532764673e-01 1.020935120566e-03 8.338468163233e-03 -7.740854732394e-01 1.029211595509e-03 8.474212066639e-03
2988 -7.723635913134e-01 1.118609944885e-03 1.001030567037e-02 -7.734621673822e-01 1.184306362829e-03 1.122065248830e-02 -7.736049039960e-01 9.822276004119e-04 7.718168472088e-03
2989 -7.734660764337e-01 1.116814792508e-03 9.978202246110e-03 -7.745514560342e-01 1.131744438853e-03 1.024676379899e-02 -7.726598576903e-01 9.534086018459e-04 7.271903696590e-03
2990 -7.714885756969e-01 1.025855865647e-03 8.419042056659e-03 -7.738200324178e-01 1.154165206131e-03 1.065677858434e-02 -7.731964718699e-01 1.050252999637e-03 8.824250905966e-03
2991 -7.733677380085e-01 1.151886971385e-03 1.061474875876e-02 -7.736074506640e-01 1.122844074826e-03 1.008623053097e-02 -7.725641756058e-01 1.177153942567e-03 1.108553123600e-02
2992 -7.722132325172e-01 1.076625689977e-03 9.272983010550e-03 -7.738118279576e-01 1.072859011600e-03 9.208211670165e-03 -7.736773885489e-01 1.023153212702e-03 8.374739973298e-03
2993 -7.717363077998e-01 1.127198152474e-03 1.016460539953e-02 -7.738143793941e-01 1.169983590543e-03 1.095089281711e-02 -7.721293135285e-01 9.358718132732e-04 7.006848407034e-03
2994 -7.731152399182e-01 1.232450593202e-03 1.215147571746e-02 -7.727012559772e-01 1.163785794485e-03 1.083517900357e-02 -7.724946488142e-01 1.174164730637e-03 1.102930251737e-02
2995 -7.723605273366e-01 9.605879655471e-04 7.381833916431e-03 -7.748206187487e-01 1.187914097541e-03 1.128911922510e-02 -7.737511979342e-01 1.240766239622e-03 1.231600689109e-02
2996 -7.747094743848e-01 1.079335904606e-03 9.319727959769e-03 -7.727664393783e-01 1.088979040647e-03 9.487002807751e-03 -7.748206961155e-01 1.048068514172e-03 8.787580883185e-03
2997 -7.713514932990e-01 1.055455632837e-03 8.911892743106e-03 -7.726029130816e-01 1.108119200109e-03 9.823425293208e-03 -7.733463282585e-01 1.041532417136e-03 8.678318207560e-03
2998 -7.725249418616e-01 1.104210022844e-03 9.754238196391e-03 -7.723757350445e-01 9.915661211122e-04 7.865626980299e-03 -7.750641718507e-01 1.136103234517e-03 1.032584447585e-02
2999 -7.715709912181e-01 9.971240002154e-04 7.954050174444e-03 -7.718698949814e-01 1.103937232775e-03 9.749419311253e-03 -7.753039051294e-01 1.205783749167e-03 1.163131559804e-02
3000 -7.731072955728e-01 1.279335989889e-03 1.309360460020e-02 -7.730801299810e-01 1.041210640737e-03 8.672956787064e-03 -7.736852379441e-01 1.004984078391e-03 8.079943982554e-03
3001 -7.710112041235e-01 1.072194556219e-03 9.196809331093e-03 -7.738860379457e-01 1.141357595995e-03 1.042157729549e-02 -7.734642644525e-01 9.779432012203e-04 7.650983238505e-03
3002 -7.729602695704e-01 9.644712735020e-04 7.441638699285e-03 -7.722401951551e-01 1.105142136087e-03 9.770713127637e-03 -7.736660379171e-01 1.042547680198e-03 8.695245323892e-03
3003 -7.722593982220e-01 9.725268048724e-04 7.566467089562e-03 -7.727854653001e-01 1.085190482260e-03 9.421107062310e-03 -7.740629122853e-01 1.163799270696e-03 1.083542993977e-02
3004 -7.730628129840e-01 1.430603427108e-03 1.637300932522e-02 -7.739161216617e-01 1.151479502756e-03 1.060724036214e-02 -7.730737408996e-01 9.661365855494e-04 7.467359215496e-03
3005 -7.743558385968e-01 1.280523211623e-03 1.311791756405e-02 -7.729238072038e-01 1.065336103548e-03 9.079528108178e-03 -7.726078140736e-01 1.108331840317e-03 9.827195746078e-03
3006 -7.718339729905e-01 1.133598456398e-03 1.028036368279e-02 -7.729446734190e-01 1.084913733764e-03 9.416302477670e-03 -7.740322958231e-01 1.262477222696e-03 1.275078990260e-02
3007 -7.731606113911e-01 9.458982938160e-04 7.157788657953e-03 -7.741023519635e-01 9.991556534674e-04 7.986496158846e-03 -7.722233423591e-01 1.087258800905e-03 9.457053601167e-03
3008 -7.728952559829e-01 1.014588557959e-03 8.235119535534e-03 -7.718177804947e-01 1.108618346340e-03 9.832277102733e-03 -7.738767430782e-01 1.098287459183e-03 9.649882743994e-03
3009 -7.722184928060e-01 1.282583816731e-03 1.316016997552e-02 -7.724043591619e-01 1.136501875441e-03 1.033309210305e-02 -7.723970547915e-01 9.089759997883e-04 6.609898945530e-03
3010 -7.692114134431e-01 9.647723054046e-04 7.446284810206e-03 -7.733318128586e-01 1.116876830374e-03 9.979310833812e-03 -7.718583235741e-01 8.792039675271e-04 6.183996932123e-03
3011 -7.744463601708e-01 1.260423425366e-03 1.270933768969e-02 -7.735353856087e-01 1.278882429281e-03 1.308432214338e-02 -7.734191730618e-01 1.058079503264e-03 8.956257881820e-03
3012 -7.724241967797e-01 1.055675751141e-03 8.915610332378e-03 -7.720091785192e-01 9.348972998998e-04 6.992263690880e-03 -7.719674031734e-01 1.120760831099e-03 1.004883872420e-02
3013 -7.733928028941e-01 1.109317859420e-03 9.844688905824e-03 -7.746702602506e-01 1.373940419408e-03 1.510169820867e-02 -7.725480402112e-01 1.115745742502e-03 9.959108495289e-03
3014 -7.719896339774e-01 1.000619085084e-03 8.009908427479e-03 -7.719891019464e-01 9.933845502080e-04 7.894502916736e-03 -7.728260318637e-01 1.150704543655e-03 1.059296757430e-02
3015 -7.698213121295e-01 1.035231963262e-03 8.573641742067e-03 -7.735262134671e-01 1.099077340914e-03 9.663768010491e-03 -7.727162885666e-01 9.360171952725e-04 7.009025518766e-03
3016 -7.739933485985e-01 1.006119590536e-03 8.098213043683e-03 -7.747879232764e-01 1.169960815714e-03 1.095046648246e-02 -7.729994049668e-01 1.091033707544e-03 9.522836407985e-03
3017 -7.729921883345e-01 1.428464873192e-03 1.632409515154e-02 -7.760532107353e-01 1.215006250097e-03 1.180992150220e-02 -7.724862363935e-01 1.127744824957e-03 1.017446712174e-02
3018 -7.714189525247e-01 9.999976711715e-04 7.999962738787e-03 -7.730707064867e-01 1.052554797869e-03 8.862972820141e-03 -7.729535114169e-01 1.249097823934e-03 1.248196299005e-02
3019 -7.733232584000e-01 1.435402008311e-03 1.648303140371e-02 -7.732087883353e-01 1.179748348872e-03 1.113444933333e-02 -7.722263144851e-01 1.081296955770e-03 9.353624852467e-03
3020 -7.734498010874e-01 1.380387627033e-03 1.524376000692e-02 -7.727549738884e-01 9.589782603571e-04 7.357114430700e-03 -7.726758365631e-01 1.061116697350e-03 9.007749163167e-03
3021 -7.740514925718e-01 1.033960554422e-03 8.552595424802e-03 -7.733329755664e-01 9.525769890663e-04 7.259223360789e-03 -7.740432911515e-01 1.182387581202e-03 1.118432313744e-02
3022 -7.709701966643e-01 1.084813393886e-03 9.414560796444e-03 -7.735607240796e-01 9.642583521124e-04 7.438353356948e-03 -7.724473290443e-01 1.052308408859e-03 8.858823898837e-03
3023 -7.737150291204e-01 1.058791638845e-03 8.968317875897e-03 -7.728107610345e-01 1.180628739190e-03 1.115107375842e-02 -7.722420716882e-01 1.045891467009e-03 8.751111686090e-03
3024 -7.730823204517e-01 1.210270583790e-03 1.171803908789e-02 -7.717741010785e-01 1.130109623170e-03 1.021718208304e-02 -7.732932251692e-01 1.126106973454e-03 1.014493532529e-02
3025 -7.729185267687e-01 1.143133708757e-03 1.045403740877e-02 -7.751134488583e-01 1.251028609122e-03 1.252058064674e-02 -7.735831421018e-01 1.197313728345e-03 1.146848131268e-02
3026 -7.729376751781e-01 1.156964299838e-03 1.070853112880e-02 -7.738498805165e-01 1.181927850399e-03 1.117562754840e-02 -7.728405597210e-01 1.119528532910e-03 1.002675308799e-02
3027 -7.736905591488e-01 1.139265384586e-03 1.038340493212e-02 -7.744405069351e-01 1.199534491754e-03 1.151106397527e-02 -7.732807866335e-01 1.026043970192e-03 8.422129830133e-03
3028 -7.732576715350e-01 1.313473674141e-03 1.380170474129e-02 -7.739974988699e-01 1.075484980059e-03 9.253343538665e-03 -7.737356844544e-01 1.207792358033e-03 1.167009904098e-02
3029 -7.711050602794e-01 1.120880941454e-03 1.005099267932e-02 -7.716297977567e-01 1.308686748179e-03 1.370128803887e-02 -7.723774456382e-01 9.920412602875e-04 7.873166896903e-03
3030 -7.715743412375e-01 9.615251795407e-04 7.396245367127e-03 -7.734261215329e-01 1.078477160972e-03 9.304903893910e-03 -7.729874221683e-01 1.033502894603e-03 8.545025865217e-03
3031 -7.727409057617e-01 1.038834188233e-03 8.633411765135e-03 -7.725188490748e-01 1.123707718780e-03 1.010175229796e-02 -7.732562113404e-01 1.056015862235e-03 8.921356010343e-03
3032 -7.729995238185e-01 1.168473081742e-03 1.092263474205e-02 -7.734928305745e-01 1.015469095065e-03 8.249419864253e-03 -7.724425314069e-01 1.052260415969e-03 8.858015864114e-03
3033 -7.719273385406e-01 1.336280161288e-03 1.428515735561e-02 -7.741037009358e-01 1.065568905227e-03 9.083496734300e-03 -7.718759624362e-01 9.943170507111e-04 7.909331178678e-03
3034 -7.713970667124e-01 1.078373123711e-03 9.303108751546e-03 -7.717691706419e-01 8.550929939970e-04 5.849472227062e-03 -7.714699177742e-01 8.472927184203e-04 5.743239605504e-03
3035 -7.725085456967e-01 1.086900932425e-03 9.450829095250e-03 -7.732833032608e-01 1.061373806181e-03 9.012114851581e-03 -7.729826940298e-01 1.002626593124e-03 8.042080681917e-03
3036 -7.700129236579e-01 9.888186175411e-04 7.822098067168e-03 -7.744528828263e-01 1.170013627906e-03 1.095145511588e-02 -7.724973502159e-01 1.087434502900e-03 9.460110384778e-03
3037 -7.704950186610e-01 9.787879841773e-04 7.664207343759e-03 -7.731566614509e-01 1.220332164082e-03 1.191368472555e-02 -7.722399457097e-01 9.531442520531e-04 7.267871721775e-03
3038 -7.716080511212e-01 1.342949045497e-03 1.442809711040e-02 -7.729193747044e-01 1.116000878825e-03 9.963663692297e-03 -7.714108772278e-01 9.655023484489e-04 7.457558278882e-03
3039 -7.713504493237e-01 9.747334468512e-04 7.600842339284e-03 -7.732545796037e-01 9.867793826379e-04 7.789868399994e-03 -7.733096424937e-01 1.057604816901e-03 8.948223589852e-03
3040 -7.712190157175e-01 1.112390939312e-03 9.899308814910e-03 -7.740069844127e-01 1.048160384312e-03 8.789121529926e-03 -7.746128635406e-01 1.081983296203e-03 9.365502826092e-03
3041 -7.711498351693e-01 9.628813863339e-04 7.417124513186e-03 -7.738233574033e-01 1.185660651919e-03 1.124632945208e-02 -7.724125085473e-01 1.214174461851e-03 1.179375699049e-02
3042 -7.704011484981e-01 1.029725633940e-03 8.482679049542e-03 -7.732948980927e-01 1.112977634949e-03 9.909753727182e-03 -7.727280922532e-01 9.739554459662e-04 7.588713685818e-03
3043 -7.718435039520e-01 1.155656898647e-03 1.068434293913e-02 -7.734219871759e-01 1.036658467842e-03 8.597286231590e-03 -7.733940171599e-01 1.060581978348e-03 8.998673062366e-03
3044 -7.723524066210e-01 9.915596126052e-04 7.865523722798e-03 -7.746470518708e-01 1.197166799566e-03 1.146566676786e-02 -7.711387079358e-01 1.153759356168e-03 1.064928521556e-02
3045 -7.715931494236e-01 1.101763114393e-03 9.711055681896e-03 -7.752093513012e-01 1.037459191765e-03 8.610572596625e-03 -7.721059833765e-01 1.043299398067e-03 8.707789072057e-03
3046 -7.710366351604e-01 9.817980865381e-04 7.711419861839e-03 -7.721124137640e-01 1.123292567723e-03 1.009428954161e-02 -7.728502365351e-01 1.017464815300e-03 8.281877202991e-03
3047 -7.733664083481e-01 1.198665698433e-03 1.149439565281e-02 -7.736049046516e-01 1.098521591334e-03 9.653997493021e-03 -7.727909919620e-01 1.099427988486e-03 9.669935214926e-03
3048 -7.721441558003e-01 1.112340945103e-03 9.898419025215e-03 -7.716300421357e-01 9.226720642887e-04 6.810589905751e-03 -7.725126163960e-01 7.606068503263e-04 4.628182246107e-03
3049 -7.709982066154e-01 1.026771872783e-03 8.434083829900e-03 -7.752919600010e-01 1.079412063757e-03 9.321043227081e-03 -7.750941803455e-01 1.238513021701e-03 1.227131603938e-02
3050 -7.724524088502e-01 1.265574986376e-03 1.281344036913e-02 -7.714619356990e-01 8.556854340636e-04 5.857580496549e-03 -7.722722801566e-01 9.715577243634e-04 7.551395294161e-03
3051 -7.724946034551e-01 1.022328278801e-03 8.361240877091e-03 -7.751963797212e-01 1.459716643960e-03 1.704618144522e-02 -7.740933288932e-01 1.115652779055e-03 9.957448987305e-03
3052 -7.722201853991e-01 1.185531627845e-03 1.124388192497e-02 -7.716918745041e-01 9.764764929460e-04 7.628050730209e-03 -7.718405938745e-01 9.246216217116e-04 6.839401146692e-03
3053 -7.738775052428e-01 1.049560400102e-03 8.812616267695e-03 -7.736925373077e-01 1.073773852493e-03 9.223922290380e-03 -7.728213486671e-01 1.011684407424e-03 8.188042721800e-03
3054 -7.736357007623e-01 1.102795687820e-03 9.729266632595e-03 -7.710181787014e-01 9.259149044700e-04 6.858547282557e-03 -7.724969339967e-01 9.406227034785e-04 7.078168562393e-03
3055 -7.706714664698e-01 9.625904398457e-04 7.412642839059e-03 -7.732165176272e-01 1.261822918647e-03 1.273757662418e-02 -7.729652162790e-01 1.204959463956e-03 1.161541847822e-02
3056 -7.711471756697e-01 1.065221405883e-03 9.077573148406e-03 -7.738585041165e-01 1.245800745106e-03 1.241615597206e-02 -7.704713857770e-01 1.128664511395e-03 1.019106863425e-02
3057 -7.727136982679e-01 1.030571651788e-03 8.496623435755e-03 -7.738428364396e-01 1.180360937907e-03 1.114601554989e-02 -7.739284924269e-01 1.106819443784e-03 9.800394249107e-03
3058 -7.716633661985e-01 1.165578634268e-03 1.086858842130e-02 -7.729114400148e-01 9.661838488664e-04 7.468089838483e-03 -7.721412795782e-01 1.044645021928e-03 8.730265774716e-03
3059 -7.721739804149e-01 1.085191265171e-03 9.421120656026e-03 -7.729746656418e-01 9.929378421318e-04 7.887404466699e-03 -7.728549672365e-01 1.071745004604e-03 9.189098839154e-03
3060 -7.756978837252e-01 1.361149044897e-03 1.482181377940e-02 -7.722387617826e-01 1.092844246983e-03 9.554468385305e-03 -7.719340249300e-01 1.008929435454e-03 8.143508845802e-03
3061 -7.722768293023e-01 1.157202436834e-03 1.071293983851e-02 -7.735832629204e-01 1.239915342420e-03 1.229912045094e-02 -7.727970846891e-01 1.004624383008e-03 8.074161207468e-03
3062 -7.729739807248e-01 9.476576431791e-04 7.184440069405e-03 -7.730015690923e-01 1.224088184089e-03 1.198713505942e-02 -7.725304012299e-01 1.116789619781e-03 9.977752438812e-03
3063 -7.742510061264e-01 1.225858640691e-03 1.202183525566e-02 -7.720838059187e-01 1.072066253728e-03 9.194608419064e-03 -7.724909070134e-01 1.155169144606e-03 1.067532602119e-02
3064 -7.742988992333e-01 1.195515974836e-03 1.143406756870e-02 -7.738613580465e-01 1.134617805645e-03 1.029886051910e-02 -7.721577590108e-01 1.103829099167e-03 9.747509441350e-03
3065 -7.713790332079e-01 1.014556575467e-03 8.234600358591e-03 -7.730649495125e-01 1.207863331855e-03 1.167147062751e-02 -7.721560894847e-01 1.062605387746e-03 9.033041680527e-03
3066 -7.713533229828e-01 1.039197915858e-03 8.639458466595e-03 -7.728671200275e-01 1.020725957282e-03 8.335051838959e-03 -7.721983662844e-01 1.032358413823e-03 8.526111156736e-03
3067 -7.710079656243e-01 1.060754828453e-03 9.001606448683e-03 -7.738262779713e-01 1.139414332478e-03 1.038612016846e-02 -7.737879754901e-01 1.032872690938e-03 8.534607965476e-03
3068 -7.724698724151e-01 1.124677841191e-03 1.011920197173e-02 -7.721311587691e-01 1.089954308409e-03 9.504003155363e-03 -7.717361223698e-01 1.106999384823e-03 9.803581103990e-03
3069 -7.712401676774e-01 1.204136965868e-03 1.159956666057e-02 -7.721757771373e-01 1.049164623420e-03 8.805971256283e-03 -7.732758281827e-01 9.779366069088e-04 7.650880057058e-03
3070 -7.722132872939e-01 1.216115720105e-03 1.183149955749e-02 -7.728771415949e-01 1.219867703337e-03 1.190461770916e-02 -7.727533109784e-01 1.058109730265e-03 8.956769610259e-03
3071 -7.739060309529e-01 1.175921637443e-03 1.106233357925e-02 -7.720313795209e-01 1.061909065702e-03 9.021206910554e-03 -7.734688810706e-01 1.152805583440e-03 1.063168570568e-02
3072 -7.729410360456e-01 1.133484358128e-03 1.027829432096e-02 -7.734104554653e-01 1.337684925883e-03 1.431520768747e-02 -7.732605134845e-01 9.824006459623e-04 7.720888233496e-03
3073 -7.710188064575e-01 1.000629338561e-03 8.010072585509e-03 -7.734194445610e-01 8.955808054248e-04 6.416519832363e-03 -7.714870419502e-01 1.097698151479e-03 9.639529854085e-03
3074 -7.709953260422e-01 1.069172363197e-03 9.145036337797e-03 -7.729366300702e-01 1.104639656845e-03 9.761830171793e-03 -7.724054700136e-01 1.023730945518e-03 8.384200390496e-03
3075 -7.724574434757e-01 1.051687822879e-03 8.848378214333e-03 -7.744844841361e-01 1.105803636144e-03 9.782413453680e-03 -7.727173756361e-01 1.129983580172e-03 1.021490313166e-02
3076 -7.741295024157e-01 1.226031324115e-03 1.202522246170e-02 -7.736664303541e-01 1.213893361051e-03 1.178829673602e-02 -7.722342548966e-01 1.049002478354e-03 8.803249596747e-03
3077 -7.726347586513e-01 1.259401672873e-03 1.268874058907e-02 -7.708481796384e-01 9.557825773270e-04 7.308162680975e-03 -7.732408943772e-01 1.205588678571e-03 1.162755249518e-02
3078 -7.719881562591e-01 9.868974844902e-04 7.791733159145e-03 -7.718837668896e-01 1.019902536547e-03 8.321609472445e-03 -7.745344973207e-01 1.094877525866e-03 9.590054373172e-03
3079 -7.734889971018e-01 1.043018838951e-03 8.703106387252e-03 -7.722982903719e-01 1.159888220906e-03 1.076272547998e-02 -7.751732458472e-01 1.143536129801e-03 1.046139904128e-02
3080 -7.725589919090e-01 1.178378259321e-03 1.110860257632e-02 -7.721405611634e-01 1.135099737599e-03 1.030761131438e-02 -7.722066750526e-01 9.743644675527e-04 7.595088925035e-03
3081 -7.728062098622e-01 1.006482950895e-03 8.104063443531e-03 -7.737310227156e-01 1.085726446241e-03 9.430415328540e-03 -7.720689471364e-01 1.104006882370e-03 9.750649570557e-03
3082 -7.741427967548e-01 1.249346965336e-03 1.248694271834e-02 -7.738201327920e-01 1.239630776897e-03 1.229347570425e-02 -7.729552638531e-01 1.256124031668e-03 1.262278066347e-02
3083 -7.723793771863e-01 1.112108831806e-03 9.894288430250e-03 -7.730124224424e-01 9.788155174963e-04 7.664638538333e-03 -7.742922095060e-01 1.080251810528e-03 9.335551793196e-03
3084 -7.736551375389e-01 1.058125709936e-03 8.957040144225e-03 -7.737607614398e-01 9.441054453045e-04 7.130680734829e-03 -7.734768175483e-01 1.138840506563e-03 1.037566159511e-02
3085 -7.729945635200e-01 1.054146611381e-03 8.889800626291e-03 -7.727132699490e-01 1.117721002683e-03 9.994401918717e-03 -7.722510067821e-01 9.698690203305e-04 7.525167332775e-03
3086 -7.731716111302e-01 1.103426863190e-03 9.740406739283e-03 -7.726661669016e-01 8.663399204129e-04 6.004358861608e-03 -7.730700463057e-01 9.384322035179e-04 7.045240004795e-03
3087 -7.720353136659e-01 1.112562793938e-03 9.902367763638e-03 -7.742185679078e-01 1.194673905793e-03 1.141796592946e-02 -7.742323791385e-01 1.378267091858e-03 1.519696141199e-02
3088 -7.717743976116e-01 1.049487013255e-03 8.811383927934e-03 -7.724645596147e-01 1.155200331084e-03 1.067590243949e-02 -7.743393892050e-01 9.822856232620e-04 7.719080365337e-03
3089 -7.723990397453e-01 1.185451909632e-03 1.124236984039e-02 -7.721930741668e-01 1.183516733363e-03 1.120569486519e-02 -7.718761082292e-01 1.043224344785e-03 8.706536268416e-03
3090 -7.707639236450e-01 1.184335130314e-03 1.122119760717e-02 -7.717518307567e-01 1.010200528039e-03 8.164040854805e-03 -7.724991156459e-01 1.113014374985e-03 9.910407991390e-03
3091 -7.731236540675e-01 1.340010763524e-03 1.436503077089e-02 -7.741924247146e-01 1.319757026194e-03 1.393406886552e-02 -7.728673174977e-01 1.162533990603e-03 1.081188223446e-02
3092 -7.715198045373e-01 1.062023407504e-03 9.023149744690e-03 -7.736317826509e-01 1.193118156508e-03 1.138824748311e-02 -7.728478014469e-01 1.013020583646e-03 8.209685623126e-03
3093 -7.728374934196e-01 1.083799429540e-03 9.396969627770e-03 -7.738173317909e-01 1.045309027811e-03 8.741367708990e-03 -7.724891585708e-01 1.112493204544e-03 9.901129041256e-03
3094 -7.713118869066e-01 1.162180203229e-03 1.080530259821e-02 -7.742019716501e-01 1.039659097819e-03 8.647128317429e-03 -7.737996749878e-01 1.176882045995e-03 1.108041080149e-02
3095 -7.716642134190e-01 1.020615008218e-03 8.333239959999e-03 -7.728425896168e-01 1.116620903352e-03 9.974737934418e-03 -7.728617831469e-01 1.010295274147e-03 8.165572327711e-03
3096 -7.710916903615e-01 1.177974289347e-03 1.110098741089e-02 -7.742718319297e-01 1.133466897666e-03 1.027797766483e-02 -7.737345373631e-01 9.336928932431e-04 6.974259351141e-03
3097 -7.724794786572e-01 1.181150206572e-03 1.116092648388e-02 -7.735453078151e-01 1.267485569683e-03 1.285215735484e-02 -7.716731106043e-01 9.886236211329e-04 7.819013314096e-03
3098 -7.743318264484e-01 1.195622958019e-03 1.143611406194e-02 -7.720372370481e-01 9.437397735019e-04 7.125158080715e-03 -7.745885900855e-01 1.325656109648e-03 1.405891296837e-02
3099 -7.714934756160e-01 1.063172288282e-03 9.042682516558e-03 -7.725508525372e-01 1.088065966941e-03 9.471100387322e-03 -7.734900129437e-01 1.021403136930e-03 8.346114945047e-03
3100 -7.724059409499e-01 1.319350922613e-03 1.392549485600e-02 -7.724310948253e-01 1.301071244486e-03 1.354229106583e-02 -7.725188089609e-01 1.205371413339e-03 1.162336195276e-02
3101 -7.706141753197e-01 1.099588448021e-03 9.672758040169e-03 -7.754853813648e-01 1.342237962556e-03 1.441282198502e-02 -7.720817034841e-01 1.017200147877e-03 8.277569126726e-03
3102 -7.724341605306e-01 1.041861592996e-03 8.683804631685e-03 -7.720817562342e-01 1.072592718584e-03 9.203641119674e-03 -7.723302479386e-01 1.046109791964e-03 8.754765574740e-03
3103 -7.720700163245e-01 1.037176750755e-03 8.605884898459e-03 -7.726841297150e-01 1.128798182132e-03 1.019348268787e-02 -7.727431452274e-01 9.935872362869e-04 7.897724768897e-03
3104 -7.735838477612e-01 1.173238610809e-03 1.101191070314e-02 -7.722660916448e-01 1.044651417236e-03 8.730372668265e-03 -7.734859425426e-01 1.152098799928e-03 1.061865315836e-02
3105 -7.741392715573e-01 1.195832983559e-03 1.144013219655e-02 -7.714399865270e-01 9.922069708973e-04 7.875797384778e-03 -7.714174775481e-01 8.833117494935e-04 6.241917174346e-03
3106 -7.741549225450e-01 1.058595260246e-03 8.964991400122e-03 -7.728465142846e-01 1.155455453998e-03 1.068061844940e-02 -7.736014205217e-01 1.128798813937e-03 1.019349409876e-02
3107 -7.725078295469e-01 1.042614874949e-03 8.696366219719e-03 -7.727839530706e-01 1.142324668528e-03 1.043924518662e-02 -7.722293959260e-01 1.089621889279e-03 9.498206892763e-03
3108 -7.735108571649e-01 1.087845403729e-03 9.467260979307e-03 -7.743667015433e-01 1.230286405822e-03 1.210883712280e-02 -7.735601326823e-01 1.170976376988e-03 1.096948540371e-02
3109 -7.722651788592e-01 1.157631514323e-03 1.072088578363e-02 -7.728027364016e-01 1.066096245838e-03 9.092489643117e-03 -7.710499858856e-01 1.013575391715e-03 8.218680597529e-03
3110 -7.741857203245e-01 1.104302904104e-03 9.755879232108e-03 -7.737614523172e-01 1.152182222909e-03 1.062019099831e-02 -7.744612849951e-01 1.060176168425e-03 8.991788064773e-03
3111 -7.712803766727e-01 1.008179187191e-03 8.131402187877e-03 -7.721376793385e-01 9.201986230588e-04 6.774124047034e-03 -7.739755263329e-01 1.140604518100e-03 1.040782933368e-02
3112 -7.719889403582e-01 1.015933934544e-03 8.256974074868e-03 -7.728357130885e-01 1.120445396390e-03 1.004318309033e-02 -7.717792921066e-01 9.474836960729e-04 7.181802834592e-03
3113 -7.712677086592e-01 1.104683109521e-03 9.762598179686e-03 -7.742271163464e-01 1.264918987359e-03 1.280016035666e-02 -7.740368081927e-01 1.057256942432e-03 8.942337938566e-03
3114 -7.720131272078e-01 1.000547252007e-03 8.008758427998e-03 -7.727840145826e-01 1.067271177473e-03 9.112542130121e-03 -7.725612416863e-01 9.799625010249e-04 7.682612027320e-03
3115 -7.720000912547e-01 1.186388175391e-03 1.126013522165e-02 -7.738760435581e-01 1.121757309716e-03 1.006671569520e-02 -7.722552838326e-01 1.116353733741e-03 9.969965270700e-03
3116 -7.728939878345e-01 1.152284776639e-03 1.062208165180e-02 -7.731829791069e-01 1.083980791174e-03 9.400114845077e-03 -7.741011512876e-01 1.218699698327e-03 1.188183163763e-02
3117 -7.731216346025e-01 1.223567352735e-03 1.197693653344e-02 -7.718358656764e-01 9.159745821600e-04 6.712075481305e-03 -7.745021930337e-01 1.218092033881e-03 1.186998562403e-02
3118 -7.715866193175e-01 1.072600725584e-03 9.203778532186e-03 -7.739633633494e-01 1.117067471498e-03 9.982717887036e-03 -7.740041692853e-01 1.050203784006e-03 8.823423903523e-03
3119 -7.718580605388e-01 1.163894716980e-03 1.083720729772e-02 -7.738920425177e-01 1.128376903639e-03 1.018587549333e-02 -7.720969306231e-01 1.015005230603e-03 8.241884945205e-03
3120 -7.724831447601e-01 1.038447219458e-03 8.626981020804e-03 -7.733994894028e-01 1.071612205223e-03 9.186821747071e-03 -7.724158816934e-01 1.197828200956e-03 1.147833919204e-02
3121 -7.725799236894e-01 1.270882345376e-03 1.292113548631e-02 -7.727095374465e-01 1.136156318649e-03 1.032680944325e-02 -7.731217237115e-01 1.111175191495e-03 9.877682449546e-03
3122 -7.724010291696e-01 1.151003060698e-03 1.059846436589e-02 -7.726265777946e-01 1.067707492978e-03 9.119994324483e-03 -7.720033088326e-01 1.093537960127e-03 9.566602161907e-03
3123 -7.693511049747e-01 1.130132763706e-03 1.021760050881e-02 -7.719407058954e-01 1.105590190196e-03 9.778637349267e-03 -7.708583316803e-01 1.088924335361e-03 9.486049665136e-03
3124 -7.739612472653e-01 1.001494610642e-03 8.023931641161e-03 -7.730419284701e-01 1.316689118282e-03 1.386936187362e-02 -7.727628377080e-01 1.113829409372e-03 9.924927625454e-03
3125 -7.734205977321e-01 1.267465851792e-03 1.285175748367e-02 -7.710291286111e-01 1.002925142353e-03 8.046870729308e-03 -7.723471935987e-01 1.130084876252e-03 1.021673462028e-02
3126 -7.708189796209e-01 9.822190462734e-04 7.718034038898e-03 -7.736637251377e-01 1.093146297314e-03 9.559750618653e-03 -7.735369636416e-01 1.148059714174e-03 1.054432885848e-02
3127 -7.735797640681e-01 1.074410650576e-03 9.234865968562e-03 -7.736513216496e-01 1.029341282464e-03 8.476347806270e-03 -7.739157773852e-01 1.046961527060e-03 8.769027513152e-03
3128 -7.713656779528e-01 1.031038246217e-03 8.504318921293e-03 -7.741414328218e-01 1.172537905113e-03 1.099876111141e-02 -7.737656970024e-01 1.147013959111e-03 1.052512817917e-02
3129 -7.716405286193e-01 1.206348638892e-03 1.164221630844e-02 -7.716932022572e-01 1.007433224475e-03 8.119373614210e-03 -7.731324073672e-01 1.075739219427e-03 9.257718945709e-03
3130 -7.724494802952e-01 1.311666509559e-03 1.376375225838e-02 -7.727627897263e-01 1.037675622117e-03 8.614165573890e-03 -7.737912788987e-01 1.008760420437e-03 8.140780686719e-03
3131 -7.710344417095e-01 1.111408040539e-03 9.881822660594e-03 -7.741792479157e-01 1.224717282731e-03 1.199945938095e-02 -7.730317528844e-01 8.723988985433e-04 6.088638705437e-03
3132 -7.724750884771e-01 1.101174392796e-03 9.700680346795e-03 -7.724331622720e-01 1.094302644417e-03 9.579986220626e-03 -7.728660342693e-01 1.158862597307e-03 1.074370015549e-02
3133 -7.725274956822e-01 1.019363876456e-03 8.312821700995e-03 -7.728854020834e-01 9.061109849790e-04 6.568296936798e-03 -7.723226065636e-01 1.096554988007e-03 9.619462733792e-03
3134 -7.701699096560e-01 1.003723489212e-03 8.059686742373e-03 -7.745483484864e-01 1.146933139483e-03 1.052364501155e-02 -7.739419664145e-01 1.042730639299e-03 8.698297489066e-03
3135 -7.735158280134e-01 1.215605893944e-03 1.182158151513e-02 -7.727058804631e-01 1.075602760013e-03 9.255370378786e-03 -7.719529389143e-01 1.070859020438e-03 9.173912333224e-03
3136 -7.723795136809e-01 1.112598253251e-03 9.902998985105e-03 -7.733912382722e-01 1.119795203628e-03 1.003153038454e-02 -7.742456184030e-01 1.077021693202e-03 9.279805821016e-03
3137 -7.719016860723e-01 1.158540953229e-03 1.073773712247e-02 -7.727596666217e-01 9.860810874956e-04 7.778847288932e-03 -7.745224338174e-01 1.161741181552e-03 1.079714058330e-02
3138 -7.733285961151e-01 1.099567702384e-03 9.672393057010e-03 -7.729846364260e-01 1.147120767875e-03 1.052708844872e-02 -7.719807485342e-01 9.639905845479e-04 7.434222776776e-03
3139 -7.704986078143e-01 9.606325938040e-04 7.382519842229e-03 -7.755420822501e-01 1.216041576380e-03 1.183005692388e-02 -7.731904678941e-01 1.139529242538e-03 1.038821515679e-02
3140 -7.707733788490e-01 1.011312582425e-03 8.182025114973e-03 -7.739875425696e-01 1.097670531424e-03 9.639044764452e-03 -7.725237669349e-01 9.505271281672e-04 7.228014571054e-03
3141 -7.732244779468e-01 1.265708304373e-03 1.281614009407e-02 -7.757057178020e-01 1.056982049505e-03 8.937688423813e-03 -7.737362573743e-01 1.148356794391e-03 1.054978661779e-02
3142 -7.720032765269e-01 1.019548295924e-03 8.315829821766e-03 -7.731492604613e-01 1.175822194850e-03 1.106046267121e-02 -7.732938991785e-01 1.081962512486e-03 9.365143027394e-03
3143 -7.724636992216e-01 9.291021204932e-04 6.905846002440e-03 -7.721087554693e-01 9.682697152110e-04 7.500369931158e-03 -7.755593706965e-01 1.076532574921e-03 9.271379078920e-03
3144 -7.720763154030e-01 1.200978620129e-03 1.153879716806e-02 -7.737782105803e-01 1.049159198873e-03 8.805880196645e-03 -7.716656655669e-01 1.001455995261e-03 8.023312883550e-03
3145 -7.730349595547e-01 1.128157018741e-03 1.018190607148e-02 -7.730539638400e-01 1.178581142759e-03 1.111242808054e-02 -7.729880439043e-01 1.085387080899e-03 9.424520923055e-03
3146 -7.724227786064e-01 9.247362048808e-04 6.841096388939e-03 -7.756486243010e-01 1.367571885293e-03 1.496202289156e-02 -7.745529945493e-01 1.169361615861e-03 1.093925270919e-02
3147 -7.708058431149e-01 1.128506056113e-03 1.018820734946e-02 -7.730951312184e-01 1.067490470117e-03 9.116287230317e-03 -7.740387256742e-01 1.177007241476e-03 1.108276837189e-02
3148 -7.752660425305e-01 1.280216756898e-03 1.311163955714e-02 -7.720978464484e-01 9.721024429316e-04 7.559865276429e-03 -7.734107886553e-01 1.129324000043e-03 1.020298157659e-02
3149 -7.734802576303e-01 1.163620578711e-03 1.083210280960e-02 -7.744384643435e-01 1.127868086062e-03 1.017669135645e-02 -7.713801723719e-01 9.748632711687e-04 7.602867179790e-03
3150 -7.718810900450e-01 9.642140250404e-04 7.437669488676e-03 -7.750905709267e-01 1.195921817273e-03 1.144183194425e-02 -7.737361668348e-01 1.184651146558e-03 1.122718671233e-02
3151 -7.726137567163e-01 1.022865043604e-03 8.370023179415e-03 -7.722980080247e-01 1.287655167182e-03 1.326444663656e-02 -7.724746655822e-01 1.071037934660e-03 9.176978059851e-03
3152 -7.727760544419e-01 1.130533954945e-03 1.022485618627e-02 -7.723237456083e-01 1.052526774896e-03 8.862500894976e-03 -7.720102091432e-01 9.518752999572e-04 7.248532693349e-03
3153 -7.740179346204e-01 1.321707509666e-03 1.397528592887e-02 -7.746964547038e-01 1.238475951747e-03 1.227058146445e-02 -7.727692140341e-01 1.180526552133e-03 1.114914352233e-02
3154 -7.705824431777e-01 1.096915875687e-03 9.625795506665e-03 -7.707730135918e-01 9.256281101595e-04 6.854299186539e-03 -7.740943006873e-01 1.134378914995e-03 1.029452418229e-02
3155 -7.711517812014e-01 1.169502006906e-03 1.094187955326e-02 -7.742148535252e-01 1.186305016593e-03 1.125855673916e-02 -7.711104309559e-01 1.029487812671e-03 8.478761251510e-03
3156 -7.733020826578e-01 1.118121323337e-03 1.000156234961e-02 -7.725993332267e-01 1.114544349723e-03 9.937672859991e-03 -7.706630779505e-01 1.016095951766e-03 8.259607865564e-03
3157 -7.712301806808e-01 1.025790627954e-03 8.417971299186e-03 -7.729148959517e-01 9.897316161619e-04 7.836549376244e-03 -7.742329546809e-01 1.171507301018e-03 1.097943485071e-02
3158 -7.730419914126e-01 1.251893151797e-03 1.253789170813e-02 -7.718565542102e-01 1.034846832295e-03 8.567263730485e-03 -7.712004801035e-01 9.963154914552e-04 7.941156468109e-03
3159 -7.709511052966e-01 1.091997532920e-03 9.539668895235e-03 -7.730974099636e-01 1.017739936930e-03 8.286356633771e-03 -7.724830452800e-01 9.925077513633e-04 7.880573092129e-03
3160 -7.720508729815e-01 1.241321546251e-03 1.232703344951e-02 -7.751263582706e-01 1.064169006296e-03 9.059645391691e-03 -7.740191987753e-01 1.172007705707e-03 1.098881649789e-02
3161 -7.706265010238e-01 9.739995468519e-04 7.589400938142e-03 -7.706956816912e-01 9.857446021448e-04 7.773539365260e-03 -7.743466735482e-01 1.193955010866e-03 1.140422854378e-02
3162 -7.742210462093e-01 1.296569264683e-03 1.344873486496e-02 -7.721392868757e-01 1.126304258144e-03 1.014849025530e-02 -7.747595930099e-01 1.159122106891e-03 1.074851246947e-02
3163 -7.741110160351e-01 1.101725390139e-03 9.710390682210e-03 -7.755964930058e-01 1.297029958774e-03 1.345829371166e-02 -7.735851987004e-01 1.081054577677e-03 9.349431999333e-03
3164 -7.731455411315e-01 1.100408185686e-03 9.687185401003e-03 -7.731887496710e-01 1.141967458617e-03 1.043271741233e-02 -7.723712279201e-01 9.966933738024e-04 7.947181451053e-03
3165 -7.722970148921e-01 1.167772832991e-03 1.090954711578e-02 -7.732926928401e-01 1.065286739877e-03 9.078686705267e-03 -7.734026602507e-01 1.200552943919e-03 1.153061896923e-02
3166 -7.724091463685e-01 9.374628275501e-04 7.030692424306e-03 -7.733688827157e-01 9.852577637043e-04 7.765862887516e-03 -7.738593174815e-01 1.130284033722e-03 1.022033597509e-02
3167 -7.719540460706e-01 1.109327642322e-03 9.844862544155e-03 -7.744150739312e-01 1.343729373130e-03 1.444486902570e-02 -7.717198975086e-01 8.885365386942e-04 6.315977444757e-03
3168 -7.717504317760e-01 1.033559805521e-03 8.545966972712e-03 -7.742504686117e-01 1.082578049146e-03 9.375801859949e-03 -7.722163749933e-01 1.154303637867e-03 1.065933510714e-02
3169 -7.726425412893e-01 1.196360410834e-03 1.145022586089e-02 -7.746473441124e-01 1.033104235608e-03 8.538434893046e-03 -7.718936884999e-01 1.031930574087e-03 8.519045677885e-03
3170 -7.721129574776e-01 1.003449068421e-03 8.055280263322e-03 -7.721877035499e-01 1.018809133090e-03 8.303776397347e-03 -7.719969301820e-01 9.446412279665e-04 7.138776396592e-03
3171 -7.701240709424e-01 1.095433791413e-03 9.599801530960e-03 -7.733037915230e-01 1.077586190776e-03 9.289535988407e-03 -7.741599500775e-01 1.216276751594e-03 1.183463309175e-02
3172 -7.749700682759e-01 1.224554882944e-03 1.199627729073e-02 -7.735046151876e-01 1.092707489573e-03 9.552077262152e-03 -7.732315544486e-01 1.127402686255e-03 1.016829453580e-02
3173 -7.733448623419e-01 1.184219492672e-03 1.121900645459e-02 -7.746983126402e-01 1.144895430877e-03 1.048628438115e-02 -7.721165715456e-01 1.052213402861e-03 8.857224361281e-03
3174 -7.715034518838e-01 1.163056553309e-03 1.082160436957e-02 -7.739244011045e-01 1.034122949165e-03 8.555282191915e-03 -7.731783900261e-01 9.155919249295e-04 6.706468583968e-03
3175 -7.736092140675e-01 1.352969451527e-03 1.464421069413e-02 -7.737560549974e-01 1.081634598773e-03 9.359467242105e-03 -7.741616548300e-01 1.037783789435e-03 8.615961548916e-03
3176 -7.748339347839e-01 1.052332556189e-03 8.859230470525e-03 -7.743710284829e-01 1.262950421478e-03 1.276035013690e-02 -7.733806177974e-01 1.190131388349e-03 1.133130177227e-02
3177 -7.727992812991e-01 1.091049824968e-03 9.523117764494e-03 -7.739119612575e-01 1.117171440681e-03 9.984576222982e-03 -7.742718980312e-01 1.020436435313e-03 8.330324148123e-03
3178 -7.737888420224e-01 1.049141058827e-03 8.805575690529e-03 -7.740771101117e-01 1.259801375016e-03 1.269679603593e-02 -7.743995633721e-01 9.539384860943e-04 7.279989082015e-03
3179 -7.736268674135e-01 1.142728509120e-03 1.044662756444e-02 -7.744013831615e-01 1.176660875011e-03 1.107624651825e-02 -7.747239949703e-01 8.960203238910e-04 6.422819366605e-03
3180 -7.709991715550e-01 1.015361263581e-03 8.247667964652e-03 -7.711851180196e-01 1.037889019829e-03 8.617708939847e-03 -7.717408798933e-01 9.531387791047e-04 7.267788257865e-03
3181 -7.703938556314e-01 9.099333874611e-04 6.623830156932e-03 -7.741589693427e-01 1.093473193116e-03 9.565468992509e-03 -7.734686576128e-01 1.094446686679e-03 9.582508399870e-03
3182 -7.724668656588e-01 1.293276439373e-03 1.338051158911e-02 -7.733187811375e-01 1.237397222284e-03 1.224921508572e-02 -7.722330692410e-01 1.093195911018e-03 9.560618398932e-03
3183 -7.720039346218e-01 1.194243201812e-03 1.140973460060e-02 -7.719817715883e-01 9.974558689699e-04 7.959345684340e-03 -7.730397687554e-01 1.079684651323e-03 9.325751570416e-03
3184 -7.731402243376e-01 1.234493292284e-03 1.219178950955e-02 -7.729987362623e-01 1.011919787454e-03 8.191853249931e-03 -7.749349310398e-01 1.038027318723e-03 8.620005715330e-03
3185 -7.717995032668e-01 9.712000722565e-04 7.545836642808e-03 -7.738531770706e-01 1.162271362617e-03 1.080699776288e-02 -7.727949098945e-01 9.780381376116e-04 7.652468788982e-03
3186 -7.722023540735e-01 1.022422131447e-03 8.362776118985e-03 -7.735694330335e-01 9.741910134181e-04 7.592385044997e-03 -7.727937710285e-01 1.117021263642e-03 9.981892027435e-03
3187 -7.732050313950e-01 1.112904151156e-03 9.908445197276e-03 -7.739617807269e-01 1.154325773772e-03 1.065974393596e-02 -7.734059785008e-01 1.072808308527e-03 9.207341334762e-03
3188 -7.702470882535e-01 1.056151663452e-03 8.923650689699e-03 -7.743611220717e-01 1.169845616633e-03 1.094831013404e-02 -7.718192309141e-01 1.027255502246e-03 8.442030935164e-03
3189 -7.730977305174e-01 1.312661621308e-03 1.378464425643e-02 -7.741045554280e-01 1.128585127212e-03 1.018963511491e-02 -7.732818319798e-01 1.196338261202e-03 1.144980188172e-02
3190 -7.722808488011e-01 1.022805544048e-03 8.369049447485e-03 -7.732113904357e-01 1.061964116339e-03 9.022142275129e-03 -7.720402390957e-01 1.008237449051e-03 8.132342029358e-03
3191 -7.728760552406e-01 1.093668449723e-03 9.568885423350e-03 -7.734773943424e-01 1.183081302769e-03 1.119745095170e-02 -7.736890502572e-01 1.111968898041e-03 9.891798641678e-03
3192 -7.707611994147e-01 1.080037963278e-03 9.331856016979e-03 -7.735972964168e-01 8.884825162760e-04 6.315209453825e-03 -7.731845198870e-01 1.085327495993e-03 9.423486188465e-03
3193 -7.720885196924e-01 1.159519191508e-03 1.075587804381e-02 -7.725502641797e-01 1.173325709210e-03 1.101354575914e-02 -7.717971520424e-01 9.308399975316e-04 6.931704808037e-03
3194 -7.733294851780e-01 1.130491525020e-03 1.022408870513e-02 -7.724446353912e-01 1.038209644796e-03 8.623034132385e-03 -7.722332871556e-01 1.060202134480e-03 8.992228527642e-03
3195 -7.726201734543e-01 1.015704211468e-03 8.253240361545e-03 -7.735911018848e-01 1.042904491679e-03 8.701198230117e-03 -7.735206537843e-01 1.014518936657e-03 8.233989382682e-03
3196 -7.720099563599e-01 1.199624784777e-03 1.151279699402e-02 -7.729521805048e-01 1.257333000653e-03 1.264709019624e-02 -7.722298256755e-01 1.050204046527e-03 8.823428314732e-03
3197 -7.716967963576e-01 1.212859824324e-03 1.176823162767e-02 -7.745822118521e-01 1.169375878227e-03 1.093951955663e-02 -7.739516294003e-01 1.238405959187e-03 1.226919455801e-02
3198 -7.734138872027e-01 1.176413268229e-03 1.107158542132e-02 -7.720797633529e-01 1.044893940759e-03 8.734426779481e-03 -7.719294535518e-01 1.032176757309e-03 8.523110866631e-03
3199 -7.705063412786e-01 8.908314366204e-04 6.348645187769e-03 -7.739128574729e-01 1.196323655718e-03 1.144952231385e-02 -7.735011803508e-01 1.049425385092e-03 8.810349110997e-03
3200 -7.735492821932e-01 1.260597110096e-03 1.271284059186e-02 -7.731398203969e-01 1.212577643795e-03 1.176275633785e-02 -7.732005630136e-01 1.114604738945e-03 9.938749792623e-03
3201 -7.729647862315e-01 1.189285563875e-03 1.131520121953e-02 -7.729107486010e-01 1.108813469661e-03 9.835738484006e-03 -7.742085658908e-01 1.095449329131e-03 9.600073861549e-03
3202 -7.712768393755e-01 9.742929778383e-04 7.593974453321e-03 -7.741316964030e-01 1.117748681088e-03 9.994896912592e-03 -7.733074425459e-01 1.062021480250e-03 9.023116996102e-03
3203 -7.739188559055e-01 1.010879283348e-03 8.175015404025e-03 -7.740391054749e-01 1.185142052171e-03 1.123649347059e-02 -7.743361366987e-01 1.146335371765e-03 1.051267827648e-02
3204 -7.695200292468e-01 1.041849344479e-03 8.683600452728e-03 -7.740843524933e-01 1.046807180964e-03 8.766442192936e-03 -7.742019420266e-01 1.077698164738e-03 9.291466674235e-03
3205 -7.751282203794e-01 1.451356841035e-03 1.685149344016e-02 -7.729308345318e-01 1.018632498897e-03 8.300897342481e-03 -7.727862669826e-01 1.011230540210e-03 8.180697643631e-03
3206 -7.706403984427e-01 1.040105464207e-03 8.654555013392e-03 -7.726002272964e-01 1.054284177156e-03 8.892121009605e-03 -7.748594022989e-01 9.824232775561e-04 7.721243970273e-03
3207 -7.736908591986e-01 1.319499528714e-03 1.392863205022e-02 -7.738828496933e-01 8.837773746812e-04 6.248499583987e-03 -7.714813477397e-01 9.508356634117e-04 7.232707670524e-03
3208 -7.715900642872e-01 9.712412659835e-04 7.546476773994e-03 -7.731559693217e-01 9.968562884536e-04 7.949779678635e-03 -7.709508169889e-01 1.107640762105e-03 9.814944463010e-03
3209 -7.739026821852e-01 1.318529035027e-03 1.390815052967e-02 -7.730794922113e-01 1.178375700717e-03 1.110855433633e-02 -7.739546480179e-01 1.205165369454e-03 1.161938854184e-02
3210 -7.710737413168e-01 1.093732528768e-03 9.570006755873e-03 -7.706259068847e-01 1.119320410322e-03 1.002302544770e-02 -7.707099155784e-01 1.132117994532e-03 1.025352922835e-02
3211 -7.716647891402e-01 9.883343818721e-04 7.814438803123e-03 -7.762924081683e-01 1.356520014017e-03 1.472117238744e-02 -7.745046385527e-01 1.261668351929e-03 1.273445624208e-02
3212 -7.725069450140e-01 1.064603247851e-03 9.067040602686e-03 -7.756060863733e-01 1.238181342489e-03 1.226474429511e-02 -7.730549502969e-01 1.005274255636e-03 8.084610632351e-03
3213 -7.705949675441e-01 1.008057900972e-03 8.129445853699e-03 -7.716510680914e-01 1.031947177613e-03 8.519319819074e-03 -7.736682206392e-01 1.003824558367e-03 8.061309951844e-03
3214 -7.720288254619e-01 1.065447711764e-03 9.081430612029e-03 -7.756060831547e-01 1.069589254160e-03 9.152169380923e-03 -7.710987159014e-01 1.060129133193e-03 8.990990232358e-03
3215 -7.706621145606e-01 1.018102059058e-03 8.292254421267e-03 -7.723121045232e-01 1.056800877457e-03 8.934624756754e-03 -7.757875399590e-01 1.146726026435e-03 1.051984463762e-02
3216 -7.722336887717e-01 1.383063004461e-03 1.530290619447e-02 -7.729066925049e-01 1.163329020216e-03 1.082667527421e-02 -7.731580671072e-01 1.006767174125e-03 8.108641143163e-03
3217 -7.713978399038e-01 1.091656150433e-03 9.533705206224e-03 -7.726754629612e-01 1.060855297292e-03 9.003311694332e-03 -7.714193670154e-01 1.146497284933e-03 1.051564819486e-02
3218 -7.740357270837e-01 1.168401022428e-03 1.092128759369e-02 -7.731829010844e-01 9.310990042270e-04 6.935562845380e-03 -7.735396255851e-01 9.660078901854e-04 7.465369951204e-03
3219 -7.713940205574e-01 1.079725044013e-03 9.326449365343e-03 -7.745546681285e-01 1.203132840642e-03 1.158022905785e-02 -7.718746061921e-01 1.141903277440e-03 1.043154476022e-02
3220 -7.734986004829e-01 1.167394829335e-03 1.090248550047e-02 -7.717983574867e-01 1.001638481055e-03 8.026237173842e-03 -7.720431671739e-01 1.080665617419e-03 9.342705413371e-03
3221 -7.730828123689e-01 1.162651042277e-03 1.081405956886e-02 -7.732854297757e-01 1.028009736396e-03 8.454432145002e-03 -7.739965500832e-01 1.051498925683e-03 8.845199925698e-03
3222 -7.732849385738e-01 9.220543449832e-04 6.801473720819e-03 -7.737263700962e-01 1.105327968974e-03 9.773999351963e-03 -7.732413132191e-01 9.830758040209e-04 7.731504291610e-03
3223 -7.715166595578e-01 9.718348439166e-04 7.555703710802e-03 -7.706305750608e-01 8.753767854245e-04 6.130276131682e-03 -7.751385278702e-01 1.166787694571e-03 1.089114819361e-02
3224 -7.744659277201e-01 1.176523286531e-03 1.107365634999e-02 -7.741886096597e-01 1.080587066935e-03 9.341347273825e-03 -7.726186249256e-01 9.833330309597e-04 7.735550798212e-03
3225 -7.723617821336e-01 1.472404873799e-03 1.734380889910e-02 -7.740700741410e-01 1.329259123142e-03 1.413543853166e-02 -7.723505100012e-01 1.123531387427e-03 1.009858222827e-02
3226 -7.716125287414e-01 1.064866725010e-03 9.071529136270e-03 -7.749181264043e-01 1.137591227821e-03 1.035291041292e-02 -7.725493173003e-01 1.027292391742e-03 8.442637265041e-03
3227 -7.713394106627e-01 1.142335938099e-03 1.043945116379e-02 -7.736290143132e-01 1.161017331437e-03 1.078368995117e-02 -7.722429069281e-01 1.001171843944e-03 8.018760488850e-03
3228 -7.713919757605e-01 9.637114757058e-04 7.429918467257e-03 -7.751535503268e-01 1.206624010650e-03 1.164753202462e-02 -7.726133520007e-01 1.152812831886e-03 1.063181940289e-02
3229 -7.709860129952e-01 9.399145709009e-04 7.067515204735e-03 -7.726780889630e-01 1.047224960420e-03 8.773440941820e-03 -7.713376542926e-01 1.013596572810e-03 8.219024099304e-03
3230 -7.727858012915e-01 1.404110637816e-03 1.577221346583e-02 -7.742571292520e-01 1.022421215440e-03 8.362761134259e-03 -7.730160354972e-01 1.244198216604e-03 1.238423361761e-02
3231 -7.709964294434e-01 9.248202458820e-04 6.842339897546e-03 -7.737799934149e-01 1.263527714115e-03 1.277201827469e-02 -7.724843044281e-01 1.031380202257e-03 8.509960972868e-03
3232 -7.715443307757e-01 1.324798331865e-03 1.404072496090e-02 -7.728349341154e-01 1.144897632857e-03 1.048632471777e-02 -7.729535539746e-01 1.132592204240e-03 1.026212080884e-02
3233 -7.716534643173e-01 1.088256537831e-03 9.474418337064e-03 -7.725682626367e-01 1.215506324795e-03 1.181964500493e-02 -7.732754110694e-01 1.037393046264e-03 8.609474659495e-03
3234 -7.725725129247e-01 1.026453746443e-03 8.428858348698e-03 -7.726806713939e-01 1.229348021004e-03 1.209037245397e-02 -7.716021285653e-01 1.029328909714e-03 8.476144034991e-03
3235 -7.699055934548e-01 1.085711320402e-03 9.430152569998e-03 -7.722518193722e-01 1.055553149082e-03 8.913539604293e-03 -7.720715641379e-01 9.535435619237e-04 7.273962595889e-03
3236 -7.719784565568e-01 1.160413729708e-03 1.077248019276e-02 -7.725658006668e-01 1.041529687875e-03 8.678272725796e-03 -7.718228935599e-01 1.134222004601e-03 1.029167644576e-02
3237 -7.726708629131e-01 1.156845180632e-03 1.070632617561e-02 -7.720554865003e-01 1.176360227327e-03 1.107058707550e-02 -7.732527633309e-01 1.054176330620e-03 8.890301888314e-03
3238 -7.736457590461e-01 1.247187175582e-03 1.244380680749e-02 -7.754549405575e-01 1.252459725368e-03 1.254924290936e-02 -7.717207645178e-01 1.105636756784e-03 9.779461103622e-03
3239 -7.714269479513e-01 1.153567876223e-03 1.064575076042e-02 -7.720223494768e-01 8.218211234092e-04 5.403119671052e-03 -7.721018170118e-01 1.037835437730e-03 8.616819166466e-03
3240 -7.721485211253e-01 1.058609479037e-03 8.965232232852e-03 -7.718262251019e-01 9.525610848225e-04 7.258980962546e-03 -7.707932664752e-01 1.072493228697e-03 9.201933804811e-03
3241 -7.719976565838e-01 1.112958028986e-03 9.909404594267e-03 -7.706043257713e-01 9.510111321953e-04 7.235377388475e-03 -7.730579172969e-01 1.154798761577e-03 1.066848143792e-02
3242 -7.724819707274e-01 1.207993481138e-03 1.167398600377e-02 -7.736382706761e-01 1.279420300713e-03 1.309533044700e-02 -7.742467299104e-01 1.099507183780e-03 9.671328377462e-03
3243 -7.722400712967e-01 1.078478078340e-03 9.304919723672e-03 -7.719672626853e-01 9.237205810255e-04 6.826077694481e-03 -7.731823334098e-01 1.020814001746e-03 8.336489809291e-03
3244 -7.720159266591e-01 9.870760895609e-04 7.794553652662e-03 -7.715586624146e-01 1.220201627348e-03 1.191113609105e-02 -7.740404496193e-01 1.123176951178e-03 1.009221170926e-02
3245 -7.716622483134e-01 1.136644704729e-03 1.033568947831e-02 -7.727348258495e-01 1.197227765300e-03 1.146683457604e-02 -7.727692050338e-01 1.149996795582e-03 1.057994103879e-02
3246 -7.732654353380e-01 1.113492788267e-03 9.918929516182e-03 -7.739563066363e-01 1.068404670678e-03 9.131908322618e-03 -7.722245848179e-01 1.066988474029e-03 9.107715229689e-03
3247 -7.721955302954e-01 1.003783081253e-03 8.060643793670e-03 -7.733763933778e-01 1.061662842662e-03 9.017023931907e-03 -7.731456611156e-01 1.108143904471e-03 9.823863304127e-03
3248 -7.723596064448e-01 1.102053270365e-03 9.716171285771e-03 -7.732303066254e-01 1.244006297207e-03 1.238041333992e-02 -7.711510024667e-01 1.008163135287e-03 8.131143258815e-03
3249 -7.693187653422e-01 1.024917517062e-03 8.403647334248e-03 -7.722336534262e-01 1.170777867303e-03 1.096576651653e-02 -7.744738280773e-01 1.144121117943e-03 1.047210506019e-02
3250 -7.711205685139e-01 9.643891723765e-04 7.440371806376e-03 -7.742544463873e-01 1.242546520100e-03 1.235137483690e-02 -7.723378323913e-01 1.122793391451e-03 1.008531999909e-02
3251 -7.726401116252e-01 1.290016643481e-03 1.331314352366e-02 -7.732492190003e-01 1.067861070969e-03 9.122618135136e-03 -7.729626045823e-01 1.205136807110e-03 1.161883779081e-02
3252 -7.714471426010e-01 1.067879554808e-03 9.122933948615e-03 -7.756863252521e-01 1.274899600838e-03 1.300295193773e-02 -7.725723950267e-01 1.106950660157e-03 9.802718112178e-03
3253 -7.701090106368e-01 1.063875274623e-03 9.054644799635e-03 -7.727380421162e-01 1.060853783378e-03 9.003285997667e-03 -7.733251965642e-01 1.043822040172e-03 8.716515612384e-03
3254 -7.695427758694e-01 9.800941670668e-04 7.684676610547e-03 -7.718487322927e-01 1.035805830968e-03 8.583149755736e-03 -7.743168343306e-01 1.125668408516e-03 1.013703492744e-02
3255 -7.720093234181e-01 1.174692818718e-03 1.103922574679e-02 -7.744903898835e-01 1.229147307110e-03 1.208642482060e-02 -7.727381383777e-01 9.386603604127e-04 7.048666177680e-03
3256 -7.748451033831e-01 1.432628726000e-03 1.641940053249e-02 -7.717974206805e-01 9.967608643675e-04 7.948257765877e-03 -7.744329552054e-01 1.251730489120e-03 1.253463373915e-02
3257 -7.717645120621e-01 1.102860139228e-03 9.730403893593e-03 -7.754751310945e-01 1.159693519951e-03 1.075911248174e-02 -7.737347110510e-01 1.033579991720e-03 8.546300794267e-03
3258 -7.722921606302e-01 1.259722256816e-03 1.269520131453e-02 -7.731107972264e-01 9.135355627746e-04 6.676377795632e-03 -7.732814607620e-01 1.116898451701e-03 9.979697211299e-03
3259 -7.734674302936e-01 1.089648782858e-03 9.498675759869e-03 -7.729074796438e-01 9.303919482671e-04 6.925033419202e-03 -7.726028524041e-01 1.184972433696e-03 1.123327734895e-02
3260 -7.736341365576e-01 1.135482078110e-03 1.031455639768e-02 -7.725857611895e-01 9.249904094433e-04 6.844858060497e-03 -7.709670137763e-01 1.075186359708e-03 9.248205664820e-03
3261 -7.724532863498e-01 1.192968245442e-03 1.138538587707e-02 -7.714771308303e-01 8.528991911197e-04 5.819496241702e-03 -7.731076831818e-01 1.312249440445e-03 1.377598875159e-02
3262 -7.724520436525e-01 9.896536322642e-04 7.835314494830e-03 -7.702797145247e-01 9.090919050500e-04 6.611584734620e-03 -7.728855282068e-01 1.155074454614e-03 1.067357596561e-02
3263 -7.733977729678e-01 1.165557098814e-03 1.086818680477e-02 -7.730340579152e-01 1.236274293539e-03 1.222699303092e-02 -7.735084859133e-01 1.029129637387e-03 8.472862484385e-03
3264 -7.715860097408e-01 1.062086682621e-03 9.024224971202e-03 -7.732733235359e-01 1.057006398621e-03 8.938100213805e-03 -7.732286025882e-01 1.180665967947e-03 1.115177702295e-02
3265 -7.736484504938e-01 1.286665342784e-03 1.324406163456e-02 -7.749548260570e-01 1.245316682994e-03 1.240650912755e-02 -7.715962383151e-01 1.119079599201e-03 1.001871319478e-02
3266 -7.733357604742e-01 1.086993814522e-03 9.452444422473e-03 -7.740365447998e-01 9.578280586917e-04 7.339476720136e-03 -7.748544913530e-01 1.141577260855e-03 1.042558914001e-02
3267 -7.732354177237e-01 1.092741452096e-03 9.552671049027e-03 -7.741540026069e-01 9.984974950933e-04 7.975977981660e-03 -7.714271984696e-01 9.031763894148e-04 6.525820723171e-03
3268 -7.738605806231e-01 1.105746205665e-03 9.781397370736e-03 -7.725167444944e-01 8.870394127681e-04 6.294711358432e-03 -7.730890568495e-01 1.035095844744e-03 8.571387262455e-03
3269 -7.719740110636e-01 1.027308885367e-03 8.442908367626e-03 -7.742648712993e-01 1.314623627578e-03 1.382588225750e-02 -7.734936812520e-01 1.009697169040e-03 8.155906985339e-03
3270 -7.734255486131e-01 1.264173064762e-03 1.278506830136e-02 -7.743188183308e-01 1.161257507057e-03 1.078815198157e-02 -7.753098328710e-01 1.315520076837e-03 1.384474458049e-02
3271 -7.729920591712e-01 1.229294455807e-03 1.208931887263e-02 -7.733011671901e-01 9.467023567082e-04 7.169962817575e-03 -7.741902956367e-01 9.665168728320e-04 7.473238923752e-03
3272 -7.719686092138e-01 1.129765496928e-03 1.021096062438e-02 -7.734823859930e-01 1.062465099393e-03 9.030656699426e-03 -7.722383159995e-01 1.032052882540e-03 8.521065218865e-03
3273 -7.734378732443e-01 1.305302904398e-03 1.363052537783e-02 -7.725333868861e-01 1.001372609030e-03 8.021976816918e-03 -7.735391272902e-01 1.086279693278e-03 9.440028576233e-03
3274 -7.699402185678e-01 9.954431848704e-04 7.927257074440e-03 -7.718467007279e-01 1.054354960892e-03 8.893315068464e-03 -7.739003338218e-01 1.149647176822e-03 1.057350904941e-02
3275 -7.730017954707e-01 1.099810159467e-03 9.676659094942e-03 -7.743857522011e-01 1.246221727785e-03 1.242454875844e-02 -7.726356962919e-01 1.060505034721e-03 8.997367429354e-03
3276 -7.724667416215e-01 1.172380980537e-03 1.099581730820e-02 -7.749144761562e-01 1.164020230642e-03 1.083954477876e-02 -7.729251146913e-01 1.085208489328e-03 9.421419722469e-03
3277 -7.737816140056e-01 1.241382441271e-03 1.232824292397e-02 -7.746753541231e-01 1.293362286715e-03 1.338228803758e-02 -7.736211839318e-01 1.051805056862e-03 8.850351021122e-03
3278 -7.710501659513e-01 1.059118058178e-03 8.973848489276e-03 -7.741607394814e-01 1.156916057331e-03 1.070763810967e-02 -7.766633653641e-01 1.094221141712e-03 9.578559255761e-03
3279 -7.727347121239e-01 1.003763304731e-03 8.060326175396e-03 -7.756433153152e-01 1.068127940981e-03 9.127178386442e-03 -7.754537919760e-01 1.022320723648e-03 8.361117295999e-03
3280 -7.733288699389e-01 1.312461205267e-03 1.378043532264e-02 -7.715627620816e-01 1.017237664949e-03 8.278179735924e-03 -7.725257095098e-01 1.072247306501e-03 9.197714290385e-03
3281 -7.705075796247e-01 1.027660181928e-03 8.448683596168e-03 -7.736761033535e-01 1.203373200344e-03 1.158485647445e-02 -7.734248544574e-01 1.025278668452e-03 8.409570783868e-03
3282 -7.718830007911e-01 1.175581588674e-03 1.105593657303e-02 -7.728604425788e-01 9.779084193335e-04 7.650439012826e-03 -7.715155820847e-01 1.030493526052e-03 8.495335257874e-03
3283 -7.743122437596e-01 1.320673188768e-03 1.395342137224e-02 -7.732239690423e-01 1.054747414479e-03 8.899936866804e-03 -7.732538418174e-01 9.980642824653e-04 7.969058495464e-03
3284 -7.724235385656e-01 9.719746219076e-04 7.557877325060e-03 -7.733663973212e-01 1.279103472481e-03 1.308884554651e-02 -7.740574965477e-01 1.134222025833e-03 1.029167683108e-02
3285 -7.714194571376e-01 1.030550512628e-03 8.496274872617e-03 -7.751329846382e-01 1.299173973186e-03 1.350282410083e-02 -7.729373175502e-01 1.098430749970e-03 9.652400899842e-03
3286 -7.727313348055e-01 1.214551519657e-03 1.180108315122e-02 -7.731419529915e-01 1.049478486278e-03 8.811240745281e-03 -7.730947362781e-01 1.078497022883e-03 9.305246626933e-03
3287 -7.729538528919e-01 1.069294283256e-03 9.147122113634e-03 -7.743597065806e-01 1.043109692478e-03 8.704622644333e-03 -7.759174911380e-01 1.265034766020e-03 1.280250367392e-02
3288 -7.738738615513e-01 1.105704180211e-03 9.780653873090e-03 -7.746055155993e-01 1.236876316062e-03 1.223890416987e-02 -7.731708007455e-01 1.108779771789e-03 9.835140658621e-03
3289 -7.715029423237e-01 9.845404070285e-04 7.754558504574e-03 -7.722649157643e-01 9.665621208059e-04 7.473938667014e-03 -7.726385399699e-01 9.699018343430e-04 7.525676546095e-03
3290 -7.715016406775e-01 1.192531777102e-03 1.137705631518e-02 -7.760859480500e-01 1.419684488465e-03 1.612403237431e-02 -7.737792754769e-01 1.023966770892e-03 8.388063583125e-03
3291 -7.709022094607e-01 1.112033348000e-03 9.892945336510e-03 -7.740583473444e-01 1.039062998090e-03 8.637215312000e-03 -7.716514710784e-01 8.016376473830e-04 5.140983341614e-03
3292 -7.721217851043e-01 1.221333258705e-03 1.193323943054e-02 -7.734494458437e-01 1.148160229281e-03 1.054617529682e-02 -7.725336278081e-01 1.040465089756e-03 8.660540824000e-03
3293 -7.715602975488e-01 1.208631519694e-03 1.168632120318e-02 -7.739520963430e-01 1.127086143128e-03 1.016258539224e-02 -7.758017680645e-01 1.327703887982e-03 1.410238091331e-02
3294 -7.729396249652e-01 1.012025465351e-03 8.193564340149e-03 -7.736996850967e-01 1.121927754458e-03 1.006977508979e-02 -7.728810204864e-01 8.882257908855e-04 6.311560444753e-03
3295 -7.726584458947e-01 1.013900816235e-03 8.223958921290e-03 -7.732645165324e-01 1.236516325068e-03 1.223178097728e-02 -7.725672119856e-01 9.276506163368e-04 6.884285327921e-03
3296 -7.724168322086e-01 1.140905122566e-03 1.041331598958e-02 -7.708085105419e-01 1.042480369444e-03 8.694122565407e-03 -7.744979169965e-01 1.208444911866e-03 1.168271284013e-02
3297 -7.721770080328e-01 9.803809662677e-04 7.689174712160e-03 -7.735282142758e-01 1.112913510965e-03 9.908611863112e-03 -7.713778907657e-01 1.099125933343e-03 9.664622538772e-03
3298 -7.727052112818e-01 1.082307661441e-03 9.371118992108e-03 -7.720769611001e-01 7.977236665724e-04 5.090904385677e-03 -7.740333731174e-01 9.974351393221e-04 7.959014857236e-03
3299 -7.719850285649e-01 1.199351925770e-03 1.150756033478e-02 -7.750628243685e-01 1.315897189715e-03 1.385268331120e-02 -7.718013186455e-01 1.019274691384e-03 8.311367171969e-03
3300 -7.722470124960e-01 1.102493783467e-03 9.723940340663e-03 -7.731071287990e-01 1.158413048272e-03 1.073536632325e-02 -7.732738183141e-01 1.033551133115e-03 8.545823558099e-03
3301 -7.721874479055e-01 1.052971265816e-03 8.869987893070e-03 -7.718879706264e-01 1.081323863143e-03 9.354090376026e-03 -7.721023508310e-01 1.021430762247e-03 8.346566416523e-03
3302 -7.729701960683e-01 1.405502751515e-03 1.580350387613e-02 -7.722601249218e-01 9.224023819178e-04 6.806609233340e-03 -7.733077556491e-01 1.081384784318e-03 9.355144414038e-03
3303 -7.711604396105e-01 9.572356948219e-04 7.330401403530e-03 -7.734174342752e-01 1.074381515479e-03 9.234365126419e-03 -7.722895086408e-01 9.459513886858e-04 7.158592238053e-03
3304 -7.731054288149e-01 1.014209216186e-03 8.228962673567e-03 -7.739917896986e-01 1.119307808354e-03 1.002279975874e-02 -7.725499336720e-01 1.186729879060e-03 1.126662244683e-02
3305 -7.698458311558e-01 9.576377796049e-04 7.336560935412e-03 -7.726781288385e-01 1.093083463761e-03 9.558651669986e-03 -7.736576901674e-01 1.279741818709e-03 1.310191298043e-02
3306 -7.734683226347e-01 1.316890412509e-03 1.387360286847e-02 -7.753832066059e-01 1.180824702669e-03 1.115477582746e-02 -7.729493749738e-01 1.131753230112e-03 1.024692299096e-02
3307 -7.740294595361e-01 1.246161826647e-03 1.242335438554e-02 -7.737918513417e-01 1.072285082005e-03 9.198362376722e-03 -7.738373484612e-01 1.017677542912e-03 8.285340650782e-03
3308 -7.735741177201e-01 1.135697770179e-03 1.031847540152e-02 -7.721862735748e-01 1.039486733081e-03 8.644261346005e-03 -7.719373277426e-01 1.159631273819e-03 1.075795752975e-02
3309 -7.729418100119e-01 9.825277658641e-04 7.722886485552e-03 -7.735858269930e-01 1.017879731316e-03 8.288633179399e-03 -7.745806821585e-01 1.159841448099e-03 1.076185747783e-02
3310 -7.720826551318e-01 1.170998844403e-03 1.096990634875e-02 -7.727834866047e-01 1.182876576886e-03 1.119357596916e-02 -7.735295337439e-01 9.761035005057e-04 7.622224349596e-03
3311 -7.728368430138e-01 1.204946300810e-03 1.161516470269e-02 -7.738458715677e-01 1.278660583344e-03 1.307978309919e-02 -7.739090442657e-01 1.043224867718e-03 8.706544997007e-03
3312 -7.712779969573e-01 1.351207837261e-03 1.460610095581e-02 -7.736126530766e-01 1.192740175393e-03 1.138103300798e-02 -7.726189682484e-01 1.057052465169e-03 8.938879312953e-03
3313 -7.730737110376e-01 1.003935005747e-03 8.063083966118e-03 -7.715638262033e-01 1.015771193458e-03 8.254328939678e-03 -7.727162403464e-01 1.300823325259e-03 1.353713058831e-02
3314 -7.712564447522e-01 1.085970609727e-03 9.434657321529e-03 -7.732209669352e-01 1.044122062974e-03 8.721527059108e-03 -7.721411784887e-01 1.209888075081e-03 1.171063323378e-02
3315 -7.725059265494e-01 1.090129792009e-03 9.507063707402e-03 -7.733093628883e-01 1.104200458184e-03 9.754069214835e-03 -7.722890231609e-01 1.046264172303e-03 8.757349745957e-03
3316 -7.714969459176e-01 1.056982641326e-03 8.937698432524e-03 -7.721132654548e-01 1.027570996733e-03 8.447217226617e-03 -7.748196620345e-01 1.027156900977e-03 8.440410393796e-03
3317 -7.721966909766e-01 1.290078792811e-03 1.331442633328e-02 -7.706310184598e-01 1.078904796639e-03 9.312284481688e-03 -7.735894173980e-01 9.613232535107e-04 7.393139181922e-03
3318 -7.729720793962e-01 1.330385263564e-03 1.415939959607e-02 -7.732332420945e-01 1.100980421085e-03 9.697263100905e-03 -7.725292970538e-01 9.790807926168e-04 7.668793587769e-03
3319 -7.717915409207e-01 1.043030070884e-03 8.703293830148e-03 -7.717671248317e-01 1.085644914221e-03 9.428999038197e-03 -7.722986322641e-01 1.066612250043e-03 9.101293535532e-03
3320 -7.727493167520e-01 9.581300951826e-04 7.344106234356e-03 -7.728432695270e-01 1.202242329692e-03 1.156309295443e-02 -7.738716839552e-01 1.131293105829e-03 1.023859273037e-02
3321 -7.714609909058e-01 1.091106290779e-03 9.524103502215e-03 -7.740118232965e-01 1.265190187978e-03 1.280564969405e-02 -7.713746058345e-01 9.687979140161e-04 7.508555185615e-03
3322 -7.715037425756e-01 1.249917008530e-03 1.249834022569e-02 -7.744811807871e-01 1.203316803660e-03 1.158377063977e-02 -7.745307840109e-01 1.109484566406e-03 9.847648024744e-03
3323 -7.727492222190e-01 1.217673600975e-03 1.186183198808e-02 -7.727721720934e-01 1.045388171183e-03 8.742691427597e-03 -7.734251338243e-01 1.059997281228e-03 8.988753889683e-03
3324 -7.738403387070e-01 1.143158335006e-03 1.045448783115e-02 -7.754460107088e-01 9.733486958385e-04 7.579261469524e-03 -7.759713972211e-01 1.265667779013e-03 1.281531941464e-02
3325 -7.727160324454e-01 1.012271448801e-03 8.197547888469e-03 -7.734766823053e-01 1.106729046046e-03 9.798793450899e-03 -7.723456285000e-01 1.062607029772e-03 9.033069597765e-03
3326 -7.722340648770e-01 1.057066396111e-03 8.939114926289e-03 -7.722043087482e-01 1.206422955198e-03 1.164365077464e-02 -7.727937878966e-01 1.079565432154e-03 9.323692178414e-03
3327 -7.715353794098e-01 1.034191953884e-03 8.556423979835e-03 -7.733844721913e-01 1.216868918013e-03 1.184615970900e-02 -7.718013159633e-01 1.078136819413e-03 9.299032010993e-03
3328 -7.709540401697e-01 1.008639106510e-03 8.138822777455e-03 -7.734061639905e-01 1.128835453819e-03 1.019415585439e-02 -7.727124924064e-01 8.578281857764e-04 5.886953570499e-03
3329 -7.715407959223e-01 1.078579786916e-03 9.306674853953e-03 -7.733079158664e-01 1.143793429929e-03 1.046610728280e-02 -7.736884514689e-01 1.231559448252e-03 1.213390939663e-02
3330 -7.710533322096e-01 1.101217614719e-03 9.701441879740e-03 -7.726429729462e-01 1.143561908006e-03 1.046187069954e-02 -7.723850032687e-01 1.139470349608e-03 1.038714142108e-02
3331 -7.721609583497e-01 1.046320353109e-03 8.758290250645e-03 -7.736554918885e-01 1.182897948775e-03 1.119398045772e-02 -7.734310939312e-01 1.098060764033e-03 9.645899532067e-03
3332 -7.726345421076e-01 1.289842733578e-03 1.330955421891e-02 -7.739478433728e-01 1.096298756673e-03 9.614967711056e-03 -7.729539093971e-01 1.084322603200e-03 9.406044062477e-03
3333 -7.721507343054e-01 1.137459025439e-03 1.035050427642e-02 -7.721194983125e-01 1.076438581616e-03 9.269760159940e-03 -7.736928277016e-01 1.030378069307e-03 8.493431725673e-03
3334 -7.707275845408e-01 1.053920611420e-03 8.885989241403e-03 -7.734989940524e-01 1.138611269983e-03 1.037148499305e-02 -7.719125246406e-01 1.026167819870e-03 8.424163156290e-03
3335 -7.711939254999e-01 1.036247641772e-03 8.590473400629e-03 -7.744926570058e-01 1.158103117703e-03 1.072962264987e-02 -7.716112490296e-01 1.007618703428e-03 8.122363611988e-03
3336 -7.715014265180e-01 1.060172050202e-03 8.991718208241e-03 -7.720319183469e-01 9.108076378230e-04 6.636564424934e-03 -7.738358622193e-01 1.033203038571e-03 8.540068151298e-03
3337 -7.723262728453e-01 1.191427478821e-03 1.135599549833e-02 -7.728861467838e-01 1.081230534690e-03 9.352475753173e-03 -7.748701969385e-01 1.222633225653e-03 1.195865603577e-02
3338 -7.726901113987e-01 1.012481577377e-03 8.200951556217e-03 -7.725219376087e-01 1.033773674343e-03 8.549504078124e-03 -7.730041521788e-01 1.065384335716e-03 9.080350262319e-03
3339 -7.737268819213e-01 1.102134754203e-03 9.717608131374e-03 -7.711336455345e-01 1.241872752743e-03 1.233798347204e-02 -7.743465043306e-01 1.115275812916e-03 9.950721111005e-03
3340 -7.731291578412e-01 1.293127412727e-03 1.337742804437e-02 -7.714691881537e-01 1.145781740182e-03 1.050252636907e-02 -7.731012101173e-01 9.171424896175e-04 6.729202770095e-03
3341 -7.710288078189e-01 1.179386686581e-03 1.112762365188e-02 -7.728021023870e-01 1.075234359037e-03 9.249031414832e-03 -7.732090401649e-01 1.066658287748e-03 9.102079222565e-03
3342 -7.725534080267e-01 1.256276052629e-03 1.262583616326e-02 -7.739573285580e-01 1.211375267636e-03 1.173944031232e-02 -7.741779670715e-01 1.106180223429e-03 9.789077493648e-03
3343 -7.722446066141e-01 1.133689270798e-03 1.028201090179e-02 -7.755391435623e-01 1.190348473916e-03 1.133543591484e-02 -7.741069661975e-01 1.160576149951e-03 1.077549599868e-02
3344 -7.716387624741e-01 1.108293382109e-03 9.826513766620e-03 -7.724452918172e-01 1.048589145237e-03 8.796313564069e-03 -7.731593874097e-01 1.087604655069e-03 9.463071085815e-03
3345 -7.724585468173e-01 1.102092794978e-03 9.716868229932e-03 -7.737603575587e-01 1.072927494894e-03 9.209387274397e-03 -7.738686581254e-01 1.165614569148e-03 1.086925859049e-02
3346 -7.725651762486e-01 1.076212272212e-03 9.265862838879e-03 -7.721777591109e-01 9.817260014354e-04 7.710287535155e-03 -7.724939655662e-01 9.130606299210e-04 6.669437711294e-03
3347 -7.737638013363e-01 1.102657294579e-03 9.726824874308e-03 -7.733906380534e-01 1.112927600894e-03 9.908862758657e-03 -7.724347195625e-01 9.152966590499e-04 6.702143792543e-03
3348 -7.708826745749e-01 1.030305952826e-03 8.492242851433e-03 -7.710480349064e-01 7.835518165501e-04 4.911627593751e-03 -7.730299092531e-01 1.163108725987e-03 1.082257526774e-02
3349 -7.749938001633e-01 1.711636618175e-03 2.343759930143e-02 -7.736649681330e-01 1.164292437108e-03 1.084461503286e-02 -7.748132297397e-01 1.407156776796e-03 1.584072155586e-02
3350 -7.719729881287e-01 1.182091682514e-03 1.117872596695e-02 -7.702918944359e-01 1.178888611198e-03 1.111822686090e-02 -7.727674185634e-01 1.113948296240e-03 9.927046453563e-03
3351 -7.719670602083e-01 1.139938404467e-03 1.039567652784e-02 -7.705354716778e-01 8.616943170990e-04 5.940136768966e-03 -7.721159163117e-01 1.110838762778e-03 9.871702055116e-03
3352 -7.714551567435e-01 1.030340957341e-03 8.492819906987e-03 -7.768673293591e-01 1.530876627569e-03 1.874866599069e-02 -7.728230124712e-01 1.038800194663e-03 8.632846755448e-03
3353 -7.722164734006e-01 1.178636209196e-03 1.111346650903e-02 -7.731348195076e-01 1.155807818129e-03 1.068713369959e-02 -7.749432098269e-01 1.152004449516e-03 1.061691401364e-02
3354 -7.723858162761e-01 1.133584734393e-03 1.028011480040e-02 -7.724429061413e-01 1.097126657418e-03 9.629495219329e-03 -7.726465540528e-01 1.088540190362e-03 9.479357968273e-03
3355 -7.740561561584e-01 1.133372310331e-03 1.027626235061e-02 -7.728583248854e-01 1.087523516152e-03 9.461659185468e-03 -7.727410076857e-01 1.084139854023e-03 9.402873784652e-03
3356 -7.735273225307e-01 1.192290243070e-03 1.137244818976e-02 -7.734963426590e-01 1.044562705288e-03 8.728889962226e-03 -7.739283419847e-01 1.154519883744e-03 1.066332929569e-02
3357 -7.712357500792e-01 1.249340344402e-03 1.248681036920e-02 -7.758044805527e-01 1.255524276836e-03 1.261072967780e-02 -7.727067188025e-01 9.770871848508e-04 7.637594934397e-03
3358 -7.735012901425e-01 1.106275101071e-03 9.790756794005e-03 -7.725987607837e-01 1.145038810904e-03 1.048891102781e-02 -7.730774401426e-01 1.035203394840e-03 8.573168549503e-03
3359 -7.729203708768e-01 1.119663295956e-03 1.002916717049e-02 -7.719516354203e-01 1.038292650379e-03 8.624413022654e-03 -7.726055772901e-01 1.135930112570e-03 1.032269776515e-02
3360 -7.724838712811e-01 9.893115136733e-04 7.829898168692e-03 -7.742274417281e-01 1.350038948216e-03 1.458084129360e-02 -7.722178208828e-01 9.084777770169e-04 6.602654970668e-03
3361 -7.717280317545e-01 1.141684432907e-03 1.042754675473e-02 -7.753811089993e-01 1.015233745332e-03 8.245596461292e-03 -7.726629164815e-01 1.010517756196e-03 8.169169084693e-03
3362 -7.723869659901e-01 1.247755329329e-03 1.245514689494e-02 -7.705755611062e-01 1.047474724611e-03 8.777626389586e-03 -7.721640573740e-01 1.094080581679e-03 9.576098553659e-03
3363 -7.740385299325e-01 1.154503602044e-03 1.066302853706e-02 -7.736765593886e-01 1.039039762844e-03 8.636829030163e-03 -7.722872617841e-01 1.064827359099e-03 9.070858437485e-03
3364 -7.720209841728e-01 9.732390824271e-04 7.577554492508e-03 -7.727171989083e-01 1.054377007189e-03 8.893686986306e-03 -7.737450673580e-01 1.192546961384e-03 1.137734604085e-02
3365 -7.731386713982e-01 1.129135895733e-03 1.019958296827e-02 -7.727047284245e-01 1.088216929019e-03 9.473728676824e-03 -7.751399141550e-01 1.078802498401e-03 9.310518644445e-03
3366 -7.728051082492e-01 1.217272892163e-03 1.185402635197e-02 -7.748642476201e-01 1.180895995164e-03 1.115612281115e-02 -7.741259109378e-01 1.025800889483e-03 8.418139718919e-03
3367 -7.722748567462e-01 1.155484089988e-03 1.068114785773e-02 -7.724210377336e-01 1.042801467348e-03 8.699479202427e-03 -7.726079783440e-01 1.149874942994e-03 1.057769907620e-02
3368 -7.719519189596e-01 1.007166241340e-03 8.115070701556e-03 -7.728721944094e-01 9.127285598857e-04 6.664587392248e-03 -7.724082138538e-01 1.073265191802e-03 9.215185375464e-03
3369 -7.706512175202e-01 9.908943434778e-04 7.854972799490e-03 -7.733691030741e-01 1.083224504483e-03 9.387002616894e-03 -7.751601443291e-01 1.116246870966e-03 9.968056615524e-03
3370 -7.721116497517e-01 1.123239972759e-03 1.009334429124e-02 -7.738421665430e-01 1.097921618497e-03 9.643455042910e-03 -7.718719782829e-01 9.729556644941e-04 7.573141800569e-03
3371 -7.709131093025e-01 1.091105985659e-03 9.524098175523e-03 -7.735420898199e-01 9.918354219252e-04 7.869900033485e-03 -7.716437463760e-01 1.054986519309e-03 8.903972447383e-03
3372 -7.723906918168e-01 9.649096371821e-04 7.448404863415e-03 -7.736292487383e-01 1.104764597886e-03 9.764038533944e-03 -7.725869483352e-01 1.044386542831e-03 8.725946006779e-03
3373 -7.742261133194e-01 1.250220209591e-03 1.250440457976e-02 -7.740638393760e-01 1.110172098229e-03 9.859856701491e-03 -7.721416352987e-01 1.141862956412e-03 1.043080808981e-02
3374 -7.727685272694e-01 1.142541201679e-03 1.044320318027e-02 -7.718501286507e-01 8.610170319847e-04 5.930802634942e-03 -7.733070122600e-01 1.070214315620e-03 9.162869450862e-03
3375 -7.728316662312e-01 1.195431732973e-03 1.143245622560e-02 -7.722932096124e-01 1.081424490445e-03 9.355831428272e-03 -7.737675909400e-01 1.131438867365e-03 1.024123128468e-02
3376 -7.735211191177e-01 1.154135672738e-03 1.065623320868e-02 -7.732278212309e-01 1.122365973910e-03 1.007764303513e-02 -7.740674043894e-01 1.100854754266e-03 9.695049519921e-03
3377 -7.716277891994e-01 1.162518978274e-03 1.081160299878e-02 -7.737720553875e-01 1.064277437935e-03 9.061491719188e-03 -7.730189065337e-01 8.965204806260e-04 6.429991777456e-03
3378 -7.706042404771e-01 1.139375859199e-03 1.038541878820e-02 -7.735690224171e-01 1.151998993337e-03 1.061681344519e-02 -7.734312571883e-01 1.117656623114e-03 9.993250617532e-03
3379 -7.723271073699e-01 1.035869966530e-03 8.584212700471e-03 -7.727570440173e-01 9.883408018820e-04 7.814540325318e-03 -7.740159044862e-01 1.242617433337e-03 1.235278468506e-02
3380 -7.713532596231e-01 1.057543361600e-03 8.947183693314e-03 -7.730328292847e-01 1.036880362005e-03 8.600967080898e-03 -7.743040115833e-01 1.105283783858e-03 9.773217942868e-03
3381 -7.722280700207e-01 1.105356414385e-03 9.774502422579e-03 -7.741060163379e-01 1.150799331770e-03 1.059471281602e-02 -7.732761043906e-01 1.062919341235e-03 9.038380207770e-03
3382 -7.715979409218e-01 1.297007145631e-03 1.345782028655e-02 -7.747722316980e-01 1.093354635118e-03 9.563394865080e-03 -7.709457240701e-01 1.039690466692e-03 8.647650132235e-03
3383 -7.744199140072e-01 1.197134707814e-03 1.146505206922e-02 -7.731236634254e-01 1.160908885811e-03 1.078167552925e-02 -7.733549637198e-01 9.836707773819e-04 7.740865586201e-03
3384 -7.731863599420e-01 1.050539749237e-03 8.829070117812e-03 -7.735194107294e-01 1.043119041756e-03 8.704778682199e-03 -7.741559187770e-01 1.413926728113e-03 1.599351033977e-02
3385 -7.733552622199e-01 1.234806221339e-03 1.219797123405e-02 -7.729028071165e-01 9.427660430375e-04 7.110462495237e-03 -7.728652337193e-01 9.889375653623e-04 7.823980065478e-03
3386 -7.708029358983e-01 1.014239575431e-03 8.229455330956e-03 -7.742736018300e-01 1.224410132730e-03 1.199344138505e-02 -7.755089085698e-01 1.168952240550e-03 1.093159472549e-02
3387 -7.716829972267e-01 9.986347617530e-04 7.978171099052e-03 -7.715027525425e-01 8.859566447134e-04 6.279353410495e-03 -7.727506166101e-01 1.158013242348e-03 1.072795735564e-02
3388 -7.735279735923e-01 1.247925064028e-03 1.245853572343e-02 -7.716094393730e-01 9.518806177397e-04 7.248613683428e-03 -7.727360592484e-01 9.704104973623e-04 7.533572267127e-03
3389 -7.744196940064e-01 1.095624954393e-03 9.603152325518e-03 -7.737247076035e-01 1.228117848617e-03 1.206618760074e-02 -7.722709599733e-01 1.144951418471e-03 1.048731000527e-02
3390 -7.735214040279e-01 1.441301954854e-03 1.661881060054e-02 -7.733043936491e-01 1.176682657580e-03 1.107665661320e-02 -7.731030296087e-01 1.029611560497e-03 8.480799724079e-03
3391 -7.718723571897e-01 1.106958053299e-03 9.802849054101e-03 -7.737472111583e-01 1.132791111092e-03 1.026572561096e-02 -7.749539123774e-01 1.130465056885e-03 1.022360995870e-02
3392 -7.743205279112e-01 1.295903304567e-03 1.343492299830e-02 -7.745523092151e-01 1.047415291440e-03 8.776630341936e-03 -7.742564359903e-01 1.012012066567e-03 8.193347383011e-03
3393 -7.715813797712e-01 1.057526714815e-03 8.946902020378e-03 -7.737346238494e-01 1.032228068318e-03 8.523958280196e-03 -7.725201182961e-01 1.059271864890e-03 8.976455069988e-03
3394 -7.726059092879e-01 1.060277575046e-03 8.993508289167e-03 -7.716330822706e-01 1.022028690641e-03 8.356341155949e-03 -7.738566738963e-01 1.095167083196e-03 9.595127520920e-03
3395 -7.728836318254e-01 1.192178404235e-03 1.137031478020e-02 -7.746961342096e-01 1.215168269686e-03 1.181307138921e-02 -7.731402834654e-01 1.161536170267e-03 1.079333019871e-02
3396 -7.720594946146e-01 1.057707514285e-03 8.949961486204e-03 -7.720456185937e-01 8.703231051584e-04 6.059698458980e-03 -7.717825837135e-01 1.162722085232e-03 1.081538117988e-02
3397 -7.714231088161e-01 1.007410455613e-03 8.119006608633e-03 -7.740152003765e-01 1.182861683553e-03 1.119329409935e-02 -7.734211419821e-01 1.032343528905e-03 8.525865293370e-03
3398 -7.709466912746e-01 9.371946371060e-04 7.026670302563e-03 -7.719797936082e-01 1.255340269867e-03 1.260703354521e-02 -7.712443110943e-01 1.073287550439e-03 9.215569327411e-03
3399 -7.727139742374e-01 1.396376395910e-03 1.559893631244e-02 -7.724341579676e-01 9.167535287741e-04 6.723496260158e-03 -7.697895445824e-01 1.024116015797e-03 8.390508910499e-03
3400 -7.715403114557e-01 1.055105609315e-03 8.905982774459e-03 -7.733083879352e-01 1.080477575331e-03 9.339454326345e-03 -7.723977388740e-01 9.988827557051e-04 7.982134077160e-03
3401 -7.727162938118e-01 1.239687148226e-03 1.229459380381e-02 -7.720742089748e-01 1.042525595679e-03 8.694876941160e-03 -7.713621757627e-01 9.309605497322e-04 6.933500361262e-03
3402 -7.732077602744e-01 1.132684600377e-03 1.026379523144e-02 -7.743512833714e-01 1.333107368570e-03 1.421740204908e-02 -7.750872085690e-01 1.141575372966e-03 1.042555465731e-02
3403 -7.751708927155e-01 1.271374889445e-03 1.293115287609e-02 -7.722893988490e-01 9.630706817363e-04 7.420041104160e-03 -7.740172021985e-01 1.069671024002e-03 9.153568796719e-03
3404 -7.702419172525e-01 9.425400616051e-04 7.107054141844e-03 -7.744745163321e-01 1.177867520377e-03 1.109897516447e-02 -7.728305621147e-01 1.134696302906e-03 1.030028559863e-02
3405 -7.732366002798e-01 1.113992705015e-03 9.927837974613e-03 -7.738091354370e-01 1.008510301322e-03 8.136744222984e-03 -7.729003615379e-01 1.134499913320e-03 1.029672042658e-02
3406 -7.714797928333e-01 9.507248125566e-04 7.231021353686e-03 -7.736751875877e-01 1.099523144815e-03 9.671609167868e-03 -7.704430445433e-01 9.285163624556e-04 6.897141082782e-03
3407 -7.704206595421e-01 1.052486770284e-03 8.861827212984e-03 -7.741139057279e-01 1.089941420964e-03 9.503778409066e-03 -7.745996791124e-01 1.339540476971e-03 1.435494951555e-02
3408 -7.730875669718e-01 1.313357422465e-03 1.379926175315e-02 -7.740907007456e-01 1.169125477307e-03 1.093483505352e-02 -7.730091254711e-01 1.038482811313e-03 8.627572395140e-03
3409 -7.710755395293e-01 1.008833314537e-03 8.141957252158e-03 -7.748373246193e-01 1.137085247504e-03 1.034370288073e-02 -7.730419786572e-01 1.204052748520e-03 1.159794416974e-02
3410 -7.727324376702e-01 1.351112858343e-03 1.460404764783e-02 -7.726274318099e-01 1.033540308265e-03 8.545644550464e-03 -7.736944523454e-01 9.100953461454e-04 6.626188312604e-03
3411 -7.729168179631e-01 1.230520860821e-03 1.211345271133e-02 -7.740387550592e-01 9.921612194221e-04 7.875071082601e-03 -7.725012951493e-01 9.207448125871e-04 6.782168079249e-03
3412 -7.714938226342e-01 1.214584623795e-03 1.180172646688e-02 -7.717898094058e-01 8.734697911793e-04 6.103595808822e-03 -7.719578692317e-01 9.538694104930e-04 7.278934818195e-03
3413 -7.735191211104e-01 1.235536589274e-03 1.221240530747e-02 -7.743257142901e-01 1.124598818517e-03 1.011778002089e-02 -7.715780651569e-01 9.575997041989e-04 7.335977547855e-03
3414 -7.727880551219e-01 1.046921876985e-03 8.768363332086e-03 -7.725451599956e-01 9.181725595532e-04 6.744326792932e-03 -7.735242723823e-01 1.152169601729e-03 1.061995832919e-02
3415 -7.710808820724e-01 1.018197218249e-03 8.293804602000e-03 -7.744575538039e-01 1.344904205308e-03 1.447013857163e-02 -7.726990447044e-01 1.148367395576e-03 1.054998140177e-02
3416 -7.726632702947e-01 1.001945430648e-03 8.031157167975e-03 -7.731135723591e-01 9.430704094571e-04 7.115054377549e-03 -7.717766057849e-01 9.362315047444e-04 7.012235443808e-03
3417 -7.732206515074e-01 1.188873939389e-03 1.130736995006e-02 -7.753620338440e-01 1.095393253071e-03 9.599091030985e-03 -7.717485010624e-01 1.051822106095e-03 8.850637942962e-03
3418 -7.735581530929e-01 1.227996834304e-03 1.206380980049e-02 -7.734756807089e-01 1.016872636391e-03 8.272239669128e-03 -7.722166011333e-01 1.075031768955e-03 9.245546434093e-03
3419 -7.728506348133e-01 1.134714841225e-03 1.030062216717e-02 -7.751279056668e-01 1.176647792161e-03 1.107600021437e-02 -7.733486683965e-01 1.196645025847e-03 1.145567454307e-02
3420 -7.721428342462e-01 1.077586639540e-03 9.289543725712e-03 -7.713935764432e-01 1.019465063764e-03 8.314472129882e-03 -7.709861929417e-01 9.702877112671e-04 7.531665941088e-03
3421 -7.729740316272e-01 1.033270073088e-03 8.541176351513e-03 -7.741159201860e-01 1.046177837177e-03 8.755904535998e-03 -7.755898868442e-01 1.130465323503e-03 1.022361478113e-02
3422 -7.721616924405e-01 1.162995081699e-03 1.082046048044e-02 -7.737668086290e-01 1.205030745542e-03 1.161679278162e-02 -7.729381445050e-01 1.219789852556e-03 1.190309827519e-02
3423 -7.723938159347e-01 1.157309461465e-03 1.071492151677e-02 -7.742678750753e-01 1.040357006006e-03 8.658741599574e-03 -7.718274005651e-01 1.222530892348e-03 1.195665426196e-02
3424 -7.720686453581e-01 1.021462465284e-03 8.347084543880e-03 -7.731289463639e-01 1.037717502714e-03 8.614860923504e-03 -7.736241244674e-01 1.061207851408e-03 9.009296831124e-03
3425 -7.713396974206e-01 1.160455716546e-03 1.077325976051e-02 -7.748562922478e-01 1.255156226255e-03 1.260333721845e-02 -7.721416190267e-01 9.447068951690e-04 7.139768942238e-03
3426 -7.716486868858e-01 1.118056571561e-03 1.000040397769e-02 -7.738644647002e-01 1.140519256090e-03 1.040627338810e-02 -7.724714916945e-01 1.043572878510e-03 8.712354822100e-03
3427 -7.723667742610e-01 1.068031672362e-03 9.125533225339e-03 -7.725321746469e-01 1.157130117053e-03 1.071160086233e-02 -7.743841137886e-01 1.252217042482e-03 1.254438017187e-02
3428 -7.732139042616e-01 1.281050345842e-03 1.312871990867e-02 -7.720746972561e-01 1.158419018420e-03 1.073547697789e-02 -7.718078147173e-01 1.023887597301e-03 8.386766495254e-03
3429 -7.708246568441e-01 1.047296048945e-03 8.774632113091e-03 -7.736935393810e-01 1.079070713573e-03 9.315148839129e-03 -7.727152971625e-01 9.725721109016e-04 7.567172087229e-03
3430 -7.710375963449e-01 1.013844377745e-03 8.223043378280e-03 -7.740176432729e-01 1.066331368359e-03 9.096500697172e-03 -7.744604204893e-01 1.118894349729e-03 1.001539652685e-02
3431 -7.731005966067e-01 1.246522485428e-03 1.243054645342e-02 -7.712626719475e-01 1.036887562838e-03 8.601086543746e-03 -7.724174549580e-01 1.126100642086e-03 1.014482124885e-02
3432 -7.720057260990e-01 1.129882777071e-03 1.021308071937e-02 -7.748414396048e-01 1.140260125689e-03 1.040154523388e-02 -7.719926436543e-01 9.671382693003e-04 7.482851455561e-03
3433 -7.725115635395e-01 1.317069033026e-03 1.387736670204e-02 -7.745630866289e-01 1.225167686540e-03 1.200828688113e-02 -7.732891865969e-01 1.070475218164e-03 9.167337541621e-03
3434 -7.738887107968e-01 1.053944667317e-03 8.886394894120e-03 -7.708955193162e-01 9.493351118611e-04 7.209897236899e-03 -7.734867258668e-01 1.023603227416e-03 8.382108537408e-03
3435 -7.724906971455e-01 1.171182279247e-03 1.097334344978e-02 -7.730103745461e-01 1.030425060821e-03 8.494206447748e-03 -7.720628325939e-01 1.108161417306e-03 9.824173814439e-03
3436 -7.712111184001e-01 9.671030617112e-04 7.482306655769e-03 -7.738826645613e-01 1.114805277535e-03 9.942326454551e-03 -7.715880454779e-01 9.359827244661e-04 7.008509283992e-03
3437 -7.738510568738e-01 1.123135130440e-03 1.009146016982e-02 -7.730065762997e-01 1.114243179347e-03 9.932302901762e-03 -7.741674886346e-01 1.067212938987e-03 9.111547657133e-03
3438 -7.720664913654e-01 1.023504444258e-03 8.380490779330e-03 -7.741340208650e-01 1.077736313788e-03 9.292124496467e-03 -7.725249810219e-01 1.006554787004e-03 8.105220313931e-03
3439 -7.714311392307e-01 1.108559286164e-03 9.831229527517e-03 -7.732113256454e-01 1.141227370414e-03 1.041919928786e-02 -7.728824076056e-01 1.201210454002e-03 1.154325243842e-02
3440 -7.697424883246e-01 1.006378223803e-03 8.102377034755e-03 -7.739637083411e-01 1.137896126580e-03 1.035846075908e-02 -7.725875018239e-01 1.110736529356e-03 9.869885101167e-03
3441 -7.735141459703e-01 1.181683060168e-03 1.117099883750e-02 -7.741069272757e-01 1.045028173555e-03 8.736671068194e-03 -7.739270785451e-01 1.118917635487e-03 1.001581340004e-02
3442 -7.721460028291e-01 1.224480520581e-03 1.199482036227e-02 -7.745469017029e-01 1.193211822062e-03 1.139003561848e-02 -7.751312595010e-01 1.172104042561e-03 1.099062309271e-02
3443 -7.716255805492e-01 1.087532724230e-03 9.461819410177e-03 -7.737412776947e-01 1.009209151592e-03 8.148024893253e-03 -7.733436197639e-01 1.152747650195e-03 1.063061716024e-02
3444 -7.721093876958e-01 1.342771603961e-03 1.442428464322e-02 -7.725994901657e-01 1.090930832995e-03 9.521040659031e-03 -7.738640064001e-01 1.136355105860e-03 1.033042341291e-02
3445 -7.727245593667e-01 1.129245056135e-03 1.020155517445e-02 -7.738352084160e-01 1.051986560897e-03 8.853405794461e-03 -7.728595878482e-01 9.377781348221e-04 7.035422641203e-03
3446 -7.719392521977e-01 1.109247495356e-03 9.843440047629e-03 -7.736154708266e-01 1.148928979542e-03 1.056030240024e-02 -7.729776375294e-01 9.551250939487e-04 7.298111560725e-03
3447 -7.751239064336e-01 1.273626300555e-03 1.297699162773e-02 -7.704130704999e-01 9.157045856613e-04 6.708119105609e-03 -7.728121640682e-01 1.134370390181e-03 1.029436945696e-02
3448 -7.718721897602e-01 1.156192453955e-03 1.069424792467e-02 -7.720935725570e-01 9.446729393506e-04 7.139255698731e-03 -7.719429301620e-01 1.140302426797e-03 1.040231699648e-02
3449 -7.717663347125e-01 1.021094378242e-03 8.341069834218e-03 -7.742293083668e-01 1.195170007511e-03 1.142745077483e-02 -7.735757502913e-01 1.091096427954e-03 9.523931320755e-03
3450 -7.732621466517e-01 1.212321691386e-03 1.175779106724e-02 -7.747744448185e-01 1.244923012672e-03 1.239866645983e-02 -7.708306908607e-01 1.103145954119e-03 9.735447968705e-03
3451 -7.733432014585e-01 1.128226435242e-03 1.018315911343e-02 -7.728928108811e-01 1.085574654982e-03 9.427778652315e-03 -7.736294454336e-01 1.108001793274e-03 9.821343791194e-03
3452 -7.734149798155e-01 1.161855670314e-03 1.079926878912e-02 -7.745756061077e-01 1.220362254299e-03 1.191427225375e-02 -7.725508456826e-01 9.235173655858e-04 6.823074596308e-03
3453 -7.718048314452e-01 1.039514701137e-03 8.644726511045e-03 -7.719643908739e-01 8.850041570165e-04 6.265858863491e-03 -7.710838633180e-01 9.326253681533e-04 6.958320618585e-03
3454 -7.724066230655e-01 1.154353489919e-03 1.066025583750e-02 -7.737126036882e-01 1.046768433808e-03 8.765793232131e-03 -7.728144766688e-01 1.186651492250e-03 1.126513411247e-02
3455 -7.723140667081e-01 1.135909379289e-03 1.032232094366e-02 -7.757597647309e-01 1.423599216305e-03 1.621307782930e-02 -7.717947210073e-01 9.079909505878e-04 6.595580530795e-03
3456 -7.711991136074e-01 1.169793764102e-03 1.094733960426e-02 -7.725867175460e-01 1.031993180076e-03 8.520079389795e-03 -7.730975698233e-01 1.145157128117e-03 1.049107878462e-02
3457 -7.737512220144e-01 1.146446034184e-03 1.051470807437e-02 -7.717969294786e-01 9.273092256207e-04 6.879219199370e-03 -7.718190780282e-01 1.069311295784e-03 9.147413178324e-03
3458 -7.728739142418e-01 1.007166932265e-03 8.115081835591e-03 -7.732365436554e-01 1.253332617720e-03 1.256674120513e-02 -7.729952719212e-01 9.261463168130e-04 6.861976001170e-03
3459 -7.718579697609e-01 9.671466293713e-04 7.482980821634e-03 -7.725882036090e-01 1.160542370317e-03 1.077486874640e-02 -7.733335747719e-01 1.051699761109e-03 8.848579100139e-03
3460 -7.726562269926e-01 1.016001167932e-03 8.258066985916e-03 -7.716006301641e-01 8.862085997799e-04 6.282925458591e-03 -7.733282949924e-01 1.196013297015e-03 1.144358245310e-02
3461 -7.718068938851e-01 1.038880289169e-03 8.634178041792e-03 -7.728456429243e-01 1.122226402367e-03 1.007513678536e-02 -7.713414859772e-01 9.227834943225e-04 6.812235019152e-03
3462 -7.741554953456e-01 1.270262910936e-03 1.290854290319e-02 -7.699418122768e-01 1.012702931304e-03 8.204537816575e-03 -7.734441742897e-01 1.002075258443e-03 8.033238588661e-03
3463 -7.722714223862e-01 1.175384892409e-03 1.105223716243e-02 -7.740204250216e-01 1.236751473637e-03 1.223643366036e-02 -7.704248659015e-01 9.412619006061e-04 7.087791724261e-03
3464 -7.731229186058e-01 1.202368951555e-03 1.156552876530e-02 -7.735148774981e-01 1.045798089148e-03 8.749549146128e-03 -7.719550573230e-01 1.202444207821e-03 1.156697658338e-02
3465 -7.733702176213e-01 1.135861125087e-03 1.032144396387e-02 -7.737593798041e-01 1.211983701467e-03 1.175123594097e-02 -7.714029612541e-01 1.125916591927e-03 1.014150537581e-02
3466 -7.721733736992e-01 9.890581310495e-04 7.825887892761e-03 -7.742951158285e-01 1.114463680188e-03 9.936234355664e-03 -7.720610744953e-01 1.080060879787e-03 9.332252032378e-03
3467 -7.718507708907e-01 1.062378094320e-03 9.029177722334e-03 -7.730866872668e-01 1.053797798400e-03 8.883918399298e-03 -7.736465447545e-01 1.118238168596e-03 1.000365281364e-02
3468 -7.728826895952e-01 1.231573130976e-03 1.213417901554e-02 -7.733162364960e-01 1.181926454665e-03 1.117560115389e-02 -7.724599550962e-01 9.447053753241e-04 7.139745969330e-03
3469 -7.739618104696e-01 1.357040659534e-03 1.473247481302e-02 -7.723464975953e-01 9.869018079763e-04 7.791801428695e-03 -7.735141012073e-01 1.142920921840e-03 1.045014586863e-02
3470 -7.726339046359e-01 1.311688665323e-03 1.376421723789e-02 -7.739789296389e-01 1.031849822485e-03 8.517712449294e-03 -7.734341329932e-01 1.198930094308e-03 1.149946696831e-02
3471 -7.727748805285e-01 1.057922137452e-03 8.953593991293e-03 -7.716405890584e-01 9.579729702303e-04 7.341697693535e-03 -7.755665718913e-01 1.186076185875e-03 1.125421374959e-02
3472 -7.728480489254e-01 1.231246537276e-03 1.212774428443e-02 -7.717868788838e-01 1.048005891022e-03 8.786530780941e-03 -7.725992018580e-01 9.995747883711e-04 7.993198060378e-03
3473 -7.721259759665e-01 1.032031856742e-03 8.520718026645e-03 -7.743716169000e-01 1.163573022013e-03 1.083121742046e-02 -7.726533494592e-01 1.041760091343e-03 8.682112703319e-03
3474 -7.744236475229e-01 1.328505973225e-03 1.411942496715e-02 -7.710146872997e-01 1.114375229560e-03 9.934657218063e-03 -7.745754580498e-01 1.137718388407e-03 1.035522505056e-02
3475 -7.727143190503e-01 1.185916986774e-03 1.125119279615e-02 -7.737494800687e-01 1.276776197711e-03 1.304125967234e-02 -7.730885503292e-01 1.111138085977e-03 9.877022768867e-03
3476 -7.722371484637e-01 1.067953169879e-03 9.124191784436e-03 -7.727097596526e-01 1.071250904261e-03 9.180627999048e-03 -7.740671903491e-01 1.040770533194e-03 8.665626422115e-03
3477 -7.730291373134e-01 1.128378945375e-03 1.018591235493e-02 -7.719048877358e-01 1.239712657866e-03 1.229509979259e-02 -7.728650427461e-01 1.057561928015e-03 8.947497852692e-03
3478 -7.715686560273e-01 1.182348460999e-03 1.118358306582e-02 -7.717518405318e-01 9.126306381408e-04 6.663157453387e-03 -7.719216280580e-01 1.138996653082e-03 1.037850700586e-02
3479 -7.720921443105e-01 1.086486165844e-03 9.443617508563e-03 -7.742331858873e-01 1.254245292199e-03 1.258505002402e-02 -7.733396399021e-01 1.036834012493e-03 8.600198155704e-03
3480 -7.740065695047e-01 1.286562200463e-03 1.324193836529e-02 -7.734961587191e-01 1.071223613515e-03 9.180160241216e-03 -7.723806222677e-01 9.116785929275e-04 6.649262854418e-03
3481 -7.706060177088e-01 1.097151433742e-03 9.629930148500e-03 -7.712092417479e-01 9.591554541271e-04 7.359833481454e-03 -7.748827297091e-01 1.308167397656e-03 1.369041552233e-02
3482 -7.746589926481e-01 1.315323857096e-03 1.384061479236e-02 -7.725380621552e-01 1.095976598467e-03 9.609317635094e-03 -7.724298785925e-01 1.137715844257e-03 1.035517873819e-02
3483 -7.717417324781e-01 1.074987211712e-03 9.244780042756e-03 -7.741357963681e-01 1.090397385355e-03 9.511731663908e-03 -7.712566149235e-01 1.096822088826e-03 9.624149556291e-03
3484 -7.707396240830e-01 9.716176336453e-04 7.552326608083e-03 -7.714156302810e-01 9.599202942155e-04 7.371575769974e-03 -7.737823317051e-01 1.124713963619e-03 1.011985199967e-02
3485 -7.744694855213e-01 1.188786190575e-03 1.130570085521e-02 -7.726587655544e-01 1.135333851568e-03 1.031186363613e-02 -7.735058313012e-01 1.018972024632e-03 8.306431895858e-03
3486 -7.730710709095e-01 1.143456224682e-03 1.045993710211e-02 -7.743306137919e-01 1.218005956146e-03 1.186830807366e-02 -7.721217406392e-01 1.026965820849e-03 8.437270377538e-03
3487 -7.722792266607e-01 9.636095342964e-04 7.428346676695e-03 -7.728328713179e-01 9.304675927665e-04 6.926159529510e-03 -7.721415094733e-01 1.133823361969e-03 1.028444332918e-02
3488 -7.729267799258e-01 9.799842303378e-04 7.682952733687e-03 -7.734240120649e-01 1.267936560776e-03 1.286130497721e-02 -7.744204802513e-01 1.216684030174e-03 1.184256023424e-02
3489 -7.727265712619e-01 1.083446148911e-03 9.390844460725e-03 -7.737040210366e-01 1.046943994996e-03 8.768733829263e-03 -7.733681560755e-01 9.890695161428e-04 7.826068062104e-03
3490 -7.737236294150e-01 1.182541827811e-03 1.118724139617e-02 -7.723253600001e-01 1.138872577647e-03 1.037624598492e-02 -7.742105863690e-01 1.067347066942e-03 9.113838090486e-03
3491 -7.742614397407e-01 1.149427634544e-03 1.056947109644e-02 -7.738237070441e-01 1.000373247969e-03 8.005973082023e-03 -7.738873980641e-01 1.166889374381e-03 1.089304649635e-02
3492 -7.705886294246e-01 1.109200711075e-03 9.842609739603e-03 -7.732437871695e-01 1.178519520910e-03 1.111126608934e-02 -7.734852749705e-01 1.091903153996e-03 9.538019981655e-03
3493 -7.714330011010e-01 1.006865566309e-03 8.110226148951e-03 -7.733178400993e-01 1.112298463849e-03 9.897662981438e-03 -7.740907151699e-01 1.269843316234e-03 1.290001638227e-02
3494 -7.705416443348e-01 1.002024980411e-03 8.032432490939e-03 -7.722143887281e-01 1.066575008435e-03 9.100657988949e-03 -7.722696067691e-01 9.926662008310e-04 7.883089490178e-03
3495 -7.744953217506e-01 1.383182739358e-03 1.530555592367e-02 -7.741506433487e-01 1.133145874916e-03 1.027215659072e-02 -7.730848460793e-01 9.652592410154e-04 7.453803218925e-03
3496 -7.746888542771e-01 1.177887044911e-03 1.109934312455e-02 -7.740503540039e-01 1.162806676161e-03 1.081695492900e-02 -7.725053062439e-01 1.012207484576e-03 8.196511934659e-03
3497 -7.722801433802e-01 1.026592660381e-03 8.431139922786e-03 -7.727026777864e-01 1.098729400265e-03 9.657650360045e-03 -7.734445565939e-01 1.156107717797e-03 1.069268044119e-02
3498 -7.723069791794e-01 1.019516297961e-03 8.315307854460e-03 -7.717940089107e-01 1.100672682772e-03 9.691842836797e-03 -7.733914322853e-01 1.164306709179e-03 1.084488090431e-02
3499 -7.707601953149e-01 1.098737145209e-03 9.657786514103e-03 -7.735644938946e-01 1.219562657419e-03 1.189866460296e-02 -7.729697095752e-01 1.041490836433e-03 8.677625298991e-03
3500 -7.721757218838e-01 1.036852110118e-03 8.600498386043e-03 -7.720899190307e-01 8.917213383498e-04 6.361335562147e-03 -7.736570996642e-01 1.044501729693e-03 8.727870906653e-03
3501 -7.734688010216e-01 1.010456810810e-03 8.168183732097e-03 -7.736418966651e-01 1.184974064912e-03 1.123330827612e-02 -7.745078916550e-01 9.449663146262e-04 7.143690686226e-03
3502 -7.719079953432e-01 1.060279300077e-03 8.993537553369e-03 -7.743815444112e-01 9.663174503735e-04 7.470155319171e-03 -7.715002036095e-01 1.081795388519e-03 9.362250100970e-03
3503 -7.711502279639e-01 1.090156549454e-03 9.507530418545e-03 -7.742004910111e-01 1.270907116466e-03 1.292163918948e-02 -7.709936460257e-01 1.097272955956e-03 9.632063518982e-03
3504 -7.737665979862e-01 1.269426536178e-03 1.289154984602e-02 -7.751683605313e-01 1.124348200776e-03 1.011327101270e-02 -7.734240174890e-01 1.110206009740e-03 9.860459072507e-03
3505 -7.693139244318e-01 9.711499487777e-04 7.545057784087e-03 -7.741454264522e-01 1.145667051610e-03 1.050042394516e-02 -7.725195106268e-01 1.027689190402e-03 8.449160576551e-03
3506 -7.730812239051e-01 1.321305729214e-03 1.396679064044e-02 -7.736393688321e-01 1.105538921124e-03 9.777730448963e-03 -7.728523839712e-01 9.916217351420e-04 7.866509324849e-03
3507 -7.723721310496e-01 1.118786839252e-03 1.001347193347e-02 -7.724286668301e-01 1.062772072914e-03 9.035875831732e-03 -7.718076984286e-01 9.815335135236e-04 7.707264305360e-03
3508 -7.726958096027e-01 1.076410442225e-03 9.269275521043e-03 -7.733242815137e-01 1.041791154698e-03 8.682630480052e-03 -7.716590525508e-01 1.028639230500e-03 8.464789332194e-03
3509 -7.726131929159e-01 1.139739928959e-03 1.039205684531e-02 -7.735100444555e-01 1.100937359110e-03 9.696504549481e-03 -7.718702681661e-01 1.057359430495e-03 8.944071722047e-03
3510 -7.710365742445e-01 1.126597910315e-03 1.015378281221e-02 -7.745146595240e-01 1.037478796469e-03 8.610898024977e-03 -7.733115546703e-01 1.220498646117e-03 1.191693556139e-02
3511 -7.724888069630e-01 9.121404144996e-04 6.656001086108e-03 -7.740255032182e-01 1.226022160376e-03 1.202504270187e-02 -7.699502010942e-01 8.851873529151e-04 6.268453198087e-03
3512 -7.726016603708e-01 1.122139494835e-03 1.007357636695e-02 -7.735523538589e-01 1.085052098445e-03 9.418704450713e-03 -7.717852454782e-01 1.077887205396e-03 9.294726620450e-03
3513 -7.728488531113e-01 1.172324306764e-03 1.099475424185e-02 -7.726358084083e-01 1.130214792994e-03 1.021908382641e-02 -7.738257055879e-01 1.182664075232e-03 1.118955451875e-02
3514 -7.715781072378e-01 1.029395885528e-03 8.477247113142e-03 -7.737958710194e-01 1.167337976677e-03 1.090142361433e-02 -7.731903262734e-01 9.897908816985e-04 7.837487915948e-03
3515 -7.715506472588e-01 1.014775851111e-03 8.238160223986e-03 -7.734311977029e-01 1.122073801578e-03 1.007239692950e-02 -7.733019111753e-01 1.089018430182e-03 9.487689130214e-03
3516 -7.725426812768e-01 9.269259785096e-04 6.873534157088e-03 -7.752099928856e-01 1.055814208212e-03 8.917949138094e-03 -7.739126399755e-01 1.116532105545e-03 9.973151541700e-03
3517 -7.715642439127e-01 1.141006625073e-03 1.041516894768e-02 -7.744606798291e-01 1.043739928125e-03 8.715144300504e-03 -7.731266217232e-01 1.194876552199e-03 1.142183979996e-02
3518 -7.727404285669e-01 9.624419743417e-04 7.410356431798e-03 -7.717361817956e-01 9.628090361641e-04 7.416009920954e-03 -7.723208321929e-01 9.735635305559e-04 7.582607584228e-03
3519 -7.738617568612e-01 1.258505454711e-03 1.267068783631e-02 -7.753321034908e-01 1.027528601196e-03 8.446520210200e-03 -7.721396590471e-01 1.114455115687e-03 9.936081639056e-03
3520 -7.749913827181e-01 1.205253430518e-03 1.162108665420e-02 -7.721319108605e-01 1.093139558427e-03 9.559632753589e-03 -7.750082212687e-01 1.222161489779e-03 1.194942965680e-02
3521 -7.725863573551e-01 1.162976329638e-03 1.082011154638e-02 -7.713345460892e-01 1.108334624854e-03 9.827245125195e-03 -7.723842856288e-01 1.013047104948e-03 8.210115494743e-03
3522 -7.729869099855e-01 1.267462182220e-03 1.285168306686e-02 -7.722969561815e-01 1.191590268259e-03 1.135909893928e-02 -7.711669956446e-01 1.012997754865e-03 8.209315610896e-03
3523 -7.714799852371e-01 1.069530015850e-03 9.151155638430e-03 -7.736479073763e-01 1.252841760387e-03 1.255689981256e-02 -7.749078901410e-01 1.068414672006e-03 9.132079290857e-03
3524 -7.737449621558e-01 1.258653048733e-03 1.267365997668e-02 -7.739291108847e-01 1.069066525027e-03 9.143225879468e-03 -7.732749533653e-01 9.706010826257e-04 7.536531692753e-03
3525 -7.734073526263e-01 1.173572849792e-03 1.101818587015e-02 -7.733304286003e-01 1.042072049467e-03 8.687313250250e-03 -7.737710457444e-01 1.073284214824e-03 9.215512046318e-03
3526 -7.713770249486e-01 1.012919643424e-03 8.208049632275e-03 -7.738551014662e-01 1.131702453005e-03 1.024600353710e-02 -7.726369016171e-01 9.018268448995e-04 6.506333265451e-03
3527 -7.722434316278e-01 9.983084920838e-04 7.972958762934e-03 -7.732922056913e-01 9.202785128705e-04 6.775300330009e-03 -7.751769152284e-01 1.224672360380e-03 1.199857912222e-02
3528 -7.728351966739e-01 1.225367495157e-03 1.201220398551e-02 -7.722520272732e-01 1.110523757918e-03 9.866104135203e-03 -7.735716499686e-01 1.050245976481e-03 8.824132888917e-03
3529 -7.721472245455e-01 1.126358167185e-03 1.014946176627e-02 -7.714568315148e-01 8.906028252475e-04 6.345387138711e-03 -7.716436859369e-01 9.947354298222e-04 7.915988602749e-03
3530 -7.724854376316e-01 1.054078682903e-03 8.888654958001e-03 -7.733604313731e-01 1.235601387098e-03 1.221368630239e-02 -7.728251977563e-01 1.064627555153e-03 9.067454649534e-03
3531 -7.725010666847e-01 1.062098544920e-03 9.024426552966e-03 -7.725881517529e-01 8.977305849341e-04 6.447361625010e-03 -7.731850211620e-01 1.082358744764e-03 9.372003618945e-03
3532 -7.721541733742e-01 1.152751498295e-03 1.063068813458e-02 -7.748859750628e-01 1.206118459753e-03 1.163777391166e-02 -7.716456574202e-01 9.948328114952e-04 7.917538582619e-03
3533 -7.736442975402e-01 1.106195120597e-03 9.789341158668e-03 -7.733274768591e-01 1.088125418177e-03 9.472135405463e-03 -7.732935346961e-01 1.135083400006e-03 1.030731459975e-02
3534 -7.740645518303e-01 1.167520394516e-03 1.090483097289e-02 -7.714983012080e-01 9.031745828903e-04 6.525794617432e-03 -7.738339777589e-01 9.825711967772e-04 7.723569253890e-03
3535 -7.716410857439e-01 1.019570228029e-03 8.316187599072e-03 -7.741347430348e-01 1.118348021335e-03 1.000561837459e-02 -7.723115953803e-01 1.027579566656e-03 8.447358126467e-03
3536 -7.723783595562e-01 1.288476130820e-03 1.328136591754e-02 -7.736315771341e-01 9.195324417030e-04 6.764319290754e-03 -7.729142737985e-01 1.085785390601e-03 9.431439315536e-03
3537 -7.724093720317e-01 1.045830287764e-03 8.750087926438e-03 -7.735656462908e-01 1.088268500524e-03 9.474626633854e-03 -7.722799157500e-01 1.198817872952e-03 1.149731434008e-02
3538 -7.707764035463e-01 1.015447956052e-03 8.249076411603e-03 -7.732135055065e-01 1.042857780412e-03 8.700418801332e-03 -7.737306662202e-01 1.082594038989e-03 9.376078826032e-03
3539 -7.717609409094e-01 1.043709869883e-03 8.714642339930e-03 -7.712102757096e-01 1.065645594398e-03 9.084804262884e-03 -7.725650765300e-01 1.077089903801e-03 9.280981286964e-03
3540 -7.731309324503e-01 1.188603542732e-03 1.130222705436e-02 -7.723514117002e-01 9.391115078405e-04 7.055443393268e-03 -7.752445666194e-01 1.291186709114e-03 1.333730494234e-02
3541 -7.729178254604e-01 1.090853397801e-03 9.519689083952e-03 -7.750158877373e-01 1.160860420609e-03 1.078077532908e-02 -7.725541003346e-01 1.106005964672e-03 9.785993551117e-03
3542 -7.706079539061e-01 1.190046900916e-03 1.132969301103e-02 -7.743612043858e-01 1.143074216795e-03 1.045294932082e-02 -7.730444900393e-01 1.187348374809e-03 1.127836930529e-02
3543 -7.724471960664e-01 1.093776063373e-03 9.570768614469e-03 -7.737160202861e-01 1.217467414489e-03 1.185781524274e-02 -7.738146837354e-01 1.216728334638e-03 1.184342272249e-02
3544 -7.715030299425e-01 1.132576849354e-03 1.026184255753e-02 -7.736825292110e-01 9.965476010593e-04 7.944856969416e-03 -7.724905807376e-01 9.710940850342e-04 7.544189775907e-03
3545 -7.710982868075e-01 1.075749354067e-03 9.257893382210e-03 -7.712439268827e-01 1.089345582918e-03 9.493390392184e-03 -7.730363376141e-01 1.153206520994e-03 1.063908224050e-02
3546 -7.733456100225e-01 1.113877330454e-03 9.925781658393e-03 -7.742237640619e-01 1.120390808794e-03 1.004220451544e-02 -7.709913659096e-01 9.787353974494e-04 7.663383825764e-03
3547 -7.738615694642e-01 1.352448910975e-03 1.463294445438e-02 -7.713175342679e-01 8.881667332517e-04 6.310721168441e-03 -7.727774854302e-01 1.022142118763e-03 8.358196087588e-03
3548 -7.719584922194e-01 9.338490881659e-04 6.976592955747e-03 -7.721119087338e-01 1.073260138543e-03 9.215098599887e-03 -7.726734613776e-01 1.135796112224e-03 1.032026246834e-02
3549 -7.685776594877e-01 9.622094368941e-04 7.406776003585e-03 -7.759365582466e-01 1.237772772979e-03 1.225665150023e-02 -7.733648272157e-01 1.128093426541e-03 1.018075823204e-02
3550 -7.722140082121e-01 1.143232873939e-03 1.045585123245e-02 -7.745428444147e-01 1.054889248401e-03 8.902330611130e-03 -7.719938113689e-01 1.068823796940e-03 9.139074471245e-03
3551 -7.723155681491e-01 1.082643595881e-03 9.376937245625e-03 -7.735727225542e-01 1.137074050604e-03 1.034349917246e-02 -7.712225976586e-01 9.476782279048e-04 7.184752189158e-03
3552 -7.714963200688e-01 1.178358745095e-03 1.110823465714e-02 -7.757628416419e-01 1.258989197454e-03 1.268043039445e-02 -7.732821462750e-01 1.218247526132e-03 1.187301627942e-02
3553 -7.727548044324e-01 1.256581458731e-03 1.263197569940e-02 -7.745934672356e-01 1.006228017965e-03 8.099958593095e-03 -7.726449126005e-01 1.141665869028e-03 1.042720765203e-02
3554 -7.747632467151e-01 1.164492751628e-03 1.084834694876e-02 -7.747631567717e-01 1.172069842536e-03 1.098998172626e-02 -7.736044958234e-01 1.003077917130e-03 8.049322462664e-03
3555 -7.733218678832e-01 1.074196416474e-03 9.231183529325e-03 -7.726037980318e-01 9.797606732850e-04 7.679447815327e-03 -7.736606031656e-01 1.016587043611e-03 8.267593737902e-03
3556 -7.734379502535e-01 1.111374817930e-03 9.881231887429e-03 -7.734336173534e-01 1.028701475758e-03 8.465813809816e-03 -7.752168726325e-01 1.090378637982e-03 9.511404593342e-03
3557 -7.710455734134e-01 9.085842827627e-04 6.604203191067e-03 -7.721997393370e-01 9.366265988104e-04 7.018155084793e-03 -7.736037799716e-01 9.704528489697e-04 7.534229856587e-03
3558 -7.742909080982e-01 1.031928656032e-03 8.519014009120e-03 -7.748117300868e-01 1.130938739136e-03 1.023217945342e-02 -7.721924311519e-01 1.172157041866e-03 1.099161704637e-02
3559 -7.733066611290e-01 1.094732352532e-03 9.587511389443e-03 -7.739754323363e-01 1.054161572725e-03 8.890052971283e-03 -7.725751852989e-01 1.141669285891e-03 1.042727006677e-02
3560 -7.740308436751e-01 9.826338694338e-04 7.724554570868e-03 -7.731336029172e-01 1.157437510824e-03 1.071729273171e-02 -7.732407008409e-01 9.539299139234e-04 7.279858245423e-03
3561 -7.739823857546e-01 1.255046822237e-03 1.260114020807e-02 -7.730762205124e-01 1.065926546651e-03 9.089595222846e-03 -7.747574625611e-01 1.045216078329e-03 8.739813203174e-03
3562 -7.734843360186e-01 1.084041620978e-03 9.401169888098e-03 -7.731565043926e-01 1.087066859273e-03 9.453714852242e-03 -7.736087306142e-01 1.052185539358e-03 8.856755273877e-03
3563 -7.726829647422e-01 1.058225025833e-03 8.958721642389e-03 -7.730716632009e-01 9.180746137757e-04 6.742887971676e-03 -7.718415980935e-01 1.020141955860e-03 8.325516880844e-03
3564 -7.728943023682e-01 1.240613356612e-03 1.231297200483e-02 -7.730546758175e-01 1.061290935098e-03 9.010707591373e-03 -7.736157470345e-01 1.057266882571e-03 8.942506087857e-03
3565 -7.735608996749e-01 1.156470463143e-03 1.069939145697e-02 -7.752493293881e-01 1.071990304728e-03 9.193305707440e-03 -7.733829357624e-01 1.044582788820e-03 8.729225621583e-03
3566 -7.731570692062e-01 1.063632862770e-03 9.050518934107e-03 -7.735515123606e-01 1.149391855551e-03 1.056881310086e-02 -7.727030106783e-01 1.036461943406e-03 8.594026881036e-03
3567 -7.716256041527e-01 1.130173848894e-03 1.021834342978e-02 -7.739240972400e-01 1.026345536698e-03 8.427081285601e-03 -7.720838308930e-01 1.069197285721e-03 9.145462686344e-03
3568 -7.744054291844e-01 1.279666908108e-03 1.310037916566e-02 -7.701207671165e-01 9.203479263127e-04 6.776322443745e-03 -7.718592528701e-01 1.012328504845e-03 8.198472013768e-03
3569 -7.732144964337e-01 1.104967112583e-03 9.767618559128e-03 -7.735304391384e-01 1.191145100399e-03 1.135061320163e-02 -7.727137493491e-01 1.127450778966e-03 1.016916207192e-02
3570 -7.735644938350e-01 1.001490889854e-03 8.023872019685e-03 -7.725770972371e-01 1.061008562803e-03 9.005913362732e-03 -7.736841669679e-01 9.406144499260e-04 7.078044347276e-03
3571 -7.725569543242e-01 1.068863299286e-03 9.139750020487e-03 -7.745786936283e-01 1.107298842224e-03 9.808885807923e-03 -7.739679288864e-01 1.114131044903e-03 9.930303881740e-03
3572 -7.730593122840e-01 1.050065082503e-03 8.821093419932e-03 -7.734228933454e-01 1.074255774399e-03 9.232203750640e-03 -7.729945288897e-01 1.050127196507e-03 8.822137030753e-03
3573 -7.732355349064e-01 1.120138504044e-03 1.003768214593e-02 -7.716503757238e-01 1.066428473971e-03 9.098157520762e-03 -7.733089540601e-01 1.055249328457e-03 8.908409161672e-03
3574 -7.713125012517e-01 1.155882575169e-03 1.068851622064e-02 -7.748107881546e-01 1.314297782538e-03 1.381902928947e-02 -7.731601582766e-01 1.045514548572e-03 8.744805370206e-03
3575 -7.715222663283e-01 1.067409628298e-03 9.114906516659e-03 -7.729872345328e-01 1.055508576346e-03 8.912786837920e-03 -7.726906189919e-01 1.042131944353e-03 8.688311915526e-03
3576 -7.728974170089e-01 1.109448834241e-03 9.847013726382e-03 -7.722735095620e-01 1.261318546935e-03 1.272739581474e-02 -7.717155475020e-01 1.125129439055e-03 1.012733003702e-02
3577 -7.716902481318e-01 9.544831306332e-04 7.288304373306e-03 -7.729607725739e-01 1.036777458612e-03 8.599259989494e-03 -7.730005788803e-01 9.818630587686e-04 7.712440529395e-03
3578 -7.729290410876e-01 1.059952378084e-03 8.987992350452e-03 -7.739032906890e-01 1.122139897341e-03 1.007358359364e-02 -7.733007494211e-01 1.202769538099e-03 1.157323649423e-02
3579 -7.714489488602e-01 1.163291375843e-03 1.082597460089e-02 -7.736259372830e-01 9.557180185220e-04 7.307175447421e-03 -7.732339171767e-01 1.169671566713e-03 1.094505259181e-02
3580 -7.725021094084e-01 1.075925368949e-03 9.260923196384e-03 -7.736834919453e-01 1.134956176272e-03 1.030500417647e-02 -7.723565011024e-01 9.684608140568e-04 7.503330786909e-03
3581 -7.723595845699e-01 1.041344464439e-03 8.675186348943e-03 -7.741449999809e-01 1.199583188704e-03 1.151199861298e-02 -7.734899846315e-01 1.017374620124e-03 8.280408941371e-03
3582 -7.718624490499e-01 1.079295382039e-03 9.319028173521e-03 -7.714656115770e-01 8.821462941028e-04 6.225456673595e-03 -7.731189789176e-01 1.028123330459e-03 8.456300661073e-03
3583 -7.707426056862e-01 1.290932549970e-03 1.333205478857e-02 -7.739574267864e-01 1.089065132431e-03 9.488502901416e-03 -7.729377081394e-01 1.089103028120e-03 9.489163246874e-03
3584 -7.741110183597e-01 1.177161356494e-03 1.108567087379e-02 -7.739352732897e-01 1.035601769028e-03 8.579768192118e-03 -7.718683783412e-01 9.393470017418e-04 7.058982317451e-03
3585 -7.712229320407e-01 1.013794480424e-03 8.222233988312e-03 -7.738135954142e-01 1.159896332890e-03 1.076287602442e-02 -7.745481427312e-01 1.296965677728e-03 1.345695975364e-02
3586 -7.724100761414e-01 1.045202974981e-03 8.739594071268e-03 -7.723213638067e-01 1.161197811978e-03 1.078704286834e-02 -7.744254018068e-01 1.168388982839e-03 1.092106252176e-02
3587 -7.717015671134e-01 9.767557162564e-04 7.632413833917e-03 -7.731948433518e-01 1.097246886982e-03 9.631605847928e-03 -7.724470463395e-01 9.292531474262e-04 6.908091296012e-03
3588 -7.734091815352e-01 1.105539965040e-03 9.777748914408e-03 -7.739233242273e-01 1.175927139422e-03 1.106243709783e-02 -7.716142721176e-01 1.114430614884e-03 9.935644763131e-03
3589 -7.726430500150e-01 1.076445439647e-03 9.269878276292e-03 -7.738156854510e-01 1.217607140960e-03 1.186053719774e-02 -7.741076806188e-01 1.102338267579e-03 9.721197249344e-03
3590 -7.708470091224e-01 9.351714542740e-04 6.996365191111e-03 -7.737175985575e-01 1.094355656262e-03 9.580914419140e-03 -7.723582439423e-01 1.114463755135e-03 9.936235692072e-03
3591 -7.727054656744e-01 1.000840342640e-03 8.013451131645e-03 -7.754981199503e-01 1.179795856229e-03 1.113534609900e-02 -7.733063793778e-01 1.237581432279e-03 1.225286241218e-02
3592 -7.713690255880e-01 9.808832555332e-04 7.697055687884e-03 -7.742421879172e-01 1.116399996071e-03 9.970791609818e-03 -7.724212630391e-01 9.318997167023e-04 6.947496655919e-03
3593 -7.724983994961e-01 9.887303500515e-04 7.820701640903e-03 -7.736595932841e-01 1.011828416222e-03 8.190373950993e-03 -7.709184443355e-01 1.129143251007e-03 1.019971585036e-02
3594 -7.736934952736e-01 1.276185325995e-03 1.302919189028e-02 -7.723242339492e-01 1.046569002523e-03 8.762453416341e-03 -7.718563869596e-01 9.736298388677e-04 7.583640505069e-03
3595 -7.718610211015e-01 1.077975298012e-03 9.296245944990e-03 -7.746540434361e-01 1.075563010193e-03 9.254686311157e-03 -7.750250335932e-01 1.281785063271e-03 1.314378358740e-02
3596 -7.716203293204e-01 1.197957003494e-03 1.148080785775e-02 -7.719621047378e-01 9.253660183782e-04 6.850418143753e-03 -7.730917720199e-01 1.079619196331e-03 9.324620872699e-03
3597 -7.723894022107e-01 1.146848895296e-03 1.052209910913e-02 -7.737800205350e-01 1.199959376731e-03 1.151922004644e-02 -7.734775904417e-01 1.110175018502e-03 9.859908573643e-03
3598 -7.728822727799e-01 1.112605824671e-03 9.903133768732e-03 -7.745539658070e-01 1.101768397672e-03 9.711148816866e-03 -7.749535927176e-01 1.342001527084e-03 1.440774478956e-02
3599 -7.735304252505e-01 1.190610309808e-03 1.134042327856e-02 -7.742845891118e-01 1.133860771691e-03 1.028512199663e-02 -7.716751643419e-01 1.032142116116e-03 8.522538782881e-03
3600 -7.741756677032e-01 1.224785339094e-03 1.200079301487e-02 -7.743370349407e-01 1.227735326578e-03 1.205867225702e-02 -7.723100181818e-01 1.087433893490e-03 9.460099781680e-03
3601 -7.729484649897e-01 1.036976399000e-03 8.602560416662e-03 -7.725856416821e-01 1.121706046011e-03 1.006579562927e-02 -7.723466224074e-01 1.053875910229e-03 8.885235473282e-03
3602 -7.720274916887e-01 1.133249190941e-03 1.027402983015e-02 -7.748395600915e-01 1.179841720403e-03 1.113621188163e-02 -7.750693157315e-01 1.065992391937e-03 9.090718237339e-03
3603 -7.721355915070e-01 1.126709905638e-03 1.015580169170e-02 -7.727806508541e-01 9.686205834500e-04 7.505806677464e-03 -7.711728641987e-01 9.626280407434e-04 7.413221958603e-03
3604 -7.723078207374e-01 1.174741791030e-03 1.104014620474e-02 -7.736689279675e-01 1.012888684887e-03 8.207547903779e-03 -7.731977474093e-01 9.910691758228e-04 7.857744890129e-03
3605 -7.718195344806e-01 1.130790150286e-03 1.022949091187e-02 -7.740349575877e-01 1.204211847794e-03 1.160100939494e-02 -7.718575738668e-01 9.601149864289e-04 7.374566297323e-03
3606 -7.722860803008e-01 1.040026058752e-03 8.653233623074e-03 -7.725321988463e-01 8.621755882987e-04 5.946773960466e-03 -7.742120501995e-01 1.093741679535e-03 9.570166892416e-03
3607 -7.719549890757e-01 1.188518489863e-03 1.130060960598e-02 -7.731734213233e-01 1.234881940994e-03 1.219946726554e-02 -7.728557177186e-01 1.037959625536e-03 8.618881473941e-03
3608 -7.719962809086e-01 9.784178298982e-04 7.658411598901e-03 -7.736249564290e-01 1.141635864364e-03 1.042665957442e-02 -7.718742914796e-01 1.263649425557e-03 1.277447896569e-02
3609 -7.731028526425e-01 1.087290583544e-03 9.457606504516e-03 -7.740250709653e-01 1.102061043876e-03 9.716308355430e-03 -7.738064081073e-01 9.621117925179e-04 7.405272810415e-03
3610 -7.739427533746e-01 1.257234153983e-03 1.264510174354e-02 -7.720661041737e-01 1.124638962182e-03 1.011850236207e-02 -7.726037529707e-01 1.133222768326e-03 1.027355074122e-02
3611 -7.726058337092e-01 1.062542041862e-03 9.031964725787e-03 -7.718024657369e-01 1.012727852516e-03 8.204941626100e-03 -7.736442391872e-01 9.148841249039e-04 6.696103696009e-03
3612 -7.715631946325e-01 9.662564473224e-04 7.469212175937e-03 -7.749553998113e-01 1.218483836519e-03 1.187762287886e-02 -7.740475440025e-01 1.174106844098e-03 1.102821505086e-02
3613 -7.748310123682e-01 1.298692273656e-03 1.349281297323e-02 -7.736806730628e-01 1.084645398651e-03 9.411645126517e-03 -7.741885640025e-01 9.906717638844e-04 7.851444350063e-03
3614 -7.733247928023e-01 1.100694071457e-03 9.692219511519e-03 -7.724629645348e-01 1.106751164670e-03 9.799185123986e-03 -7.739912642837e-01 1.065565571413e-03 9.083439895843e-03
3615 -7.718602153063e-01 1.063250468927e-03 9.044012477393e-03 -7.726434292197e-01 1.040916723454e-03 8.668061001329e-03 -7.722636358738e-01 1.038414351637e-03 8.626434925489e-03
3616 -7.741393730640e-01 1.206053499789e-03 1.163652035483e-02 -7.732215589881e-01 1.021635383082e-03 8.349910847713e-03 -7.730706130862e-01 9.858850840736e-04 7.775755191990e-03
3617 -7.705552573204e-01 1.051399882485e-03 8.843533703113e-03 -7.735330364108e-01 9.822950445315e-04 7.719228436089e-03 -7.746955868006e-01 1.212894397451e-03 1.176890255495e-02
3618 -7.730178685784e-01 1.187415749126e-03 1.127964929017e-02 -7.731802271008e-01 1.116071633364e-03 9.964927126399e-03 -7.733846993446e-01 1.036853623917e-03 8.600523499438e-03
3619 -7.720095770359e-01 1.263490478542e-03 1.277126551493e-02 -7.752038190365e-01 1.252188390244e-03 1.254380611729e-02 -7.734565591812e-01 9.238262315772e-04 6.827639249201e-03
3620 -7.710021076798e-01 1.024364376342e-03 8.394579004155e-03 -7.759085776210e-01 1.114837251005e-03 9.942896769835e-03 -7.735100017786e-01 1.145842397131e-03 1.050363839250e-02
3621 -7.732880496383e-01 1.151711851503e-03 1.061152151113e-02 -7.727359583378e-01 8.537980716157e-04 5.831769176758e-03 -7.716221727729e-01 1.137136663153e-03 1.034463832549e-02
3622 -7.735797051787e-01 1.159240161745e-03 1.075070202082e-02 -7.720943051577e-01 9.432786510495e-04 7.118196908206e-03 -7.726921581030e-01 1.216157530126e-03 1.183231310467e-02
3623 -7.730359843373e-01 1.169456224178e-03 1.094102288214e-02 -7.718509332538e-01 9.659101520486e-04 7.463859374644e-03 -7.751928806901e-01 1.109157627333e-03 9.841845138159e-03
3624 -7.716107157469e-01 9.574784149422e-04 7.334119320642e-03 -7.735498819947e-01 1.052977653312e-03 8.870095506999e-03 -7.752690029144e-01 1.261658034502e-03 1.273424796820e-02
3625 -7.733847349286e-01 1.068520034960e-03 9.133880520880e-03 -7.728131477237e-01 1.277328574497e-03 1.305254629780e-02 -7.732864508629e-01 1.269940204699e-03 1.290198498810e-02
3626 -7.709346565008e-01 9.879647587228e-04 7.808594915826e-03 -7.729743983746e-01 9.649490712049e-04 7.449013680153e-03 -7.737625031471e-01 1.044065410411e-03 8.720580649732e-03
3627 -7.709642205834e-01 1.129253405186e-03 1.020170602500e-02 -7.731120917201e-01 9.927731084084e-04 7.884787558231e-03 -7.725500193238e-01 1.057648744804e-03 8.948966939077e-03
3628 -7.726630300879e-01 1.120238428323e-03 1.003947309033e-02 -7.727778233886e-01 1.202177011378e-03 1.156183653349e-02 -7.724818962216e-01 1.092567491880e-03 9.549629794498e-03
3629 -7.722391524315e-01 1.170783826295e-03 1.096587814330e-02 -7.733045780659e-01 1.188927520991e-03 1.130838920136e-02 -7.720164336562e-01 9.664988540492e-04 7.472960279028e-03
3630 -7.755778933764e-01 1.267915172047e-03 1.286087106805e-02 -7.725378616452e-01 1.021443831097e-03 8.346780000682e-03 -7.726167101264e-01 9.858203317674e-04 7.774733812208e-03
3631 -7.737550019622e-01 1.235266613392e-03 1.220706884928e-02 -7.752526455522e-01 1.096785804821e-03 9.623512813253e-03 -7.739487192035e-01 1.164305506023e-03 1.084485849085e-02
3632 -7.724857678413e-01 1.037528061479e-03 8.611715826857e-03 -7.753680384755e-01 1.251571775309e-03 1.253145527000e-02 -7.735511566997e-01 9.556146421892e-04 7.305594754931e-03
3633 -7.721697605252e-01 1.258765909145e-03 1.267593291221e-02 -7.735939641595e-01 1.197332030396e-03 1.146883192809e-02 -7.737031177878e-01 1.015121846078e-03 8.243778899082e-03
3634 -7.719908592701e-01 9.735341857674e-04 7.582150486862e-03 -7.744675689340e-01 1.175937546592e-03 1.106263290789e-02 -7.727522103786e-01 1.164812225155e-03 1.085430015896e-02
3635 -7.732790533304e-01 1.135034209411e-03 1.030642125226e-02 -7.726264836192e-01 9.813088300071e-04 7.703736158799e-03 -7.723690631390e-01 1.035527706184e-03 8.578541042191e-03
3636 -7.723339698315e-01 1.182151829773e-03 1.117986358909e-02 -7.730332172513e-01 1.090911425560e-03 9.520701907339e-03 -7.742949086428e-01 1.120040255607e-03 1.003592139344e-02
3637 -7.724568028450e-01 9.706598609181e-04 7.537444524780e-03 -7.741892409921e-01 1.063228577381e-03 9.043640062084e-03 -7.724827691913e-01 1.158060352138e-03 1.072883023355e-02
3638 -7.714944502115e-01 1.067191674985e-03 9.111184569258e-03 -7.738343721628e-01 1.077788315189e-03 9.293021218862e-03 -7.754228103161e-01 9.794301547763e-04 7.674267424681e-03
3639 -7.701605359912e-01 9.720055444855e-04 7.558358228084e-03 -7.733714662790e-01 1.050782876291e-03 8.833157224857e-03 -7.739376413226e-01 1.071783114976e-03 9.189752364381e-03
3640 -7.720761076212e-01 1.139416886264e-03 1.038616672564e-02 -7.743338376880e-01 1.076268768303e-03 9.266835692991e-03 -7.729257912636e-01 1.157209239112e-03 1.071306578470e-02
3641 -7.723986063004e-01 1.113590394471e-03 9.920668533256e-03 -7.719036495090e-01 9.514413611567e-04 7.241925309758e-03 -7.738655486703e-01 1.036574115442e-03 8.595887174430e-03
3642 -7.720198444724e-01 1.144135048177e-03 1.047236006774e-02 -7.731100338101e-01 1.130322946873e-03 1.022103971381e-02 -7.739087809324e-01 1.031468036082e-03 8.511410475676e-03
3643 -7.714648308158e-01 1.217089029283e-03 1.185044564162e-02 -7.752134538293e-01 1.262550967154e-03 1.275227955729e-02 -7.738432238698e-01 1.073659027453e-03 9.221949657852e-03
3644 -7.716912093759e-01 1.177712917065e-03 1.109606172017e-02 -7.740526501536e-01 1.198498863261e-03 1.149119620189e-02 -7.744621492028e-01 1.053621971438e-03 8.880954069573e-03
3645 -7.726548308730e-01 1.218494611370e-03 1.187783294349e-02 -7.727632929087e-01 9.769412161681e-04 7.635313118784e-03 -7.742698718309e-01 1.181097357298e-03 1.115992773933e-02
3646 -7.749721952677e-01 1.214199488587e-03 1.179424318467e-02 -7.735756097436e-01 1.175016555664e-03 1.104531124867e-02 -7.726378728151e-01 1.049245739974e-03 8.807332982834e-03
3647 -7.722508172989e-01 1.017555001597e-03 8.283345450199e-03 -7.740958080888e-01 1.050234246481e-03 8.823935779860e-03 -7.721781612039e-01 9.985534673842e-04 7.976872217800e-03
3648 -7.735495293736e-01 1.161060088719e-03 1.078448423692e-02 -7.729827873111e-01 1.154350024779e-03 1.066019183766e-02 -7.729753028750e-01 1.012454186931e-03 8.200507845078e-03
3649 -7.753630959392e-01 1.178686094000e-03 1.111440726551e-02 -7.736361798644e-01 9.832644218388e-04 7.734471386032e-03 -7.738844824433e-01 1.109534593014e-03 9.848536104752e-03
3650 -7.718297328353e-01 9.183208467650e-04 6.746505420826e-03 -7.728636472821e-01 1.049801638416e-03 8.816667840172e-03 -7.742104896903e-01 1.181850260422e-03 1.117416030448e-02
3651 -7.719593273401e-01 1.127203087067e-03 1.016469439594e-02 -7.729545715451e-01 9.358412647643e-04 7.006390982685e-03 -7.725957459211e-01 9.939347312663e-04 7.903250000139e-03
3652 -7.730918269157e-01 1.099921698006e-03 9.678621933957e-03 -7.738064379096e-01 1.153346855587e-03 1.064167175434e-02 -7.747392150164e-01 1.065558188067e-03 9.083314017247e-03
3653 -7.712256748676e-01 9.900591660624e-04 7.841737218434e-03 -7.752233728766e-01 1.176275751770e-03 1.106899715361e-02 -7.763169792295e-01 1.086093162728e-03 9.436786864993e-03
3654 -7.722226729989e-01 1.083060646702e-03 9.384162915481e-03 -7.717893409729e-01 1.043286438726e-03 8.707572745845e-03 -7.717597184181e-01 1.095437011479e-03 9.599857968952e-03
3655 -7.721802843213e-01 9.520962332363e-04 7.251897898741e-03 -7.721528932452e-01 1.255499622492e-03 1.261023441661e-02 -7.743150335550e-01 1.054166997823e-03 8.890144474392e-03
3656 -7.720359044671e-01 1.339660284827e-03 1.435751742993e-02 -7.747478870749e-01 1.136494850731e-03 1.033296436591e-02 -7.737553286552e-01 9.691158571858e-04 7.513484357191e-03
3657 -7.726628729105e-01 1.210823933156e-03 1.172875677683e-02 -7.723198980689e-01 9.056309473832e-04 6.561339302865e-03 -7.722241985202e-01 9.552250932195e-04 7.299639829730e-03
3658 -7.709858695269e-01 1.031089212649e-03 8.505159715524e-03 -7.750209387541e-01 1.407135306861e-03 1.584023817453e-02 -7.743251263499e-01 1.010161815087e-03 8.163415141281e-03
3659 -7.735761073828e-01 1.135224992904e-03 1.030988627612e-02 -7.726006808281e-01 1.068421077959e-03 9.132188798625e-03 -7.726852492094e-01 1.058347998275e-03 8.960803883629e-03
3660 -7.727824814916e-01 1.085030642900e-03 9.418331968249e-03 -7.730774150491e-01 1.007717233689e-03 8.123952184589e-03 -7.737443564534e-01 1.190124633268e-03 1.133117314169e-02
3661 -7.723248797655e-01 9.606853007599e-04 7.383329976769e-03 -7.726903073192e-01 9.819248626399e-04 7.713411486963e-03 -7.715283383727e-01 1.073561893516e-03 9.220281113680e-03
3662 -7.708141098022e-01 9.523344090707e-04 7.255526613601e-03 -7.733762506247e-01 1.178116248230e-03 1.110366315475e-02 -7.745014935732e-01 1.041533433289e-03 8.678335141263e-03
3663 -7.706312159896e-01 1.064336848504e-03 9.062503416664e-03 -7.723738223910e-01 1.081851386461e-03 9.363219379097e-03 -7.726114197373e-01 1.112014852796e-03 9.892616262705e-03
3664 -7.702239801288e-01 9.938448140191e-04 7.901820114821e-03 -7.744790662527e-01 1.263828212336e-03 1.277809400238e-02 -7.733142865896e-01 1.049558126007e-03 8.812578078937e-03
3665 -7.736305732131e-01 1.327504696503e-03 1.409814975389e-02 -7.716261721849e-01 9.740292722563e-04 7.589864185697e-03 -7.726705562472e-01 1.106386820385e-03 9.792734370564e-03
3666 -7.724862043858e-01 1.228809337433e-03 1.207977910210e-02 -7.739847095609e-01 1.177554457270e-03 1.109307599868e-02 -7.740353278518e-01 1.007320111554e-03 8.117550457132e-03
3667 -7.740369185209e-01 1.185116601343e-03 1.123601087022e-02 -7.727213135958e-01 1.033857612711e-03 8.550892506882e-03 -7.735360889435e-01 1.164977812718e-03 1.085738643300e-02
3668 -7.698543395996e-01 1.161915684901e-03 1.080038447055e-02 -7.729023238420e-01 1.001704446541e-03 8.027294385760e-03 -7.710243499279e-01 9.640764749629e-04 7.435547596615e-03
3669 -7.710898593664e-01 1.092920721396e-03 9.555805626046e-03 -7.752169677615e-01 1.101897308429e-03 9.713421426583e-03 -7.728732382059e-01 9.171035303157e-04 6.728631082540e-03
3670 -7.737779628038e-01 1.232830251874e-03 1.215896343949e-02 -7.734328832030e-01 1.123873161044e-03 1.010472705693e-02 -7.742156329751e-01 1.098697729881e-03 9.657093613168e-03
3671 -7.721055390239e-01 1.156763430284e-03 1.070481306914e-02 -7.733681735992e-01 1.026198440850e-03 8.424665920032e-03 -7.746315976977e-01 1.206958537930e-03 1.165399129826e-02
3672 -7.729476568103e-01 1.023284587864e-03 8.376890782084e-03 -7.725466253757e-01 1.093161947623e-03 9.560024349842e-03 -7.731153591871e-01 9.877649815656e-04 7.805437270458e-03
3673 -7.717666158080e-01 1.049621196404e-03 8.813637247520e-03 -7.728027694225e-01 9.967888767232e-04 7.948704518072e-03 -7.738000599146e-01 1.120933223411e-03 1.005193033077e-02
3674 -7.717968840003e-01 1.058650795966e-03 8.965932062388e-03 -7.735021467805e-01 1.103339117310e-03 9.738857662287e-03 -7.722139886022e-01 9.546220050322e-04 7.290425379933e-03
3675 -7.719523597956e-01 8.835483118538e-04 6.245260955038e-03 -7.743598405719e-01 1.180627576037e-03 1.115105178638e-02 -7.738837506771e-01 8.801365725543e-04 6.197123090781e-03
3676 -7.737898504734e-01 1.238162390715e-03 1.226436884624e-02 -7.742794192433e-01 1.017822057196e-03 8.287693920910e-03 -7.733165977597e-01 1.001617139350e-03 8.025895150725e-03
3677 -7.724944670796e-01 1.000369008127e-03 8.005905219362e-03 -7.726641184092e-01 8.793431089114e-04 6.185954425520e-03 -7.738952028155e-01 1.150964910416e-03 1.059776180008e-02
3678 -7.720145810843e-01 9.824598436647e-04 7.721818755309e-03 -7.746538694501e-01 1.196399639563e-03 1.145097678037e-02 -7.737082501054e-01 9.567041186573e-04 7.322262165247e-03
3679 -7.753592695594e-01 1.448942492267e-03 1.679547476719e-02 -7.722428638339e-01 1.031754830156e-03 8.516144236396e-03 -7.721251876354e-01 9.596654313422e-04 7.367661920905e-03
3680 -7.712993634343e-01 9.323574182834e-04 6.954322843425e-03 -7.736560361981e-01 1.137214581531e-03 1.034605603558e-02 -7.723289356232e-01 1.246752852847e-03 1.243514140865e-02
3681 -7.735456868410e-01 1.178016842424e-03 1.110178944827e-02 -7.741352275610e-01 1.160094165714e-03 1.076654778660e-02 -7.727462739944e-01 1.099361345549e-03 9.668762944707e-03
3682 -7.723025900126e-01 1.139297012149e-03 1.038398145513e-02 -7.726176758409e-01 1.026640303247e-03 8.431922498013e-03 -7.720533070564e-01 9.320528892886e-04 6.949780707449e-03
3683 -7.722190915346e-01 1.269744085923e-03 1.289800034989e-02 -7.737314327359e-01 1.115823682721e-03 9.960499927375e-03 -7.739819543958e-01 1.056746672205e-03 8.933708233733e-03
3684 -7.701801809072e-01 1.056472734367e-03 8.929077107686e-03 -7.744542585611e-01 1.195636717869e-03 1.143637728893e-02 -7.739911708236e-01 1.039030085703e-03 8.636668151972e-03
3685 -7.732570986748e-01 1.028399547807e-03 8.460845039444e-03 -7.759916015863e-01 1.274570302909e-03 1.299623565645e-02 -7.720478281379e-01 1.118946690054e-03 1.001633356147e-02
3686 -7.743095024228e-01 1.179249287747e-03 1.112503106121e-02 -7.738270979524e-01 1.079661594552e-03 9.325353270001e-03 -7.720546563864e-01 8.469830214643e-04 5.739041909191e-03
3687 -7.712984699607e-01 1.059066132911e-03 8.972968591026e-03 -7.715585599542e-01 1.091472510417e-03 9.530497927961e-03 -7.734760614634e-01 1.106202316258e-03 9.789468515962e-03
3688 -7.739150973558e-01 1.272190001616e-03 1.294773920169e-02 -7.740828549862e-01 1.055692468757e-03 8.915892708719e-03 -7.732369976640e-01 9.669542208298e-04 7.480003721444e-03
3689 -7.728058470488e-01 1.171048750629e-03 1.097084141081e-02 -7.734265416265e-01 1.110017102012e-03 9.857103734080e-03 -7.727623264194e-01 1.119434898455e-03 1.002507593504e-02
3690 -7.730667675138e-01 1.118564544046e-03 1.000949311357e-02 -7.741112727523e-01 1.113302680339e-03 9.915542864406e-03 -7.728486567736e-01 1.161670093275e-03 1.079581924487e-02
3691 -7.743594089746e-01 1.344576339385e-03 1.446308425947e-02 -7.732175713778e-01 1.066554485288e-03 9.100307760700e-03 -7.724849565625e-01 1.023075036329e-03 8.373460239675e-03
3692 -7.728822425008e-01 9.801899594031e-04 7.686178852117e-03 -7.740944883823e-01 1.002661610501e-03 8.042642441372e-03 -7.738276918530e-01 1.136289342055e-03 1.032922775094e-02
3693 -7.731425673962e-01 1.036535073481e-03 8.595239668455e-03 -7.741573852301e-01 9.399466239473e-04 7.067997246959e-03 -7.733534378409e-01 1.065335166193e-03 9.079512130622e-03
3694 -7.712872131467e-01 1.102446294984e-03 9.723102666595e-03 -7.749714431763e-01 1.240734839926e-03 1.231538354404e-02 -7.735172643661e-01 1.124184226751e-03 1.011032140541e-02
3695 -7.716681607366e-01 1.160036306504e-03 1.076547385926e-02 -7.743579095006e-01 1.116819473838e-03 9.978285897154e-03 -7.730355224013e-01 9.111989933006e-04 6.642268843136e-03
3696 -7.726667019129e-01 1.182671040639e-03 1.118968632293e-02 -7.745701024532e-01 1.037109285662e-03 8.604765363248e-03 -7.723007919788e-01 1.063723385292e-03 9.052059523345e-03
3697 -7.720772134066e-01 8.916341894165e-04 6.360092221891e-03 -7.725117837787e-01 1.031056257536e-03 8.504616049639e-03 -7.749724558592e-01 1.061266140186e-03 9.010286562449e-03
3698 -7.719503955841e-01 1.089155816706e-03 9.490083144509e-03 -7.741448959708e-01 1.128341757541e-03 1.018524097448e-02 -7.734726991653e-01 1.120408589382e-03 1.004252325729e-02
3699 -7.730101076961e-01 1.115290138790e-03 9.950976749460e-03 -7.751833800077e-01 1.226837919501e-03 1.204105024581e-02 -7.742079759836e-01 1.063256693008e-03 9.044118361812e-03
3700 -7.709303700328e-01 1.041396758144e-03 8.676057662981e-03 -7.737510849237e-01 1.012997839682e-03 8.209316985599e-03 -7.736859860420e-01 1.177950110047e-03 1.110053169409e-02
3701 -7.733195747733e-01 1.092910532558e-03 9.555627457410e-03 -7.714602991343e-01 1.148782454165e-03 1.055760901598e-02 -7.752109214067e-01 1.149267478570e-03 1.056652589839e-02
3702 -7.722690470815e-01 9.715191626966e-04 7.550795867894e-03 -7.738286699653e-01 1.089379459175e-03 9.493980848582e-03 -7.702012942433e-01 9.863336546011e-04 7.782832625590e-03
3703 -7.726107407808e-01 1.289336749509e-03 1.329911402908e-02 -7.732602938414e-01 1.137026206142e-03 1.034262874763e-02 -7.730649867654e-01 1.022283931678e-03 8.360515495733e-03
3704 -7.717291957736e-01 1.084128404511e-03 9.402675179746e-03 -7.731919808388e-01 9.052824647538e-04 6.556290727926e-03 -7.729769855738e-01 9.656485044237e-04 7.459816272766e-03
3705 -7.735536024570e-01 1.070696022470e-03 9.171119780271e-03 -7.756302784681e-01 1.173296460488e-03 1.101299667355e-02 -7.734358210564e-01 1.000544887892e-03 8.008720581489e-03
3706 -7.713674969077e-01 1.059089535996e-03 8.973365162043e-03 -7.742666484714e-01 1.032102150007e-03 8.521878784396e-03 -7.719205824733e-01 1.162233575776e-03 1.080629507728e-02
3707 -7.715747545958e-01 1.378925577296e-03 1.521148598177e-02 -7.736545616984e-01 1.017734223924e-03 8.286263604367e-03 -7.736242984533e-01 9.096112022329e-04 6.619140313821e-03
3708 -7.713538756967e-01 1.060712065295e-03 9.000880683696e-03 -7.740884101391e-01 1.080854249276e-03 9.345967265427e-03 -7.714088232517e-01 1.088788365966e-03 9.483680846909e-03
3709 -7.731055461168e-01 1.099594488730e-03 9.672864317157e-03 -7.731970983148e-01 1.152565637696e-03 1.062726039359e-02 -7.719855421782e-01 1.094751442010e-03 9.587845758271e-03
3710 -7.736883581281e-01 1.161603916045e-03 1.079458926218e-02 -7.745628236532e-01 1.225229736965e-03 1.200950326674e-02 -7.734580230117e-01 1.103947545625e-03 9.749601467928e-03
3711 -7.734677683711e-01 1.053098469933e-03 8.872131099004e-03 -7.718895615935e-01 1.055267349632e-03 8.908713433601e-03 -7.720636273026e-01 1.270612548517e-03 1.291564998760e-02
3712 -7.744655751586e-01 1.063012759321e-03 9.039969011826e-03 -7.734567272067e-01 1.235908661163e-03 1.221976174991e-02 -7.747268226147e-01 1.080033782605e-03 9.331783772542e-03
3713 -7.720217087865e-01 1.046292173354e-03 8.757818496167e-03 -7.741220891476e-01 1.128289734550e-03 1.018430180072e-02 -7.729260317087e-01 1.138477928163e-03 1.036905594332e-02
3714 -7.717964538932e-01 1.090936702597e-03 9.521143112586e-03 -7.735333234668e-01 1.159784607690e-03 1.076080268987e-02 -7.748135399222e-01 1.102368762442e-03 9.721735107256e-03
3715 -7.714155707359e-01 1.084616010533e-03 9.411135122433e-03 -7.732722032666e-01 1.059693373010e-03 8.983600358405e-03 -7.719880194664e-01 9.829649085546e-04 7.729760091598e-03
3716 -7.719449351430e-01 1.089026806201e-03 9.487835076989e-03 -7.712464668155e-01 1.004558186672e-03 8.073097203284e-03 -7.724085077047e-01 9.201989464599e-04 6.774128808527e-03
3717 -7.724604998827e-01 9.837912629647e-04 7.742761992686e-03 -7.744110810757e-01 1.044580020944e-03 8.729179361239e-03 -7.752007513642e-01 1.027384062776e-03 8.444144099569e-03
3718 -7.719324977994e-01 1.102214106768e-03 9.719007497270e-03 -7.726326664090e-01 9.819199945143e-04 7.713335005016e-03 -7.714293635488e-01 1.141642629955e-03 1.042678315625e-02
3719 -7.721432393193e-01 1.176519799140e-03 1.107359070215e-02 -7.759642952085e-01 1.149831686468e-03 1.057690325765e-02 -7.737084224820e-01 1.016811898370e-03 8.271251493332e-03
3720 -7.703410844803e-01 9.085176459236e-04 6.603234503636e-03 -7.751197052598e-01 1.171283760978e-03 1.097524518984e-02 -7.726428158879e-01 9.721191860115e-04 7.560125694493e-03
3721 -7.726173688173e-01 9.887996944640e-04 7.821798686177e-03 -7.729622327685e-01 1.113836633623e-03 9.925056371205e-03 -7.710790224671e-01 1.033755609471e-03 8.549205280910e-03
3722 -7.729995111227e-01 1.284397662529e-03 1.319741884408e-02 -7.743031151891e-01 1.080347691802e-03 9.337209081455e-03 -7.731324735880e-01 1.202649107358e-03 1.157091900343e-02
3723 -7.714351212978e-01 1.023033799737e-03 8.372785243240e-03 -7.736301749349e-01 1.031935616949e-03 8.519128940218e-03 -7.716673700213e-01 8.854611335175e-04 6.272331351760e-03
3724 -7.729045745730e-01 1.070743769225e-03 9.171937754666e-03 -7.740394133925e-01 1.238641848833e-03 1.227386903745e-02 -7.717229842544e-01 9.934898629781e-04 7.896176862722e-03
3725 -7.735538458228e-01 1.154470315058e-03 1.066241366681e-02 -7.748398349285e-01 1.122852200008e-03 1.008637650451e-02 -7.745069607496e-01 1.152402040330e-03 1.062424370046e-02
3726 -7.730431876183e-01 1.034882755736e-03 8.567858544961e-03 -7.731342101097e-01 1.061578706921e-03 9.015594807911e-03 -7.725660348535e-01 1.025902244462e-03 8.419803321535e-03
3727 -7.710029959679e-01 1.021433155810e-03 8.346605534301e-03 -7.735723714828e-01 1.023540632932e-03 8.381083418108e-03 -7.749659743309e-01 1.148561938314e-03 1.055355620916e-02
3728 -7.718698168993e-01 9.368074332879e-04 7.020865336507e-03 -7.723459700942e-01 1.057130824593e-03 8.940204642445e-03 -7.723370928168e-01 9.646980980943e-04 7.445139363734e-03
3729 -7.725950099826e-01 1.101883471331e-03 9.713177475132e-03 -7.721365184784e-01 9.196814791929e-04 6.766512185363e-03 -7.738409878612e-01 9.600785719567e-04 7.374006914644e-03
3730 -7.720141753554e-01 1.422060010526e-03 1.617803738831e-02 -7.737282255292e-01 1.212778577169e-03 1.176665501793e-02 -7.723368654847e-01 1.100249445475e-03 9.684390738141e-03
3731 -7.736734770536e-01 1.265005421348e-03 1.280190972831e-02 -7.718982141614e-01 8.758938439763e-04 6.137520207324e-03 -7.720320988894e-01 9.164839018425e-04 6.719541938692e-03
3732 -7.738683364391e-01 1.077218783642e-03 9.283202462655e-03 -7.753383790255e-01 1.254574716163e-03 1.259166174749e-02 -7.725223837495e-01 1.060267307023e-03 8.993334098741e-03
3733 -7.727816166878e-01 1.313668927763e-03 1.380580841417e-02 -7.715667680502e-01 9.928436829523e-04 7.885908630227e-03 -7.737862700224e-01 1.109705835431e-03 9.851576329512e-03
3734 -7.720031796694e-01 1.184206586021e-03 1.121876190701e-02 -7.733194029331e-01 1.129474035308e-03 1.020569277148e-02 -7.728830848932e-01 1.121966282719e-03 1.007046671647e-02
3735 -7.734133350849e-01 1.119722706304e-03 1.003023151209e-02 -7.750503112674e-01 1.174662843629e-03 1.103866236961e-02 -7.739301012754e-01 1.159425919165e-03 1.075414769625e-02
3736 -7.731434782743e-01 1.010689384767e-03 8.171944259838e-03 -7.740801635981e-01 1.108250488575e-03 9.825753163414e-03 -7.720530666113e-01 1.058577540676e-03 8.964691276990e-03
3737 -7.703818038106e-01 1.005079227599e-03 8.081474030008e-03 -7.706192817092e-01 1.020571236014e-03 8.332525182226e-03 -7.729605962038e-01 1.108373586150e-03 9.827936051797e-03
3738 -7.735793285966e-01 1.232232259883e-03 1.214717073837e-02 -7.720674538612e-01 1.006979844656e-03 8.112067260351e-03 -7.744505232573e-01 1.135385840866e-03 1.031280806112e-02
3739 -7.715760824084e-01 1.001182660812e-03 8.018933762486e-03 -7.745986143351e-01 1.073545746140e-03 9.220003752438e-03 -7.727198247910e-01 1.082488333007e-03 9.374247928778e-03
3740 -7.738958333135e-01 1.112658148901e-03 9.904065250529e-03 -7.742735983729e-01 1.085549795700e-03 9.427346871554e-03 -7.735728291869e-01 9.260788260514e-04 6.860975936486e-03
3741 -7.733088493347e-01 1.182538768101e-03 1.118718350450e-02 -7.744919679165e-01 1.061509339012e-03 9.014416614482e-03 -7.737177764177e-01 1.123856302507e-03 1.010442390948e-02
3742 -7.721640176177e-01 9.871899316833e-04 7.796351689735e-03 -7.725475005507e-01 1.061785332388e-03 9.019104736586e-03 -7.711413360834e-01 1.083466877966e-03 9.391203805199e-03
3743 -7.712028205991e-01 1.083885908892e-03 9.398469307950e-03 -7.751883882880e-01 1.180947455180e-03 1.115709513517e-02 -7.724813405275e-01 9.687797368084e-04 7.508273427604e-03
3744 -7.727723008990e-01 1.009272272620e-03 8.149044162244e-03 -7.736618566513e-01 1.192359012575e-03 1.137376011896e-02 -7.739505068064e-01 1.191524478724e-03 1.135784466719e-02
3745 -7.746267475486e-01 1.338782484687e-03 1.433870833043e-02 -7.731459686160e-01 1.041043948870e-03 8.670180027824e-03 -7.711603028178e-01 9.955693125837e-04 7.929266049268e-03
3746 -7.724400113821e-01 1.184682520865e-03 1.122778140195e-02 -7.727061986327e-01 9.512524292050e-04 7.239049472547e-03 -7.734300289154e-01 1.065967243902e-03 9.090289320576e-03
3747 -7.713331893682e-01 1.091455627943e-03 9.530203102155e-03 -7.739980167150e-01 1.143953187989e-03 1.046903117048e-02 -7.721154531240e-01 9.507069910557e-04 7.230750262738e-03
3748 -7.703883466721e-01 9.533071699496e-04 7.270356482218e-03 -7.736861202717e-01 1.052869649783e-03 8.868275995472e-03 -7.725796157718e-01 9.916273603589e-04 7.866598574498e-03
3749 -7.735716807246e-01 1.038526267284e-03 8.628294462716e-03 -7.731830334663e-01 1.037055941337e-03 8.603880203706e-03 -7.730280635357e-01 9.873717356504e-04 7.799223554890e-03
3750 -7.730280160904e-01 1.138682851584e-03 1.037278909193e-02 -7.732022866607e-01 1.121237468393e-03 1.005738768423e-02 -7.724287090302e-01 9.601481877411e-04 7.375076339381e-03
3751 -7.733124226332e-01 1.156706766410e-03 1.070376434766e-02 -7.720917297602e-01 1.028893457394e-03 8.468973973351e-03 -7.715466503501e-01 1.203027691150e-03 1.157820500538e-02
3752 -7.732760303020e-01 1.187377184939e-03 1.127891663451e-02 -7.750556518435e-01 1.096990113476e-03 9.627098472518e-03 -7.742094953656e-01 1.066941268635e-03 9.106909365734e-03
3753 -7.722780798674e-01 1.040216762464e-03 8.656407303281e-03 -7.738169544339e-01 1.152981737967e-03 1.063493510469e-02 -7.762059813738e-01 1.173900371819e-03 1.102433666366e-02
3754 -7.722553996444e-01 1.404322165912e-03 1.577696596537e-02 -7.725718891025e-01 1.284612318764e-03 1.320183047616e-02 -7.728309205174e-01 1.050916724738e-03 8.835407698674e-03
3755 -7.722169532776e-01 1.293983188652e-03 1.339513994012e-02 -7.726312562823e-01 1.138531663937e-03 1.037003479830e-02 -7.738680780530e-01 1.143082352201e-03 1.045309811130e-02
3756 -7.723789122701e-01 1.065704674486e-03 9.085811625779e-03 -7.732834339142e-01 1.044275687458e-03 8.724093691320e-03 -7.733210203648e-01 8.029153326448e-04 5.157384251168e-03
3757 -7.731574233770e-01 1.172995097528e-03 1.100733999060e-02 -7.753768007159e-01 1.122424482403e-03 1.007869374958e-02 -7.742267498970e-01 1.302223495111e-03 1.356628824976e-02
3758 -7.717931386828e-01 1.127339408486e-03 1.016715313540e-02 -7.734780355096e-01 1.171265534601e-03 1.097490362035e-02 -7.720447425246e-01 1.155114598149e-03 1.067431787886e-02
3759 -7.738559958339e-01 1.079725171439e-03 9.326451566718e-03 -7.728024074435e-01 1.145072490247e-03 1.048952806336e-02 -7.730434675217e-01 1.079765844799e-03 9.327154236756e-03
3760 -7.722056087852e-01 9.507417331368e-04 7.231278745023e-03 -7.734304335713e-01 9.993624875317e-04 7.989803051885e-03 -7.744919704795e-01 1.043063584895e-03 8.703853137068e-03
3761 -7.719230022430e-01 9.869895219423e-04 7.793186531391e-03 -7.754300203919e-01 1.212351546262e-03 1.175837017379e-02 -7.705299924612e-01 1.064913705160e-03 9.072329595501e-03
3762 -7.733526520729e-01 1.292763675602e-03 1.336990336764e-02 -7.750169879794e-01 1.156785974650e-03 1.070523032917e-02 -7.701189166307e-01 9.665387411998e-04 7.473577105920e-03
3763 -7.725199800730e-01 1.114015027498e-03 9.928235851939e-03 -7.736399061084e-01 1.119408363271e-03 1.002460067009e-02 -7.717193593979e-01 8.288802303572e-04 5.496339490216e-03
3764 -7.723042564392e-01 1.175200384727e-03 1.104876755411e-02 -7.735600930452e-01 1.053243607701e-03 8.874576777312e-03 -7.720944200754e-01 9.073143615518e-04 6.585754805426e-03
3765 -7.717963870764e-01 1.013024326365e-03 8.209746286465e-03 -7.719427821040e-01 1.057470696715e-03 8.945954195279e-03 -7.744773550630e-01 1.135583329087e-03 1.031639597841e-02
3766 -7.732967639565e-01 1.226938065762e-03 1.204301613773e-02 -7.714437832236e-01 1.003753217388e-03 8.060164171331e-03 -7.735685216784e-01 1.043683056390e-03 8.714194577565e-03
3767 -7.746587386131e-01 1.084144815877e-03 9.402959854349e-03 -7.736011756659e-01 1.088154168412e-03 9.472635953853e-03 -7.752500445247e-01 1.118378427437e-03 1.000616245565e-02
3768 -7.746404227614e-01 1.410784947286e-03 1.592251333991e-02 -7.739987040758e-01 1.265554424169e-03 1.281302400428e-02 -7.730202251077e-01 1.210119938468e-03 1.171512212382e-02
3769 -7.729827975631e-01 1.213112663363e-03 1.177313867210e-02 -7.738902680874e-01 1.014753599345e-03 8.237798939074e-03 -7.731173092127e-01 1.108245411991e-03 9.825663145585e-03
3770 -7.729086789489e-01 1.127877232436e-03 1.017685641159e-02 -7.746058512330e-01 1.162051400760e-03 1.080290766407e-02 -7.729736068249e-01 1.005401143733e-03 8.086651678558e-03
3771 -7.713882371783e-01 1.054618007667e-03 8.897753136767e-03 -7.737810817957e-01 1.077884104252e-03 9.294673137595e-03 -7.719282129407e-01 1.181767340612e-03 1.117259237869e-02
3772 -7.717584989071e-01 1.071762318254e-03 9.189395734640e-03 -7.732494528890e-01 1.120022928504e-03 1.003561088300e-02 -7.739671289325e-01 1.088863354525e-03 9.484987238618e-03
3773 -7.725930588841e-01 1.046971755279e-03 8.769198850819e-03 -7.715812371373e-01 1.021870890148e-03 8.353760929055e-03 -7.738516010642e-01 1.247723678701e-03 1.245451502713e-02
3774 -7.721395582557e-01 1.119660335553e-03 1.002911413608e-02 -7.748662959933e-01 1.157992555032e-03 1.072757406008e-02 -7.735698235631e-01 1.185594515868e-03 1.124507484846e-02
3775 -7.742876294255e-01 1.073982012456e-03 9.227498904630e-03 -7.741407514811e-01 1.140629112194e-03 1.040827817267e-02 -7.711945931315e-01 9.198853899590e-04 6.769513045280e-03
3776 -7.723794681430e-01 1.094844689857e-03 9.589479159265e-03 -7.737718361616e-01 1.016673874706e-03 8.269006140070e-03 -7.734079697132e-01 1.087098239937e-03 9.454260666197e-03
3777 -7.728368079066e-01 1.045258398076e-03 8.740520949981e-03 -7.733714830875e-01 1.045942853747e-03 8.751971626430e-03 -7.717194377184e-01 9.931452627909e-04 7.890700104031e-03
3778 -7.722406737208e-01 1.196938379917e-03 1.146129188254e-02 -7.728037670255e-01 1.080914719954e-03 9.347013054507e-03 -7.730458059907e-01 1.038853733996e-03 8.633736645097e-03
3779 -7.721340498924e-01 1.196738976679e-03 1.145747342643e-02 -7.721065163612e-01 9.319957140995e-04 6.948928088798e-03 -7.723288850188e-01 9.357065161689e-04 7.004373475207e-03
3780 -7.726922168136e-01 1.168278320090e-03 1.091899386553e-02 -7.714954161048e-01 9.694422597622e-04 7.518546360102e-03 -7.737098461986e-01 1.169956679168e-03 1.095038904904e-02
3781 -7.721276295185e-01 1.133693269172e-03 1.028208342852e-02 -7.737183133364e-01 1.109521293117e-03 9.848299999036e-03 -7.739141185284e-01 9.802017338073e-04 7.686363511670e-03
3782 -7.721304930449e-01 1.031107028384e-03 8.505453631870e-03 -7.733151199818e-01 1.239949900488e-03 1.229980604576e-02 -7.716861775517e-01 9.783952252355e-04 7.658057734108e-03
3783 -7.740121088624e-01 1.176477739584e-03 1.107279897388e-02 -7.736439952850e-01 1.155248581546e-03 1.067679428132e-02 -7.726829971075e-01 1.102893146818e-03 9.730986346388e-03
3784 -7.736081920266e-01 9.597432296435e-04 7.368856534772e-03 -7.728274683952e-01 1.161183203466e-03 1.078677145609e-02 -7.735673537850e-01 1.083653818906e-03 9.394444793838e-03
3785 -7.717507666945e-01 1.077702846300e-03 9.291547399381e-03 -7.750154100657e-01 9.896797459643e-04 7.835727996575e-03 -7.734486852884e-01 1.108090413584e-03 9.822914917411e-03
3786 -7.720317872167e-01 9.429951076372e-04 7.113918184221e-03 -7.740108155012e-01 1.108505928311e-03 9.830283144812e-03 -7.728779969215e-01 1.040846263303e-03 8.666887550659e-03
3787 -7.722768049240e-01 1.236489483063e-03 1.223124993380e-02 -7.738715425730e-01 1.099336031338e-03 9.668317678377e-03 -7.723592336774e-01 1.100828276690e-03 9.694583158090e-03
3788 -7.719133298993e-01 9.211143713912e-04 6.787613481467e-03 -7.730879334807e-01 1.038025388966e-03 8.619973665107e-03 -7.713355379105e-01 1.131691638112e-03 1.024580771018e-02
3789 -7.727235167027e-01 1.261279476021e-03 1.272660733306e-02 -7.742078187466e-01 1.039861054447e-03 8.650488100440e-03 -7.714596707225e-01 1.192155382804e-03 1.136987565398e-02
3790 -7.724195760489e-01 9.910306670431e-04 7.857134264158e-03 -7.728232029080e-01 1.026092146403e-03 8.422920743283e-03 -7.730540534854e-01 1.068845842877e-03 9.139451486678e-03
3791 -7.744351822138e-01 1.367351240541e-03 1.495719532008e-02 -7.730253601074e-01 9.689955079513e-04 7.511618355438e-03 -7.737502137423e-01 1.130253066122e-03 1.021977594783e-02
3792 -7.720676388144e-01 1.131035786770e-03 1.023393560764e-02 -7.715334014893e-01 9.895377035992e-04 7.833478934756e-03 -7.738624198437e-01 9.956613545950e-04 7.930732264272e-03
3793 -7.704985920191e-01 1.058387778560e-03 8.961477518443e-03 -7.724240135550e-01 1.138666203677e-03 1.037248578717e-02 -7.738043492436e-01 1.207465930554e-03 1.166379178759e-02
3794 -7.742241498828e-01 1.278571630000e-03 1.307796330432e-02 -7.731509964466e-01 1.153409025561e-03 1.064281904196e-02 -7.720146170259e-01 9.400624984332e-04 7.069740007684e-03
3795 -7.727416505218e-01 1.158439161264e-03 1.073585032279e-02 -7.731605734229e-01 1.071503329932e-03 9.184955088451e-03 -7.712266007066e-01 8.795378010939e-04 6.188693948425e-03
3796 -7.714205760360e-01 9.693345050328e-04 7.516875061177e-03 -7.743457204103e-01 1.196358762726e-03 1.145019431321e-02 -7.729441015720e-01 1.186474966371e-03 1.126178276659e-02
3797 -7.745968692899e-01 1.263072448235e-03 1.276281607593e-02 -7.732913252711e-01 1.209288111022e-03 1.169902188367e-02 -7.709497442842e-01 1.096786523510e-03 9.623525425228e-03
3798 -7.722654470205e-01 1.052667152343e-03 8.864865068969e-03 -7.719107216001e-01 1.160533132776e-03 1.077469721817e-02 -7.741599178314e-01 1.240319698507e-03 1.230714363604e-02
3799 -7.727392993569e-01 1.124192898589e-03 1.011047738591e-02 -7.720775130391e-01 9.863571844773e-04 7.783203962959e-03 -7.734026311040e-01 9.572440134575e-04 7.330528810402e-03
3800 -7.738613097668e-01 1.167587705676e-03 1.090608840356e-02 -7.734910345674e-01 1.101057726993e-03 9.698624945372e-03 -7.737608188391e-01 1.186400569860e-03 1.126037049732e-02
3801 -7.729858610034e-01 1.019595603087e-03 8.316601550683e-03 -7.724967659712e-01 1.021043165999e-03 8.340233174673e-03 -7.723766322732e-01 1.050868819390e-03 8.834602204532e-03
3802 -7.743890685439e-01 1.155831667302e-03 1.068757474511e-02 -7.738936010003e-01 1.109216841929e-03 9.842896019359e-03 -7.725596323013e-01 1.099693547598e-03 9.674607189035e-03
3803 -7.753448769450e-01 1.197362344138e-03 1.146941266528e-02 -7.745536897182e-01 1.243137455230e-03 1.236312586076e-02 -7.765199539065e-01 1.228313034195e-03 1.207002327978e-02
3804 -7.718292493224e-01 1.099052547313e-03 9.663332014046e-03 -7.725829615593e-01 1.042493361460e-03 8.694339269501e-03 -7.735895141363e-01 1.039445371833e-03 8.643573448194e-03
3805 -7.723519097567e-01 9.680738788062e-04 7.497336278615e-03 -7.732843329906e-01 1.085179227096e-03 9.420911639361e-03 -7.737990004420e-01 1.090978543916e-03 9.521873466287e-03
3806 -7.719521546960e-01 1.241914792125e-03 1.233881880719e-02 -7.735417480469e-01 1.038318668609e-03 8.624845260650e-03 -7.713388172984e-01 1.048490946626e-03 8.794666121246e-03
3807 -7.723131327033e-01 1.051468640849e-03 8.844690421515e-03 -7.748559450507e-01 1.105656103253e-03 9.779803349291e-03 -7.735361573696e-01 1.116833908518e-03 9.978543833721e-03
3808 -7.738872257471e-01 9.427006062362e-04 7.109475463985e-03 -7.728938407302e-01 1.009350060619e-03 8.150300358979e-03 -7.707351285219e-01 1.013278168033e-03 8.213861166492e-03
3809 -7.726363644004e-01 1.241259890164e-03 1.232580891944e-02 -7.723453327417e-01 1.064660468385e-03 9.068015303527e-03 -7.732237756252e-01 1.168782618197e-03 1.092842246879e-02
3810 -7.734906525612e-01 1.080507751276e-03 9.339976004548e-03 -7.726240246296e-01 9.456181138998e-04 7.153548938683e-03 -7.714767773151e-01 1.223571853056e-03 1.197702463673e-02
3811 -7.725729238987e-01 1.158484399432e-03 1.073668882981e-02 -7.755770951509e-01 1.177043101636e-03 1.108344370487e-02 -7.722510049343e-01 1.269044876332e-03 1.288379918515e-02
3812 -7.714774871469e-01 1.042901430643e-03 8.701147152296e-03 -7.719674869776e-01 9.900990965061e-04 7.842369767217e-03 -7.735189931393e-01 1.032403943203e-03 8.526863215526e-03
3813 -7.742686212659e-01 1.325834072098e-03 1.406268789388e-02 -7.737522831559e-01 1.120811067065e-03 1.004973958444e-02 -7.726017891169e-01 1.060059678280e-03 8.989812172114e-03
3814 -7.731289017797e-01 1.052949590558e-03 8.869622722056e-03 -7.734719424844e-01 1.070864792634e-03 9.174011232822e-03 -7.733584614396e-01 1.251221677421e-03 1.252444548838e-02
3815 -7.716406145692e-01 1.159959986984e-03 1.076405737124e-02 -7.732423345447e-01 1.160342885288e-03 1.077116489151e-02 -7.731858659387e-01 1.071216920433e-03 9.180045524979e-03
3816 -7.710270105600e-01 9.957138215677e-04 7.931568115688e-03 -7.740937152505e-01 1.042071682297e-03 8.687307128366e-03 -7.746425655484e-01 1.100455916764e-03 9.688025797931e-03
3817 -7.730338274240e-01 1.076524322418e-03 9.271236934064e-03 -7.743666256070e-01 1.189771652258e-03 1.132445267613e-02 -7.754265290499e-01 1.185372103476e-03 1.124085618958e-02
3818 -7.725463187099e-01 1.018330068506e-03 8.295969027381e-03 -7.718337924480e-01 1.049096086808e-03 8.804820794849e-03 -7.730143729448e-01 1.119791204497e-03 1.003145873335e-02
3819 -7.739537051916e-01 1.098878511564e-03 9.660271865413e-03 -7.712864585519e-01 9.621422525306e-04 7.405741712837e-03 -7.729056225419e-01 9.835905959686e-04 7.739603683823e-03
3820 -7.745293570757e-01 1.161079624012e-03 1.078484714637e-02 -7.725481624603e-01 9.466459797224e-04 7.169108887397e-03 -7.723716947436e-01 1.133971694737e-03 1.028713443572e-02
3821 -7.733029052615e-01 1.432503460925e-03 1.641652932449e-02 -7.736114811301e-01 1.155921470123e-03 1.068923556072e-02 -7.722015346885e-01 9.937386134243e-04 7.900131454484e-03
3822 -7.755806175470e-01 1.319661555523e-03 1.393205296901e-02 -7.750652618408e-01 1.070010206100e-03 9.159374729259e-03 -7.732857339382e-01 1.156583507714e-03 1.070148328253e-02
3823 -7.720901734233e-01 1.009025838278e-03 8.145065138508e-03 -7.720427699685e-01 9.248980635449e-04 6.843491423593e-03 -7.727910043001e-01 9.072322818826e-04 6.584563306320e-03
3824 -7.729689289927e-01 1.095684943297e-03 9.604203959748e-03 -7.736194994450e-01 1.116570909919e-03 9.973844775025e-03 -7.738125253320e-01 1.188789556326e-03 1.130576487385e-02
3825 -7.721973294020e-01 1.049129473629e-03 8.805381219492e-03 -7.733926823139e-01 1.155365661218e-03 1.067895848898e-02 -7.746029084921e-01 1.079733814087e-03 9.326600874270e-03
3826 -7.722169169188e-01 1.013878441755e-03 8.223595957242e-03 -7.734218412638e-01 1.156293383047e-03 1.069611510143e-02 -7.733751274347e-01 1.139888212430e-03 1.039476109470e-02
3827 -7.729899217486e-01 1.106583520300e-03 9.796216699205e-03 -7.733386533856e-01 1.101201364431e-03 9.701155560206e-03 -7.722494199276e-01 1.063476935966e-03 9.047865546649e-03
3828 -7.731327512860e-01 1.205304198652e-03 1.162206569030e-02 -7.728363677263e-01 1.010758042294e-03 8.173054560499e-03 -7.757636135221e-01 1.242850377758e-03 1.235741649195e-02
3829 -7.707434836030e-01 1.086108982447e-03 9.437061774024e-03 -7.740231436491e-01 1.110301447536e-03 9.862154435199e-03 -7.746297977567e-01 1.095287696021e-03 9.597241096433e-03
3830 -7.729696327448e-01 1.148027368372e-03 1.054373470825e-02 -7.730285750031e-01 9.614343026527e-04 7.394847346538e-03 -7.749062648416e-01 1.050434727959e-03 8.827304941616e-03
3831 -7.717887048125e-01 1.044126296241e-03 8.721597780007e-03 -7.745983082652e-01 1.270911613400e-03 1.292173063260e-02 -7.730204174519e-01 8.596238501434e-04 5.911625309883e-03
3832 -7.725669336319e-01 1.100638402184e-03 9.691239138903e-03 -7.731224713922e-01 1.115539756313e-03 9.955431583324e-03 -7.738150567412e-01 9.353407204166e-04 6.998898106155e-03
3833 -7.723287520409e-01 1.275699283092e-03 1.301926928706e-02 -7.735129411817e-01 9.981783303229e-04 7.970879833010e-03 -7.722894465327e-01 1.029315735539e-03 8.475927067432e-03
3834 -7.710522223115e-01 9.795986795577e-04 7.676908583929e-03 -7.738076710701e-01 1.142199921716e-03 1.043696528934e-02 -7.720071069002e-01 1.039395644997e-03 8.642746454704e-03
3835 -7.713562117219e-01 1.054987230427e-03 8.903984450913e-03 -7.735306004882e-01 9.817377851238e-04 7.710472629919e-03 -7.733863230348e-01 1.016608318827e-03 8.267939791267e-03
3836 -7.710815954208e-01 1.004278848077e-03 8.068608037552e-03 -7.743270117640e-01 1.270744096185e-03 1.291832446391e-02 -7.737244699597e-01 1.049491140205e-03 8.811453226945e-03
3837 -7.736948626041e-01 1.188612019806e-03 1.130238826903e-02 -7.717323442101e-01 1.112595691767e-03 9.902953386713e-03 -7.732999566197e-01 1.017272434929e-03 8.278745654938e-03
3838 -7.718535672426e-01 1.036845551961e-03 8.600389588978e-03 -7.729259910583e-01 1.058600989863e-03 8.965088445909e-03 -7.725967724919e-01 9.962774342208e-04 7.940549807501e-03
3839 -7.745935360193e-01 1.284965887737e-03 1.320909866119e-02 -7.723638415337e-01 9.343889036763e-04 6.984660986507e-03 -7.723198257685e-01 9.519274998888e-04 7.249327720356e-03
3840 -7.703662750721e-01 1.150077207855e-03 1.058142067223e-02 -7.739370568991e-01 1.309371541465e-03 1.371563066879e-02 -7.726274822950e-01 1.041375405490e-03 8.675701881274e-03
3841 -7.714105162621e-01 1.071363578680e-03 9.182559341782e-03 -7.714336466193e-01 1.065231185473e-03 9.077739828030e-03 -7.724752489924e-01 1.127758642677e-03 1.017471644906e-02
3842 -7.724705169797e-01 1.062809703145e-03 9.036515720795e-03 -7.735216944814e-01 9.789134152253e-04 7.666171796064e-03 -7.729588096738e-01 1.131546258461e-03 1.024317548029e-02
3843 -7.724564585686e-01 1.086815859515e-03 9.449349699938e-03 -7.740267175436e-01 1.158488849879e-03 1.073677132236e-02 -7.736088823080e-01 1.144465427673e-03 1.047840892111e-02
3844 -7.723586655259e-01 1.031620224346e-03 8.513922298230e-03 -7.718823699355e-01 1.036929520563e-03 8.601782644919e-03 -7.712418742776e-01 8.947619952701e-04 6.404792225438e-03
3845 -7.719626702666e-01 1.032386905941e-03 8.526581788471e-03 -7.727002237439e-01 1.124425369636e-03 1.011465929505e-02 -7.723681144714e-01 1.109997928434e-03 9.856763209013e-03
3846 -7.718181070685e-01 1.289172050808e-03 1.329571661267e-02 -7.730823082924e-01 1.114247172484e-03 9.932374091112e-03 -7.742872775197e-01 1.098072993872e-03 9.646114398965e-03
3847 -7.711024314165e-01 9.767750825996e-04 7.632716495899e-03 -7.756550921798e-01 1.283818759051e-03 1.318552484874e-02 -7.731881186962e-01 9.452273362643e-04 7.147637737770e-03
3848 -7.720067697167e-01 1.343635609701e-03 1.444285321326e-02 -7.742664753199e-01 1.068488902404e-03 9.133348276485e-03 -7.726886301637e-01 1.105158341148e-03 9.770999672077e-03
3849 -7.720214889646e-01 1.163713380863e-03 1.083383066240e-02 -7.751346119642e-01 1.128808660978e-03 1.019367194480e-02 -7.749106011391e-01 1.253377147488e-03 1.256763419075e-02
3850 -7.722130746841e-01 1.101063487883e-03 9.698726434801e-03 -7.719737622142e-01 1.104306423338e-03 9.755941413006e-03 -7.723955742121e-01 9.729139171887e-04 7.572491922075e-03
3851 -7.722428309321e-01 1.070347746141e-03 9.165154381352e-03 -7.734028750658e-01 9.530947153215e-04 7.267116290991e-03 -7.740104539394e-01 1.067025819216e-03 9.108352790981e-03
3852 -7.719505904317e-01 9.507389021186e-04 7.231235680014e-03 -7.713061341047e-01 1.015725521966e-03 8.253586687792e-03 -7.745075150132e-01 1.269799880765e-03 1.289913389753e-02
3853 -7.727473403215e-01 1.123943102245e-03 1.010598477667e-02 -7.741252173185e-01 1.212584293985e-03 1.176288536014e-02 -7.729957911968e-01 1.032013696897e-03 8.520418164670e-03
3854 -7.749305027127e-01 1.389525551374e-03 1.544625006337e-02 -7.723499175906e-01 1.131347148262e-03 1.023957095904e-02 -7.724538124800e-01 1.050684080052e-03 8.831496288593e-03
3855 -7.735100808740e-01 1.142749127501e-03 1.044700454724e-02 -7.740150495172e-01 9.285792766438e-04 6.898075784099e-03 -7.741659760475e-01 1.177204468284e-03 1.108648288119e-02
3856 -7.738366271853e-01 1.147637478930e-03 1.053657426435e-02 -7.724956393838e-01 9.716198917071e-04 7.552361711687e-03 -7.737373055816e-01 1.055235886110e-03 8.908182202670e-03
3857 -7.722687723041e-01 1.018179036590e-03 8.293508404411e-03 -7.756997308135e-01 1.304967732841e-03 1.362352627005e-02 -7.724264468551e-01 1.106586844184e-03 9.796275549764e-03
3858 -7.720219581723e-01 1.103379456196e-03 9.739569794844e-03 -7.721077987552e-01 1.033772872411e-03 8.549490813866e-03 -7.743506560922e-01 1.064816742020e-03 9.070677552686e-03
3859 -7.731055173874e-01 1.092017586710e-03 9.540019277475e-03 -7.739919031262e-01 1.223932592078e-03 1.198408791960e-02 -7.727817214131e-01 9.295698507838e-04 6.912800859890e-03
3860 -7.725472405553e-01 1.193629010039e-03 1.139800170886e-02 -7.707594649792e-01 1.024712495830e-03 8.400285592889e-03 -7.724576545954e-01 9.759578592644e-04 7.619949944480e-03
3861 -7.734065527320e-01 1.143398709900e-03 1.045888487840e-02 -7.739635024071e-01 9.946446661314e-04 7.914544094909e-03 -7.737861548066e-01 1.196695330014e-03 1.145663770302e-02
3862 -7.733297463059e-01 1.106069872595e-03 9.787124504494e-03 -7.737835988402e-01 1.208002062049e-03 1.167415185532e-02 -7.725246335268e-01 1.137312247875e-03 1.034783319333e-02
3863 -7.711773413420e-01 1.014752313604e-03 8.237778063716e-03 -7.727883972526e-01 1.083102750113e-03 9.384892538425e-03 -7.730056121945e-01 1.148267475956e-03 1.054814557070e-02
3864 -7.718814919591e-01 1.158971541398e-03 1.074572027016e-02 -7.728761032224e-01 1.039439741094e-03 8.643479802920e-03 -7.720635623336e-01 1.101481472500e-03 9.706091474079e-03
3865 -7.726723444462e-01 1.269132241496e-03 1.288557317124e-02 -7.724826219082e-01 9.895906337717e-04 7.834316979589e-03 -7.736090229750e-01 1.122828571903e-03 1.008595201506e-02
3866 -7.730311599970e-01 1.109873065360e-03 9.854545769698e-03 -7.724393277168e-01 1.130782380658e-03 1.022935033926e-02 -7.725440751910e-01 1.116720487278e-03 9.976517173659e-03
3867 -7.721970072389e-01 1.071922569022e-03 9.192143951830e-03 -7.722125353813e-01 1.026616345602e-03 8.431528968456e-03 -7.747368851304e-01 1.048751044072e-03 8.799030019532e-03
3868 -7.717893941402e-01 1.170953737070e-03 1.096906123487e-02 -7.734774869084e-01 1.141696431802e-03 1.042776593911e-02 -7.721735508442e-01 1.052456632515e-03 8.861319706599e-03
3869 -7.749140871167e-01 1.284740053328e-03 1.320445603699e-02 -7.721594890356e-01 9.532376089146e-04 7.269295512394e-03 -7.714634204507e-01 9.986115335202e-04 7.977799959036e-03
3870 -7.730684036613e-01 1.151951080609e-03 1.061593033694e-02 -7.722100654244e-01 1.070762112606e-03 9.172252014334e-03 -7.749778910279e-01 1.147462271555e-03 1.053335731713e-02
3871 -7.710521597862e-01 1.090536816037e-03 9.514164377058e-03 -7.733205755949e-01 1.092156753859e-03 9.542450999996e-03 -7.734706838727e-01 1.074951319534e-03 9.244162714935e-03
3872 -7.710332702994e-01 1.148699876064e-03 1.055609124215e-02 -7.724489178658e-01 1.078480815887e-03 9.304966961894e-03 -7.727224628329e-01 9.430670349641e-04 7.115003459488e-03
3873 -7.745963645577e-01 1.203831561419e-03 1.159368342615e-02 -7.727996833324e-01 1.160731353866e-03 1.077837820679e-02 -7.734845417738e-01 1.029255467892e-03 8.474934545490e-03
3874 -7.712071209550e-01 1.021107824862e-03 8.341289519959e-03 -7.729202153087e-01 9.148273272397e-04 6.695272309317e-03 -7.722016219497e-01 9.446293307490e-04 7.138596580091e-03
3875 -7.702538472414e-01 1.108011926937e-03 9.821523441885e-03 -7.717815843225e-01 8.669958504375e-04 6.013454437406e-03 -7.721690872908e-01 1.207853479474e-03 1.167128022303e-02
3876 -7.706332098842e-01 1.097162276077e-03 9.630120480374e-03 -7.717865110040e-01 9.078250031103e-04 6.593169890177e-03 -7.746643446088e-01 1.201521516752e-03 1.154923164174e-02
3877 -7.714007373452e-01 1.087387411721e-03 9.459291065361e-03 -7.737148700356e-01 1.180472332518e-03 1.114811942273e-02 -7.726885640621e-01 1.022867814473e-03 8.370068527084e-03
3878 -7.733072052598e-01 1.192960033665e-03 1.138522913538e-02 -7.752475038171e-01 1.145680443246e-03 1.050066942430e-02 -7.727004548907e-01 1.091832078346e-03 9.536778298444e-03
3879 -7.734706459045e-01 1.146115801863e-03 1.050865145024e-02 -7.715882266164e-01 9.634476072937e-04 7.425850336000e-03 -7.718018130064e-01 1.062929848916e-03 9.038558909729e-03
3880 -7.727617960572e-01 1.129298884705e-03 1.020252776796e-02 -7.739141706824e-01 1.166864490312e-03 1.089258191001e-02 -7.732448978424e-01 1.229099723249e-03 1.208548903753e-02
3881 -7.726696620584e-01 1.209524904979e-03 1.170360396611e-02 -7.741761791706e-01 1.138873431735e-03 1.037626154810e-02 -7.733055298328e-01 8.996097660899e-04 6.474381849955e-03
3882 -7.709207696319e-01 1.041593576657e-03 8.679337431462e-03 -7.752056137323e-01 1.214920730744e-03 1.180825905593e-02 -7.735548732877e-01 1.067397180807e-03 9.114693932757e-03
3883 -7.704451982379e-01 1.132176241666e-03 1.025458433754e-02 -7.712619958520e-01 1.043604952006e-03 8.712890366803e-03 -7.737923621535e-01 1.031084271533e-03 8.505078200021e-03
3884 -7.735880300999e-01 9.899973787786e-04 7.840758479908e-03 -7.735333149433e-01 1.053849814029e-03 8.884795444227e-03 -7.721901789308e-01 1.063716855806e-03 9.051948394602e-03
3885 -7.738002932668e-01 1.224049416815e-03 1.198637579844e-02 -7.732791033983e-01 1.024493038896e-03 8.396687893978e-03 -7.757175678611e-01 1.164979351485e-03 1.085741511510e-02
3886 -7.743971765637e-01 9.928186397247e-04 7.885510811078e-03 -7.714227738976e-01 1.048536246545e-03 8.795426082544e-03 -7.727670617700e-01 9.535684389132e-04 7.274342141531e-03
3887 -7.736710633039e-01 1.202329738718e-03 1.156477440484e-02 -7.749442737699e-01 1.255737444492e-03 1.261501223600e-02 -7.740083425045e-01 1.198830972595e-03 1.149756560682e-02
3888 -7.720301853418e-01 1.141771390202e-03 1.042913525987e-02 -7.753093655705e-01 1.191934709371e-03 1.136566681122e-02 -7.714972052574e-01 1.149632111015e-03 1.057323192541e-02
3889 -7.712832587957e-01 1.085879590384e-03 9.433075878496e-03 -7.754181486964e-01 1.253450672939e-03 1.256910871593e-02 -7.727930478454e-01 1.135082131255e-03 1.030729155755e-02
3890 -7.730486435890e-01 1.042818094506e-03 8.699756625831e-03 -7.726230849028e-01 1.063084429115e-03 9.041188027416e-03 -7.733482211232e-01 1.196241483672e-03 1.144794949807e-02
3891 -7.736853398085e-01 1.125549117034e-03 1.013488651885e-02 -7.729869056344e-01 9.891175416022e-04 7.826828088841e-03 -7.717496863604e-01 1.115679741312e-03 9.957930281387e-03
3892 -7.728192293048e-01 9.441383138935e-04 7.131177246094e-03 -7.743631323576e-01 1.178546566027e-03 1.111177606636e-02 -7.717853301167e-01 9.359557173497e-04 7.008104838717e-03
3893 -7.733777529001e-01 1.081156727386e-03 9.351198953374e-03 -7.725949906111e-01 9.506379189550e-04 7.229699623641e-03 -7.733141623139e-01 9.268723351812e-04 6.872738605794e-03
3894 -7.718397983909e-01 1.067012911844e-03 9.108132432329e-03 -7.758336920142e-01 1.169948304913e-03 1.095023228935e-02 -7.747863136530e-01 1.246172570602e-03 1.242356860576e-02
3895 -7.719932372570e-01 1.015836014475e-03 8.255382466430e-03 -7.734507558942e-01 1.157260333015e-03 1.071401182695e-02 -7.723961027265e-01 1.382605061073e-03 1.529277403924e-02
3896 -7.711402904391e-01 1.021705319146e-03 8.351054073367e-03 -7.730993349552e-01 1.005912184005e-03 8.094874575431e-03 -7.724872726798e-01 9.454197896181e-04 7.150548628812e-03
3897 -7.707851684690e-01 9.471382335026e-04 7.176566666899e-03 -7.721419116259e-01 9.133348756796e-04 6.673444761061e-03 -7.731760511994e-01 9.356376143167e-04 7.003341962594e-03
3898 -7.725753403902e-01 1.036214943684e-03 8.589931276114e-03 -7.712690816522e-01 9.403564304808e-04 7.074161730773e-03 -7.746768506169e-01 1.130224253419e-03 1.021925490414e-02
3899 -7.723664789796e-01 9.619787853633e-04 7.403225467913e-03 -7.732150833607e-01 1.113534020141e-03 9.919664112089e-03 -7.713861545324e-01 9.888176910239e-04 7.822083408655e-03
3900 -7.722622154355e-01 1.117039931130e-03 9.982225661916e-03 -7.706483137012e-01 9.498070797684e-04 7.217067910225e-03 -7.735985482931e-01 1.163577268143e-03 1.083129647152e-02
3901 -7.735737886429e-01 1.164403667082e-03 1.084668719931e-02 -7.726733770370e-01 8.543159146921e-04 5.838845456770e-03 -7.739055110216e-01 1.124311116351e-03 1.011260389081e-02
3902 -7.720774756074e-01 1.149296379283e-03 1.056705733946e-02 -7.727587413192e-01 1.078058239842e-03 9.297676547929e-03 -7.747005357146e-01 1.151170958245e-03 1.060155660085e-02
3903 -7.730835688114e-01 1.255424321583e-03 1.260872181778e-02 -7.722602264285e-01 9.698393150080e-04 7.524706375481e-03 -7.728546850085e-01 9.924188851010e-04 7.879161948041e-03
3904 -7.737458013296e-01 1.106219578416e-03 9.789774045366e-03 -7.734037274122e-01 1.240711427345e-03 1.231491876756e-02 -7.741033313870e-01 1.100478071289e-03 9.688415883112e-03
3905 -7.713465709090e-01 1.241080392490e-03 1.232224432499e-02 -7.731885853410e-01 1.094350692727e-03 9.580827509382e-03 -7.716819301248e-01 9.619387832436e-04 7.402609781666e-03
3906 -7.728634014726e-01 1.030180125087e-03 8.490168720996e-03 -7.754019945860e-01 1.357654316991e-03 1.474580195555e-02 -7.740747972727e-01 1.188379881964e-03 1.129797395086e-02
3907 -7.720474329591e-01 1.024774954923e-03 8.401309665905e-03 -7.756166070700e-01 1.250742398158e-03 1.251485237240e-02 -7.717577367425e-01 1.022228667270e-03 8.359611585501e-03
3908 -7.702142739892e-01 9.524163378582e-04 7.256775044954e-03 -7.742977722883e-01 1.071018454958e-03 9.176644246880e-03 -7.729924646020e-01 1.132109092051e-03 1.025336797044e-02
3909 -7.728833721280e-01 1.129917132082e-03 1.021370180297e-02 -7.737646833062e-01 1.079786405896e-03 9.327509458862e-03 -7.753542740345e-01 1.326610140341e-03 1.407915571564e-02
3910 -7.727180994749e-01 1.157297445739e-03 1.071469902331e-02 -7.739532325864e-01 1.115270632879e-03 9.950628676505e-03 -7.718450250030e-01 9.069162987272e-04 6.579977383177e-03
3911 -7.755098065138e-01 1.290963623173e-03 1.333269661084e-02 -7.726254503131e-01 1.147352728174e-03 1.053134626279e-02 -7.701896393299e-01 1.095562614538e-03 9.602059538978e-03
3912 -7.725117931962e-01 1.299910024152e-03 1.351812856713e-02 -7.721092109084e-01 1.066158795947e-03 9.093556625400e-03 -7.750371741056e-01 1.216340410772e-03 1.183587195902e-02
3913 -7.720816048384e-01 1.191322740903e-03 1.135399898393e-02 -7.720571092963e-01 1.071427905832e-03 9.183662059158e-03 -7.726290776134e-01 9.962158765495e-04 7.939568581515e-03
3914 -7.728705552816e-01 1.090279266332e-03 9.509671028754e-03 -7.743408794403e-01 1.102415451993e-03 9.722558630341e-03 -7.738423474431e-01 1.248685457960e-03 1.247372298336e-02
3915 -7.713938648701e-01 1.237093785381e-03 1.224320827062e-02 -7.714630771875e-01 1.030775854275e-03 8.499990894045e-03 -7.721219381094e-01 1.005780924721e-03 8.092762148253e-03
3916 -7.698194301128e-01 1.006819250032e-03 8.109480017876e-03 -7.724454104900e-01 9.630781929436e-04 7.420156845788e-03 -7.738873599768e-01 1.089567656138e-03 9.497261418410e-03
3917 -7.731069900990e-01 1.009247601009e-03 8.148645761142e-03 -7.740975269675e-01 1.073397204289e-03 9.217452465410e-03 -7.738155388832e-01 1.138803210507e-03 1.037498201809e-02
3918 -7.729445345998e-01 1.096005442780e-03 9.609823444834e-03 -7.746572953463e-01 1.047705097197e-03 8.781487765547e-03 -7.728613481522e-01 1.002275932528e-03 8.036456359393e-03
3919 -7.713289096355e-01 1.055212087413e-03 8.907780395377e-03 -7.741222607493e-01 1.119783354395e-03 1.003131808625e-02 -7.712233400345e-01 9.064409422783e-04 6.573081454706e-03
3920 -7.714651911259e-01 1.097541257959e-03 9.636774503372e-03 -7.735348920226e-01 1.149856064232e-03 1.057735174760e-02 -7.715710489750e-01 9.905261741188e-04 7.849136812915e-03
3921 -7.729632158279e-01 1.152193819289e-03 1.062040477766e-02 -7.729478709102e-01 1.258720898055e-03 1.267502639359e-02 -7.743318879008e-01 1.022588026378e-03 8.365490173531e-03
3922 -7.709789995551e-01 9.249096269302e-04 6.843662543905e-03 -7.743405783772e-01 1.257328428813e-03 1.264699822322e-02 -7.709148585200e-01 9.591597102817e-04 7.359898798621e-03
3923 -7.731833443046e-01 1.025969828409e-03 8.420912710440e-03 -7.732618855834e-01 1.019509355831e-03 8.315194613020e-03 -7.726115106344e-01 1.106211269776e-03 9.789626987037e-03
3924 -7.716936559677e-01 8.989435581557e-04 6.464796165997e-03 -7.718885651827e-01 1.033621682350e-03 8.546990257796e-03 -7.739386913776e-01 1.180574053747e-03 1.115004077105e-02
3925 -7.732604426146e-01 1.095595737047e-03 9.602640152290e-03 -7.741124140024e-01 1.104119645234e-03 9.752641527935e-03 -7.738372784257e-01 1.024234985544e-03 8.392458444894e-03
3926 -7.729972855449e-01 1.101892168476e-03 9.713330807596e-03 -7.715158022642e-01 9.742484692180e-04 7.593280638189e-03 -7.729847726226e-01 9.906235134984e-04 7.850679563967e-03
3927 -7.736126781702e-01 1.220647752146e-03 1.191984747856e-02 -7.734291461110e-01 1.093854184757e-03 9.572135820084e-03 -7.735273873210e-01 1.116965129868e-03 9.980888810724e-03
3928 -7.729077021480e-01 1.256360892708e-03 1.262754154181e-02 -7.727993329763e-01 1.048874835054e-03 8.801107356868e-03 -7.736673698425e-01 1.080173521357e-03 9.334198689922e-03
3929 -7.716681523323e-01 9.600487895884e-04 7.373549427122e-03 -7.736092498899e-01 1.087565176564e-03 9.462384106202e-03 -7.738333892822e-01 1.117567825487e-03 9.991662756518e-03
3930 -7.732368957400e-01 1.194087076766e-03 1.140675157520e-02 -7.727062093019e-01 1.094975367846e-03 9.591768449513e-03 -7.725512461662e-01 1.004470535637e-03 8.071688455700e-03
3931 -7.729413637519e-01 9.750080143288e-04 7.605125024043e-03 -7.737641059756e-01 1.120740066131e-03 1.004846636666e-02 -7.724513615370e-01 9.493119289786e-04 7.209545108008e-03
3932 -7.724330638647e-01 1.207136779870e-03 1.165743364253e-02 -7.729948232770e-01 1.204242350638e-03 1.160159711257e-02 -7.729111980796e-01 1.014761815138e-03 8.237932331697e-03
3933 -7.707460882068e-01 9.505031438401e-04 7.227649811599e-03 -7.725047212243e-01 1.066728094384e-03 9.103270618789e-03 -7.748322278857e-01 9.923939132978e-04 7.878765433205e-03
3934 -7.716135063171e-01 8.208681679688e-04 5.390596393475e-03 -7.733053180575e-01 1.009524895425e-03 8.153124115869e-03 -7.716311532855e-01 9.508671781973e-04 7.233187124583e-03
3935 -7.735350252390e-01 1.281731171880e-03 1.314267837576e-02 -7.748707568645e-01 1.146534939437e-03 1.051633893880e-02 -7.730646500587e-01 1.042256293217e-03 8.690385445996e-03
3936 -7.708349179029e-01 1.120673803285e-03 1.004727818695e-02 -7.760302380323e-01 1.332396614724e-03 1.420224591142e-02 -7.747716714740e-01 1.209121516133e-03 1.169579872620e-02
3937 -7.722405635118e-01 1.165924042331e-03 1.087503097988e-02 -7.724244551659e-01 1.008186264281e-03 8.131516347883e-03 -7.728183687925e-01 1.091827345321e-03 9.536695615922e-03
3938 -7.737201141119e-01 1.226735668891e-03 1.203904321063e-02 -7.735208762884e-01 9.060173331650e-04 6.566939263963e-03 -7.733856490850e-01 1.055100446893e-03 8.905895624274e-03
3939 -7.725756908059e-01 1.159886277324e-03 1.076268941059e-02 -7.733689040542e-01 1.071772228152e-03 9.189565672301e-03 -7.738929734230e-01 9.526137798915e-04 7.259784109114e-03
3940 -7.743988440633e-01 1.181670447015e-03 1.117076036278e-02 -7.730170633197e-01 1.141672521706e-03 1.042732917456e-02 -7.723315495849e-01 1.004334610720e-03 8.069504082328e-03
3941 -7.726592653394e-01 1.098030517329e-03 9.645368135895e-03 -7.713858179450e-01 1.118975132944e-03 1.001684278518e-02 -7.737574462891e-01 1.206672838296e-03 1.164847470945e-02
3942 -7.722359077930e-01 1.070959695388e-03 9.175637353159e-03 -7.734743080735e-01 1.138052450787e-03 1.036130704595e-02 -7.749722048640e-01 1.198263890193e-03 1.148669080433e-02
3943 -7.719843714833e-01 1.004137674350e-03 8.066339752392e-03 -7.748048940301e-01 9.883298943893e-04 7.814367841148e-03 -7.768154980540e-01 1.218656277125e-03 1.188098497421e-02
3944 -7.718217090368e-01 1.178767644637e-03 1.111594528034e-02 -7.739388368726e-01 1.333285697568e-03 1.422120601072e-02 -7.713362967372e-01 9.767329502983e-04 7.632058049587e-03
3945 -7.711824373007e-01 1.121243484265e-03 1.005749560806e-02 -7.754194687605e-01 1.143475274803e-03 1.046028563269e-02 -7.755803220272e-01 1.194755833164e-03 1.141953200703e-02
3946 -7.726996799707e-01 1.095434529264e-03 9.599814463239e-03 -7.736462914348e-01 1.207355796855e-03 1.166166416159e-02 -7.735857324600e-01 9.254406900369e-04 6.851523766208e-03
3947 -7.711336672306e-01 1.068974363980e-03 9.141649526764e-03 -7.727812287211e-01 1.071678947026e-03 9.187966123994e-03 -7.737462337017e-01 1.068670310876e-03 9.136449866779e-03
3948 -7.714425755739e-01 1.024100470177e-03 8.390254184140e-03 -7.727496322989e-01 9.928359911418e-04 7.885786442452e-03 -7.735381454825e-01 1.033822250192e-03 8.550307559942e-03
3949 -7.720289387107e-01 1.229926174979e-03 1.210174716718e-02 -7.747109375596e-01 1.200864904969e-03 1.153661215989e-02 -7.708917230368e-01 8.733933456554e-04 6.102527489881e-03
3950 -7.738827077746e-01 1.221265211946e-03 1.193190974327e-02 -7.743652355075e-01 1.236024115739e-03 1.222204491750e-02 -7.747133761644e-01 1.259085359099e-03 1.268236753197e-02
3951 -7.732765353322e-01 1.138099758758e-03 1.036216848708e-02 -7.740178161263e-01 1.119288400004e-03 1.002245217907e-02 -7.746166704297e-01 1.192445295350e-03 1.137540625922e-02
3952 -7.724266836643e-01 1.007604368316e-03 8.122132504395e-03 -7.730963821411e-01 1.014535362226e-03 8.234256009652e-03 -7.748195753098e-01 1.096915122404e-03 9.625782286070e-03
3953 -7.727887813449e-01 1.139032012747e-03 1.037915140851e-02 -7.739086401463e-01 1.119187673402e-03 1.002064838636e-02 -7.742448860407e-01 1.031628312152e-03 8.514055795468e-03
3954 -7.723802415133e-01 1.151021307901e-03 1.059880040993e-02 -7.748040133715e-01 1.056303279540e-03 8.926212946941e-03 -7.732460827827e-01 9.319556044148e-04 6.948329988801e-03
3955 -7.733680818677e-01 1.117896199384e-03 9.997535300782e-03 -7.750450423360e-01 1.132495914107e-03 1.026037596375e-02 -7.718249552250e-01 9.549059555831e-04 7.294763072065e-03
3956 -7.722873957753e-01 9.874978142759e-04 7.801215465597e-03 -7.738072122931e-01 9.773918518344e-04 7.642358656258e-03 -7.726016266942e-01 1.057242466202e-03 8.942093058732e-03
3957 -7.724843624234e-01 9.659954670982e-04 7.465177939634e-03 -7.738064671159e-01 1.137483531763e-03 1.035095028025e-02 -7.725374097228e-01 9.510621115302e-04 7.236153119906e-03
3958 -7.718926452398e-01 1.230740459277e-03 1.211777662482e-02 -7.724324135780e-01 9.588614025981e-04 7.355321515139e-03 -7.739473278522e-01 1.069413776386e-03 9.149166600985e-03
3959 -7.729591872096e-01 1.088658006884e-03 9.481410047614e-03 -7.729059954882e-01 1.102182099138e-03 9.718443037284e-03 -7.743900732398e-01 1.149754785483e-03 1.057548853393e-02
3960 -7.724198676348e-01 1.035139379826e-03 8.572108285340e-03 -7.739978104830e-01 1.057226554140e-03 8.941823894229e-03 -7.710561072230e-01 8.610793528755e-04 5.931661215588e-03
3961 -7.726202646494e-01 1.111004244962e-03 9.874643458589e-03 -7.732942793369e-01 1.046037564719e-03 8.753556694431e-03 -7.734225475192e-01 1.048694526036e-03 8.798081671503e-03
3962 -7.715296825767e-01 1.005472091071e-03 8.087793007374e-03 -7.737331019640e-01 1.053689982418e-03 8.882100632384e-03 -7.732855376005e-01 1.159057227844e-03 1.074730925934e-02
3963 -7.739608023167e-01 1.235425451589e-03 1.221020837147e-02 -7.747498567104e-01 1.035029423537e-03 8.570287260693e-03 -7.721757977009e-01 1.064890071362e-03 9.071926912678e-03
3964 -7.713173940182e-01 1.180706691579e-03 1.115254633231e-02 -7.731707953215e-01 1.168586293251e-03 1.092475139819e-02 -7.725888529420e-01 1.076771622820e-03 9.275497021685e-03
3965 -7.716566954851e-01 1.064142723350e-03 9.059197885265e-03 -7.729104125500e-01 9.774105252161e-04 7.642650678426e-03 -7.729275091887e-01 1.148153550729e-03 1.054605260841e-02
3966 -7.713769208193e-01 1.099973291544e-03 9.679529936889e-03 -7.720017230511e-01 1.158710935075e-03 1.074088824850e-02 -7.718545445204e-01 1.057104965664e-03 8.939767267458e-03
3967 -7.728562441468e-01 1.368641810178e-03 1.498544323654e-02 -7.763279678822e-01 1.319280477024e-03 1.392400781644e-02 -7.726132531762e-01 1.141151612453e-03 1.041781602084e-02
3968 -7.723602710366e-01 1.126086636552e-03 1.014456890416e-02 -7.735801050067e-01 1.076959475408e-03 9.278733693362e-03 -7.709026515484e-01 9.364412156179e-04 7.015377202463e-03
3969 -7.712929836512e-01 9.707381309234e-04 7.538660150629e-03 -7.730167885423e-01 1.044623324046e-03 8.729903113124e-03 -7.730954701900e-01 9.634596021997e-04 7.426035240567e-03
3970 -7.707627955675e-01 9.642368079794e-04 7.438020974899e-03 -7.742664793134e-01 1.366905675596e-03 1.494744900781e-02 -7.725634581447e-01 9.134100261003e-04 6.674543006245e-03
3971 -7.719821366072e-01 9.891523251105e-04 7.827378578171e-03 -7.747003038526e-01 1.109887890051e-03 9.854809027863e-03 -7.727570261955e-01 1.023068273633e-03 8.373349540118e-03
3972 -7.709096535444e-01 1.056696073144e-03 8.932852727989e-03 -7.751133118868e-01 9.789302933772e-04 7.666436154333e-03 -7.722288767695e-01 9.205304426622e-04 6.779010366944e-03
3973 -7.720638874173e-01 9.533295089819e-04 7.270697221566e-03 -7.712154440880e-01 1.033957135957e-03 8.552538871971e-03 -7.733482718468e-01 1.143056716559e-03 1.045262925816e-02
3974 -7.733130800724e-01 1.154139508621e-03 1.065630404288e-02 -7.742037717700e-01 1.244149795155e-03 1.238326970228e-02 -7.721737670898e-01 1.016816067688e-03 8.271319324073e-03
3975 -7.721287752986e-01 9.587040081543e-04 7.352907002009e-03 -7.741275817752e-01 1.187770921128e-03 1.128639808862e-02 -7.751179371476e-01 1.040783693621e-03 8.665845575265e-03
3976 -7.700805431008e-01 1.052290214934e-03 8.858517571571e-03 -7.740452252030e-01 1.139105835917e-03 1.038049684336e-02 -7.740354968905e-01 1.011453300701e-03 8.184302235999e-03
3977 -7.707490198612e-01 9.741252580338e-04 7.591360146715e-03 -7.743228173852e-01 1.042028200871e-03 8.686582171282e-03 -7.732119095922e-01 1.049592646779e-03 8.813157793385e-03
3978 -7.715585666299e-01 1.004989062245e-03 8.080024121849e-03 -7.741448950768e-01 9.682848899808e-04 7.500605025322e-03 -7.732145059109e-01 1.092595198731e-03 9.550114146314e-03
3979 -7.723233374357e-01 1.120745751747e-03 1.004856832047e-02 -7.724413061142e-01 1.135160804557e-03 1.030872041763e-02 -7.749184985161e-01 1.119539383590e-03 1.002694745127e-02
3980 -7.707192888856e-01 1.152420571317e-03 1.062458538555e-02 -7.738945459723e-01 1.421877202825e-03 1.617387823932e-02 -7.745871083140e-01 1.239454106282e-03 1.228997185263e-02
3981 -7.731556926966e-01 1.271239465975e-03 1.292839823882e-02 -7.739881728888e-01 1.113964004613e-03 9.927326428582e-03 -7.737649642825e-01 1.288802177697e-03 1.328808842590e-02
3982 -7.734396544695e-01 1.284245478432e-03 1.319429159098e-02 -7.739992448092e-01 1.130833619842e-03 1.023027740612e-02 -7.734484020472e-01 1.225812222280e-03 1.202092483433e-02
3983 -7.753115957379e-01 1.339201288740e-03 1.434768073410e-02 -7.720126543045e-01 1.119935493014e-03 1.003404406811e-02 -7.730849398375e-01 1.131924233294e-03 1.025001975935e-02
3984 -7.718424773812e-01 1.097526184590e-03 9.636509806877e-03 -7.720522019863e-01 1.096119296426e-03 9.611820095987e-03 -7.740622432232e-01 1.021931853347e-03 8.354757703080e-03
3985 -7.732911422253e-01 1.162260744669e-03 1.080680030878e-02 -7.704016545415e-01 8.971197442611e-04 6.438590684344e-03 -7.727599868774e-01 9.278330709188e-04 6.886993659925e-03
3986 -7.720655810833e-01 1.085823746932e-03 9.432105675216e-03 -7.729976546764e-01 1.143935415564e-03 1.046870587985e-02 -7.723844394088e-01 9.931702693247e-04 7.891097470964e-03
3987 -7.721733540297e-01 1.063451180885e-03 9.047427312998e-03 -7.726801549196e-01 1.113476891203e-03 9.918646297942e-03 -7.737592033148e-01 1.183440554033e-03 1.120425235943e-02
3988 -7.707725982666e-01 1.094943978222e-03 9.591218523556e-03 -7.741378692985e-01 1.048642263209e-03 8.797204769499e-03 -7.716548863649e-01 9.288979879442e-04 6.902811776055e-03
3989 -7.723385999203e-01 9.968220779378e-04 7.949234040513e-03 -7.720291743279e-01 9.670521201770e-04 7.481518425111e-03 -7.712908185720e-01 9.093230993787e-04 6.614947992509e-03
3990 -7.724521234035e-01 1.338332354741e-03 1.432906793397e-02 -7.727882544994e-01 9.602564784750e-04 7.376740035626e-03 -7.729983310699e-01 1.050473753038e-03 8.827960846577e-03
3991 -7.741802166104e-01 1.021619223743e-03 8.349646706567e-03 -7.712612022758e-01 1.045518366582e-03 8.744869238885e-03 -7.728392477632e-01 1.047125849106e-03 8.771780350928e-03
3992 -7.728685002327e-01 1.110015818043e-03 9.857080930447e-03 -7.715392660499e-01 1.104688817829e-03 9.762699073895e-03 -7.724875305295e-01 9.484317880399e-04 7.196182852516e-03
3993 -7.721860839725e-01 1.034755660826e-03 8.565754220895e-03 -7.754266692400e-01 1.275688145463e-03 1.301904195579e-02 -7.731927621961e-01 9.160174125038e-04 6.712703200082e-03
3994 -7.727019608021e-01 1.255477288415e-03 1.260978577380e-02 -7.743487263322e-01 1.205393502305e-03 1.162378796320e-02 -7.745513583422e-01 1.204196608526e-03 1.160071577588e-02
3995 -7.706445739865e-01 1.160687925190e-03 1.077757167746e-02 -7.729667484164e-01 1.158795903838e-03 1.074246357402e-02 -7.715496883988e-01 1.136320883137e-03 1.032980119562e-02
3996 -7.745202699304e-01 9.910174366203e-04 7.856924477484e-03 -7.728080056906e-01 1.038742596068e-03 8.631889447085e-03 -7.716067307591e-01 9.697308102127e-04 7.523022754206e-03
3997 -7.709822722077e-01 1.002002331108e-03 8.032069372359e-03 -7.739560648799e-01 1.168618649917e-03 1.092535639147e-02 -7.731227996349e-01 1.081572279802e-03 9.358388771493e-03
3998 -7.731804340482e-01 1.070032340066e-03 9.159753670298e-03 -7.723194265962e-01 1.082384062604e-03 9.372442071840e-03 -7.722175541520e-01 1.138701984484e-03 1.037313767574e-02
3999 -7.713803849220e-01 1.176386668504e-03 1.107108475068e-02 -7.732090647817e-01 1.185705106683e-03 1.124717280011e-02 -7.736973027587e-01 1.159410020978e-03 1.075385277396e-02
4000 -7.728899486661e-01 1.238502536863e-03 1.227110827053e-02 -7.722712983489e-01 1.000350483089e-03 8.005608712127e-03 -7.719385555983e-01 1.140947091245e-03 1.041408212017e-02
4001 -7.715935711861e-01 1.087587748014e-03 9.462776877040e-03 -7.733496162891e-01 1.233121886738e-03 1.216471670042e-02 -7.738604100347e-01 9.636152222519e-04 7.428434372445e-03
4002 -7.720975053310e-01 1.074531956249e-03 9.236951400000e-03 -7.728157412410e-01 1.086062475549e-03 9.436253606361e-03 -7.731766028404e-01 9.978288192671e-04 7.965298820480e-03
4003 -7.713360850215e-01 1.098377083483e-03 9.651457740167e-03 -7.739896380305e-01 9.937419320325e-04 7.900184219837e-03 -7.738004717231e-01 1.195504598061e-03 1.143384995188e-02
4004 -7.725920244455e-01 1.081754995506e-03 9.361550962422e-03 -7.729675011039e-01 1.060600333904e-03 8.998984546218e-03 -7.741850439310e-01 1.235806844673e-03 1.221774845873e-02
4005 -7.730074329972e-01 1.240302046312e-03 1.230679332868e-02 -7.753898290396e-01 1.100971679838e-03 9.697109118434e-03 -7.736269406080e-01 9.634489428569e-04 7.425870923936e-03
4006 -7.704075198174e-01 1.051918683738e-03 8.852263337571e-03 -7.738708980083e-01 1.145260038413e-03 1.049296444469e-02 -7.737596411109e-01 1.133008343868e-03 1.026966325820e-02
4007 -7.725829355717e-01 9.589328861190e-04 7.356418240644e-03 -7.737562162876e-01 1.124498833726e-03 1.011598101641e-02 -7.729120829105e-01 1.036752947131e-03 8.598853387078e-03
4008 -7.736631324291e-01 1.298850982517e-03 1.349611099828e-02 -7.743210537434e-01 1.112893173206e-03 9.908249719754e-03 -7.738125501275e-01 1.012583691716e-03 8.202605861833e-03
4009 -7.740770649314e-01 1.248515483173e-03 1.247032729377e-02 -7.736435016394e-01 1.029554031815e-03 8.479852035414e-03 -7.740262998343e-01 9.270221526431e-04 6.874960571928e-03
4010 -7.733072986603e-01 1.172166629660e-03 1.099179686151e-02 -7.724728608131e-01 1.029543828946e-03 8.479683965765e-03 -7.716148006916e-01 1.050275200854e-03 8.824623980233e-03
4011 -7.744658294916e-01 1.256222305418e-03 1.262475584503e-02 -7.736976089478e-01 1.056376843613e-03 8.927456285779e-03 -7.729453228116e-01 1.212823596331e-03 1.176752860654e-02
4012 -7.740649188757e-01 1.220760849541e-03 1.192205641418e-02 -7.734206855297e-01 1.068129736374e-03 9.127209069813e-03 -7.719716581106e-01 1.153780542764e-03 1.064967632688e-02
4013 -7.708848133087e-01 9.113234775184e-04 6.644083845409e-03 -7.743196364641e-01 9.553313167253e-04 7.301263397729e-03 -7.718404611945e-01 1.148963351254e-03 1.056093426019e-02
4014 -7.737430412173e-01 1.171020292868e-03 1.097030821048e-02 -7.744050275683e-01 1.127947515881e-03 1.017812478866e-02 -7.723649771214e-01 9.869464231276e-04 7.792505936996e-03
4015 -7.728466260433e-01 1.195920667888e-03 1.144180995106e-02 -7.719575956464e-01 1.003480193509e-03 8.055779990120e-03 -7.731707383394e-01 1.103602898653e-03 9.743514863314e-03
4016 -7.726107919216e-01 1.153211175157e-03 1.063916811605e-02 -7.737272017598e-01 9.630192020325e-04 7.419247867867e-03 -7.740057959557e-01 1.145036550227e-03 1.048886961085e-02
4017 -7.730783267021e-01 1.206899137031e-03 1.165284421572e-02 -7.726707027555e-01 1.072369370141e-03 9.199808528137e-03 -7.735423130989e-01 9.820649984040e-04 7.715613288722e-03
4018 -7.713679888248e-01 1.051805098971e-03 8.850351729773e-03 -7.729066759944e-01 1.077965239158e-03 9.296072454656e-03 -7.718727626204e-01 1.020315602067e-03 8.328351422577e-03
4019 -7.723220589161e-01 1.066918913818e-03 9.106527749301e-03 -7.726772000790e-01 1.073609262427e-03 9.221094786961e-03 -7.720986013412e-01 1.043564303542e-03 8.712211645022e-03
4020 -7.757946430445e-01 1.228739140911e-03 1.207839901125e-02 -7.737837046385e-01 1.088041088348e-03 9.470667279476e-03 -7.723605269194e-01 9.606888094989e-04 7.383383909571e-03
4021 -7.735726592541e-01 9.912889010682e-04 7.861229483049e-03 -7.735275385380e-01 1.074971184181e-03 9.244504374553e-03 -7.723219438195e-01 1.128569854102e-03 1.018935932471e-02
4022 -7.721805920601e-01 1.066820249690e-03 9.104843561198e-03 -7.727629127502e-01 1.103759402480e-03 9.746278548503e-03 -7.750426532030e-01 1.153122177638e-03 1.063752605248e-02
4023 -7.708637949824e-01 1.139143327357e-03 1.038118016209e-02 -7.736992741227e-01 1.002577950112e-03 8.041300368409e-03 -7.734242511988e-01 1.085753511528e-03 9.430885502360e-03
4024 -7.726897587776e-01 1.309768357375e-03 1.372394519984e-02 -7.723814544678e-01 1.070059986397e-03 9.160226995903e-03 -7.726290891171e-01 1.249399684017e-03 1.248799656336e-02
4025 -7.733484050632e-01 1.182159593460e-03 1.118001043527e-02 -7.725490955710e-01 1.212876587597e-03 1.176855693393e-02 -7.731450708508e-01 1.086878534394e-03 9.450439588205e-03
4026 -7.723206899762e-01 1.103785733953e-03 9.746743571833e-03 -7.719159733057e-01 1.019547317496e-03 8.315813860912e-03 -7.722212792039e-01 1.092264342708e-03 9.544331154814e-03
4027 -7.723455430269e-01 1.371048055384e-03 1.503818216138e-02 -7.715162314177e-01 9.677622681793e-04 7.492510461692e-03 -7.734456852078e-01 1.158003140235e-03 1.072777018235e-02
4028 -7.717229893208e-01 1.061492941247e-03 9.014138114541e-03 -7.744128375053e-01 1.089881698000e-03 9.502736925088e-03 -7.734170070887e-01 1.066956758824e-03 9.107173801605e-03
4029 -7.707797747850e-01 1.044488481976e-03 8.727649511838e-03 -7.745416924953e-01 1.293951022998e-03 1.339447399933e-02 -7.728672093749e-01 9.506864811798e-04 7.230438283985e-03
4030 -7.721583545208e-01 1.150205258859e-03 1.058377710006e-02 -7.730525397658e-01 9.584584042761e-04 7.349140101820e-03 -7.727992907763e-01 9.727877555487e-04 7.570528138763e-03
4031 -7.735857084394e-01 1.143615565005e-03 1.046285248418e-02 -7.725755844116e-01 9.628664211429e-04 7.416893959716e-03 -7.731290600300e-01 1.100120335240e-03 9.682118016062e-03
4032 -7.711044420004e-01 1.131910546207e-03 1.024977187692e-02 -7.736779456139e-01 9.329673250344e-04 6.963424236655e-03 -7.719909806252e-01 1.109035217508e-03 9.839672909380e-03
4033 -7.706058059335e-01 1.113502262051e-03 9.919098300742e-03 -7.709950148463e-01 9.949761421729e-04 7.919820187945e-03 -7.744622504711e-01 1.241077838073e-03 1.232219360124e-02
4034 -7.731271212697e-01 1.227120179894e-03 1.204659148723e-02 -7.729178684950e-01 1.226756146956e-03 1.203944515276e-02 -7.732010865211e-01 1.125272814035e-03 1.012991124805e-02
4035 -7.711886923909e-01 1.123656302118e-03 1.010082788232e-02 -7.739575159550e-01 9.827471495158e-04 7.726335679052e-03 -7.724490010738e-01 1.059980427740e-03 8.988468057541e-03
4036 -7.728369933963e-01 1.140652155505e-03 1.040869871887e-02 -7.720612683892e-01 1.199730665239e-03 1.151482935291e-02 -7.725472382307e-01 9.696422078482e-04 7.521648089926e-03
4037 -7.716088991165e-01 1.077945718384e-03 9.295735774252e-03 -7.742038486004e-01 1.227299065432e-03 1.205010396808e-02 -7.739359742999e-01 9.963195924712e-04 7.941221842736e-03
4038 -7.732527218461e-01 1.206350604006e-03 1.164225423828e-02 -7.732160250545e-01 1.176219945778e-03 1.106794688677e-02 -7.740674955845e-01 1.215015134292e-03 1.181009421247e-02
4039 -7.723387342691e-01 1.063103423440e-03 9.041511111443e-03 -7.746329427958e-01 1.154682309488e-03 1.066632988675e-02 -7.721106416583e-01 1.074118251241e-03 9.229840141195e-03
4040 -7.727277595997e-01 1.351252448018e-03 1.460706542619e-02 -7.723032188416e-01 9.380351456870e-04 7.039279476353e-03 -7.741621704102e-01 1.060930970662e-03 9.004596196077e-03
4041 -7.738644465208e-01 1.129007556695e-03 1.019726450460e-02 -7.731914144158e-01 1.032646423204e-03 8.530869082847e-03 -7.721617315412e-01 1.045966052783e-03 8.752359868598e-03
4042 -7.719828336835e-01 1.086063639757e-03 9.436273836814e-03 -7.735050061941e-01 1.073752200252e-03 9.223550300375e-03 -7.715609766245e-01 9.256109867975e-04 6.854045591043e-03
4043 -7.710360054970e-01 1.266744615141e-03 1.283713535991e-02 -7.747935162187e-01 1.187101597226e-03 1.127368161708e-02 -7.723490897417e-01 9.583152526724e-04 7.346944988036e-03
4044 -7.721688232422e-01 9.011339663558e-04 6.496339402561e-03 -7.736327939630e-01 1.187808042473e-03 1.128710356610e-02 -7.723849578500e-01 1.057295759009e-03 8.942994576147e-03
4045 -7.723702867627e-01 1.175989815757e-03 1.106361637411e-02 -7.720312914252e-01 9.022929147941e-04 6.513060032701e-03 -7.729382060170e-01 1.191466274153e-03 1.135673505956e-02
4046 -7.738145534396e-01 1.148722294981e-03 1.055650328789e-02 -7.722729642987e-01 8.627109331367e-04 5.954161233229e-03 -7.715270836949e-01 1.096263384724e-03 9.614347269495e-03
4047 -7.750865229964e-01 1.128036610048e-03 1.017973274887e-02 -7.715722621679e-01 9.371183811224e-04 7.025526881900e-03 -7.726929389834e-01 1.091146383749e-03 9.524803446149e-03
4048 -7.721268713474e-01 1.216979379824e-03 1.184831048734e-02 -7.722900922298e-01 1.176327469144e-03 1.106997051730e-02 -7.724433597922e-01 1.149146089246e-03 1.056429387543e-02
4049 -7.732084350586e-01 1.086910544889e-03 9.450996260723e-03 -7.740248214006e-01 1.117532477325e-03 9.991030703016e-03 -7.704238577485e-01 9.756145280214e-04 7.614589658291e-03
4050 -7.744196534753e-01 1.117222116034e-03 9.985482052440e-03 -7.729153009057e-01 1.104257931907e-03 9.755084641442e-03 -7.724322544336e-01 1.088089645374e-03 9.471512610957e-03
4051 -7.737772730589e-01 1.080985799576e-03 9.348242391072e-03 -7.718812668324e-01 9.913161028061e-04 7.861660925462e-03 -7.739867967963e-01 1.025108576844e-03 8.406780754550e-03
4052 -7.728581300378e-01 1.243221695085e-03 1.236480146504e-02 -7.729915813804e-01 1.046731685876e-03 8.765177777737e-03 -7.723828465343e-01 9.626690870418e-04 7.413854169167e-03
4053 -7.747535568476e-01 1.115583255879e-03 9.956208006380e-03 -7.732216129303e-01 1.184569356524e-03 1.122563648332e-02 -7.731672234535e-01 1.220555590158e-03 1.191804758933e-02
4054 -7.715275034904e-01 1.163717152391e-03 1.083390088614e-02 -7.735266070962e-01 1.039670672998e-03 8.647320866339e-03 -7.730296802521e-01 1.040018895662e-03 8.653114426678e-03
4055 -7.730021345019e-01 1.079269247644e-03 9.318576871278e-03 -7.747003634572e-01 1.095097722265e-03 9.593912170482e-03 -7.730058554411e-01 9.445679548887e-04 7.137668971222e-03
4056 -7.713561281562e-01 1.161246386200e-03 1.078794535571e-02 -7.737277795672e-01 1.066920609165e-03 9.106556690082e-03 -7.751526444554e-01 1.175275548747e-03 1.105018092385e-02
4057 -7.715126206875e-01 1.129205100248e-03 1.020083326742e-02 -7.719890804291e-01 1.078835271596e-03 9.311084345925e-03 -7.741007692814e-01 1.134863615044e-03 1.030332339801e-02
4058 -7.732997372746e-01 1.114929659137e-03 9.944545158581e-03 -7.729062077403e-01 8.908651685706e-04 6.349125988579e-03 -7.718227210045e-01 1.026442810298e-03 8.428678742493e-03
4059 -7.734617082477e-01 1.153240331178e-03 1.063970609164e-02 -7.719617605805e-01 1.009862993613e-03 8.158586126952e-03 -7.714315705299e-01 1.080744912132e-03 9.344076520788e-03
4060 -7.732640179992e-01 1.198391098261e-03 1.148912979513e-02 -7.724932264686e-01 1.049791287637e-03 8.816493980791e-03 -7.742049286366e-01 1.239120954212e-03 1.228336591335e-02
4061 -7.728474280238e-01 1.046194057687e-03 8.756176050724e-03 -7.710432733297e-01 9.746340080758e-04 7.599291597582e-03 -7.723671284914e-01 1.030197855667e-03 8.490460974570e-03
4062 -7.723797110319e-01 1.054833957910e-03 8.901397430079e-03 -7.736190426946e-01 1.137303245454e-03 1.034766937697e-02 -7.757911889553e-01 1.186970965996e-03 1.127120059295e-02
4063 -7.735755514503e-01 1.152772664030e-03 1.063107851947e-02 -7.729380845428e-01 1.051732156242e-03 8.849124227784e-03 -7.728236998916e-01 1.000133050521e-03 8.002128949963e-03
4064 -7.729214192033e-01 1.042231734990e-03 8.689975915363e-03 -7.721066470146e-01 9.305343658001e-04 6.927153647481e-03 -7.718971311450e-01 8.673284224869e-04 6.018068739629e-03
4065 -7.734389250875e-01 1.067417485207e-03 9.115040701810e-03 -7.741896982193e-01 1.154912902542e-03 1.067059049966e-02 -7.720270947218e-01 1.099645952956e-03 9.673769774815e-03
4066 -7.702370284200e-01 1.086106528146e-03 9.437019123848e-03 -7.728291810751e-01 1.054850319217e-03 8.901673567616e-03 -7.714719851017e-01 1.004536651000e-03 8.072751065613e-03
4067 -7.737545117736e-01 1.051659798052e-03 8.847906646708e-03 -7.719735341072e-01 9.624034602320e-04 7.409763362133e-03 -7.720071505308e-01 1.056448762407e-03 8.928671900723e-03
4068 -7.737973216772e-01 1.001106054843e-03 8.017706664339e-03 -7.745941812396e-01 1.288813274027e-03 1.328831724247e-02 -7.736108554006e-01 1.178401149974e-03 1.110903416209e-02
4069 -7.725260912776e-01 9.779582607259e-04 7.651218877776e-03 -7.758746756911e-01 1.150106248627e-03 1.058195506505e-02 -7.719597145915e-01 9.097123716632e-04 6.620612793257e-03
4070 -7.719879502058e-01 9.924411738138e-04 7.879515867847e-03 -7.729887774587e-01 1.140808783552e-03 1.041155744504e-02 -7.733360756040e-01 1.193310764541e-03 1.139192464616e-02
4071 -7.726469171643e-01 1.036710108514e-03 8.598142792756e-03 -7.746112142205e-01 1.221152097367e-03 1.192969955924e-02 -7.743118808270e-01 1.020893944059e-03 8.337795560128e-03
4072 -7.716223357320e-01 1.085869605579e-03 9.432902402568e-03 -7.732259134054e-01 1.034951948743e-03 8.569004289654e-03 -7.731393567324e-01 1.000031473536e-03 8.000503584502e-03
4073 -7.711691851020e-01 1.109299301235e-03 9.844359517755e-03 -7.717815896869e-01 1.043001785995e-03 8.702821804706e-03 -7.732034544349e-01 1.175650270371e-03 1.105722846579e-02
4074 -7.717136564851e-01 1.390117775582e-03 1.545941943990e-02 -7.747754666805e-01 1.219585856385e-03 1.189911728876e-02 -7.718270383477e-01 1.035870602291e-03 8.584223237533e-03
4075 -7.724972098470e-01 1.009868033025e-03 8.158667553014e-03 -7.737771029472e-01 1.169434722252e-03 1.094062055687e-02 -7.739867172837e-01 1.141281564871e-03 1.042018888252e-02
4076 -7.716722145677e-01 1.155742480347e-03 1.068592544703e-02 -7.746746360660e-01 1.191433591768e-03 1.135611202874e-02 -7.742035024762e-01 9.998382546551e-04 7.997412283774e-03
4077 -7.742614626288e-01 1.305998140066e-03 1.364504913485e-02 -7.735951232314e-01 1.078637639981e-03 9.307673267067e-03 -7.727847474217e-01 1.077897074180e-03 9.294896820204e-03
4078 -7.730394629836e-01 1.190009859782e-03 1.132898773102e-02 -7.735641236901e-01 1.014138679848e-03 8.227818095714e-03 -7.728688114882e-01 1.150363172847e-03 1.058668343554e-02
4079 -7.721620942950e-01 1.182547613155e-03 1.118735085902e-02 -7.725040023327e-01 1.077557836029e-03 9.289047119906e-03 -7.725010783672e-01 9.963941171543e-04 7.942409893598e-03
4080 -7.710735360384e-01 1.241579025172e-03 1.233214780597e-02 -7.735147777796e-01 1.136942390772e-03 1.034110399948e-02 -7.734247265458e-01 1.020465642061e-03 8.330801013010e-03
4081 -7.733398975730e-01 9.554056548447e-04 7.302399722474e-03 -7.744963315129e-01 1.190169693693e-03 1.133203119828e-02 -7.734781179428e-01 9.988923627855e-04 7.982287619449e-03
4082 -7.712743780613e-01 1.049915477440e-03 8.818580078143e-03 -7.731202062368e-01 1.078006051911e-03 9.296776383645e-03 -7.713625268340e-01 9.757384523642e-04 7.616524219377e-03
4083 -7.734393631220e-01 1.150488109234e-03 1.058898311591e-02 -7.738042870760e-01 1.054486159105e-03 8.895528477955e-03 -7.720905361176e-01 1.092535674420e-03 9.549073599048e-03
4084 -7.723261420131e-01 1.062933977039e-03 9.038629116352e-03 -7.739650326967e-01 1.131543030637e-03 1.024311704147e-02 -7.744853249192e-01 1.160738625359e-03 1.077851325120e-02
4085 -7.704717048407e-01 1.076807502285e-03 9.276115175823e-03 -7.732324604988e-01 1.352992733373e-03 1.464471469249e-02 -7.735729481578e-01 1.179020997460e-03 1.112072409962e-02
4086 -7.732382572889e-01 1.140325206472e-03 1.040273261213e-02 -7.727555720806e-01 1.072976953372e-03 9.210236339747e-03 -7.729291535020e-01 1.018711302194e-03 8.302181737748e-03
4087 -7.720463823080e-01 1.091142826790e-03 9.524741347644e-03 -7.740594939590e-01 1.164207888115e-03 1.084304005400e-02 -7.737414915562e-01 1.125868656628e-03 1.014064185583e-02
4088 -7.730301892161e-01 1.123623129060e-03 1.010023148927e-02 -7.731848233342e-01 1.093068600524e-03 9.558391723615e-03 -7.725539407730e-01 1.090665518329e-03 9.516410182975e-03
4089 -7.721832870841e-01 1.016652270578e-03 8.268654714164e-03 -7.750174130797e-01 1.078851838038e-03 9.311370307495e-03 -7.725163592100e-01 9.411165523118e-04 7.085602920282e-03
4090 -7.706714162230e-01 1.184806528861e-03 1.123013208665e-02 -7.728492271900e-01 1.052598211567e-03 8.863703959952e-03 -7.725743528008e-01 1.062083584302e-03 9.024172320350e-03
4091 -7.716148948669e-01 9.476184572007e-04 7.183845923420e-03 -7.713759941459e-01 1.020496158926e-03 8.331299283061e-03 -7.743624876738e-01 1.047385438802e-03 8.776130059317e-03
4092 -7.749328262210e-01 1.130323084161e-03 1.022104219671e-02 -7.730604879856e-01 1.141360603267e-03 1.042163221352e-02 -7.726993984580e-01 9.392187256034e-04 7.057054516192e-03
4093 -7.735966877341e-01 1.304956728085e-03 1.362329649740e-02 -7.728959487081e-01 9.972588830003e-04 7.956202237785e-03 -7.715480912924e-01 9.789398856860e-04 7.666586398296e-03
4094 -7.723036937118e-01 1.090845078546e-03 9.519543883106e-03 -7.721352202892e-01 1.081136438724e-03 9.350847993092e-03 -7.731494441032e-01 1.058628738168e-03 8.965558442199e-03
4095 -7.738887585998e-01 1.126529284080e-03 1.015254582313e-02 -7.733954199553e-01 1.268479458277e-03 1.287232108857e-02 -7.718687291145e-01 9.829461228765e-04 7.729464643824e-03
4096 -7.720508766770e-01 1.137129945278e-03 1.034451609958e-02 -7.736394825578e-01 1.123345625372e-03 1.009524315235e-02 -7.729062997699e-01 1.145384016534e-03 1.049523636266e-02
4097 -7.727523111105e-01 1.093531876583e-03 9.566495720832e-03 -7.704588825107e-01 1.023864989294e-03 8.386396130418e-03 -7.730259052515e-01 9.936796675970e-04 7.899194254366e-03
4098 -7.739812108874e-01 1.310533699127e-03 1.373998861238e-02 -7.728287882209e-01 1.018216777261e-03 8.294123243966e-03 -7.726324970722e-01 1.203867493056e-03 1.159437552670e-02
4099 -7.720919388533e-01 1.074651122244e-03 9.239000276326e-03 -7.720204584002e-01 1.092464058059e-03 9.547821745212e-03 -7.729751294255e-01 1.055109471071e-03 8.906047967542e-03
4100 -7.722878948450e-01 1.072610710298e-03 9.203949886760e-03 -7.719264061451e-01 1.022599191437e-03 8.365672850629e-03 -7.724709476233e-01 1.063287903581e-03 9.044649327211e-03
4101 -7.727501139641e-01 1.074480174509e-03 9.236061163310e-03 -7.752162497640e-01 1.185655614995e-03 1.124623389896e-02 -7.707099761963e-01 1.083026995133e-03 9.383579777491e-03
4102 -7.714531828165e-01 1.147841773436e-03 1.054032589476e-02 -7.743953087330e-01 1.043969602058e-03 8.718980240174e-03 -7.733155751228e-01 1.065386699273e-03 9.080390551909e-03
4103 -7.719597101808e-01 1.115324954494e-03 9.951598032937e-03 -7.735543909073e-01 1.054205754351e-03 8.890798180056e-03 -7.727223114967e-01 9.269549467399e-04 6.873963786285e-03
4104 -7.731001904607e-01 1.078632115034e-03 9.307577916657e-03 -7.723405320048e-01 1.116236873658e-03 9.967878064913e-03 -7.724558568597e-01 8.793630677795e-04 6.186235239796e-03
4105 -7.709622917771e-01 9.976577291214e-04 7.962567555806e-03 -7.727027835250e-01 1.246811380549e-03 1.243630894934e-02 -7.756436571479e-01 1.209344474981e-03 1.170011247333e-02
4106 -7.706912214756e-01 9.247370829462e-04 6.841109380606e-03 -7.735543900728e-01 1.002729449639e-03 8.043730793387e-03 -7.705279802084e-01 1.055666297487e-03 8.915450653204e-03
4107 -7.725625876188e-01 1.200668330990e-03 1.153283552835e-02 -7.730150486231e-01 1.069231052736e-03 9.146040353085e-03 -7.729250171185e-01 1.045039461242e-03 8.736859804428e-03
4108 -7.719453997016e-01 1.152598228460e-03 1.062786140998e-02 -7.750423871875e-01 1.033006016648e-03 8.536811443442e-03 -7.724250565767e-01 1.107175459899e-03 9.806699992013e-03
4109 -7.713260946274e-01 9.061649356128e-04 6.569079124273e-03 -7.718581259847e-01 8.236427098773e-04 5.427098508273e-03 -7.727063070536e-01 1.121840668985e-03 1.006821189272e-02
4110 -7.720098726153e-01 1.007400217077e-03 8.118841578935e-03 -7.727467999458e-01 9.972908864052e-04 7.956712896855e-03 -7.725665166974e-01 1.069111492919e-03 9.143995074337e-03
4111 -7.720979985595e-01 1.254411083152e-03 1.258837732427e-02 -7.731338864565e-01 1.012734316852e-03 8.205046372233e-03 -7.728232680559e-01 9.242331325139e-04 6.833655065892e-03
4112 -7.719469898939e-01 1.016036289365e-03 8.258637930445e-03 -7.745482596159e-01 1.259733482311e-03 1.269542757165e-02 -7.735333077312e-01 1.039843260744e-03 8.650192055319e-03
4113 -7.733687710762e-01 1.252538350967e-03 1.255081856515e-02 -7.724746210575e-01 1.001180962739e-03 8.018906561213e-03 -7.719507415891e-01 9.632088887895e-04 7.422170907545e-03
4114 -7.726337030530e-01 9.163122469979e-04 6.717025071986e-03 -7.725152460337e-01 8.904785554411e-04 6.343616461604e-03 -7.733148744106e-01 1.091124170586e-03 9.524415645094e-03
4115 -7.718379884362e-01 1.143806139221e-03 1.046633987295e-02 -7.719114602208e-01 9.837899495171e-04 7.742741318166e-03 -7.732459279299e-01 1.201997212824e-03 1.155837839709e-02
4116 -7.725666806102e-01 1.062577883094e-03 9.032574061126e-03 -7.726572374702e-01 1.008393315297e-03 8.134856626680e-03 -7.716290686131e-01 1.095134976998e-03 9.594564942756e-03
4117 -7.706545476317e-01 1.148285389574e-03 1.054847468727e-02 -7.726309805512e-01 1.171636819322e-03 1.098186269113e-02 -7.723169285655e-01 1.036374620345e-03 8.592578829565e-03
4118 -7.716120433211e-01 1.066544431660e-03 9.100136197647e-03 -7.733921216726e-01 1.203614832134e-03 1.158950931306e-02 -7.719950513244e-01 1.057549516119e-03 8.947287832354e-03
4119 -7.726922181845e-01 1.157294639178e-03 1.071464705497e-02 -7.743093558550e-01 1.041944330135e-03 8.685183896804e-03 -7.737095779181e-01 1.239845717402e-03 1.229773922368e-02
4120 -7.723549852967e-01 1.073620315638e-03 9.221284657199e-03 -7.739704503417e-01 1.065722564873e-03 9.086116682231e-03 -7.744086808562e-01 1.134938741977e-03 1.030468758433e-02
4121 -7.741376374960e-01 1.179038755598e-03 1.112105909761e-02 -7.739257053733e-01 1.172568350553e-03 1.099933229376e-02 -7.740772379637e-01 1.179383939985e-03 1.112757182315e-02
4122 -7.738886488080e-01 1.279862169978e-03 1.310437739312e-02 -7.740301069617e-01 1.212485939002e-03 1.176097721822e-02 -7.745438517928e-01 1.006751440937e-03 8.108387710624e-03
4123 -7.719904099703e-01 9.869457911862e-04 7.792495957921e-03 -7.741093073487e-01 1.238420140510e-03 1.226947555536e-02 -7.743451027870e-01 1.198057586568e-03 1.148273584587e-02
4124 -7.698560959697e-01 1.003140137835e-03 8.050321089085e-03 -7.743915344477e-01 1.166014184846e-03 1.087671263409e-02 -7.731733671427e-01 1.064975168119e-03 9.073376869672e-03
4125 -7.726569630504e-01 1.060757548490e-03 9.001652613427e-03 -7.731184334755e-01 1.016724734162e-03 8.269833480461e-03 -7.719775295258e-01 1.028360852485e-03 8.460208343393e-03
4126 -7.724186348915e-01 1.055776677902e-03 8.917315148814e-03 -7.725060650110e-01 9.968639016869e-04 7.949901107891e-03 -7.721388083696e-01 1.027340117203e-03 8.443421731321e-03
4127 -7.716573961973e-01 1.048416002061e-03 8.793408907028e-03 -7.709844306707e-01 1.132705417398e-03 1.026417250082e-02 -7.727007284164e-01 1.105886353345e-03 9.783877012109e-03
4128 -7.703782508969e-01 9.703217393092e-04 7.532194222208e-03 -7.734301143289e-01 1.048096743271e-03 8.788054266040e-03 -7.741279270053e-01 1.090062525068e-03 9.505890468467e-03
4129 -7.729548251033e-01 1.218510359153e-03 1.187813996290e-02 -7.732022591829e-01 1.190163372098e-03 1.133191081827e-02 -7.720415735245e-01 9.948356661610e-04 7.917584021328e-03
4130 -7.730768392682e-01 1.243935405099e-03 1.237900233647e-02 -7.721691469550e-01 9.945679536810e-04 7.913323315914e-03 -7.730407819152e-01 9.745562527963e-04 7.598079118915e-03
4131 -7.734020093679e-01 1.091209516233e-03 9.525905666533e-03 -7.720879747272e-01 1.095989204862e-03 9.609538697393e-03 -7.715219570994e-01 9.914477499776e-04 7.863749127486e-03
4132 -7.731664100885e-01 1.228173650113e-03 1.206728411865e-02 -7.723722690940e-01 9.779318060062e-04 7.650804937588e-03 -7.732577956915e-01 9.455501954135e-04 7.152521376372e-03
4133 -7.713663166165e-01 1.000230736412e-03 8.003692208510e-03 -7.725764697790e-01 1.109372245305e-03 9.845654229223e-03 -7.720680080056e-01 1.046537546293e-03 8.761926686406e-03
4134 -7.717310349941e-01 9.758422493927e-04 7.618144765599e-03 -7.742311663032e-01 1.235021057202e-03 1.220221609386e-02 -7.745139966607e-01 1.083549002332e-03 9.392627523641e-03
4135 -7.728848670125e-01 1.265764272915e-03 1.281727355671e-02 -7.727964745760e-01 8.974082028905e-04 6.442731860922e-03 -7.731124969721e-01 1.064586563142e-03 9.066756403386e-03
4136 -7.727936409116e-01 1.181781731536e-03 1.117286448795e-02 -7.730370880961e-01 1.226401108481e-03 1.203247743108e-02 -7.741343778968e-01 1.252317765916e-03 1.254639829463e-02
4137 -7.715340712070e-01 1.080864392744e-03 9.346142684016e-03 -7.738735984564e-01 1.165723673426e-03 1.087129346228e-02 -7.728821477890e-01 1.067792256710e-03 9.121442427913e-03
4138 -7.704691717625e-01 8.898399477289e-04 6.334521060593e-03 -7.716586520672e-01 8.741456041450e-04 6.113044297968e-03 -7.738165368438e-01 1.080669944267e-03 9.342780227532e-03
4139 -7.734253725410e-01 1.063101072201e-03 9.041471117711e-03 -7.746802661419e-01 1.087407896638e-03 9.459647469368e-03 -7.739832145572e-01 1.103156662756e-03 9.735636980669e-03
4140 -7.715376188159e-01 1.036858120485e-03 8.600598096127e-03 -7.743701569438e-01 1.079218662774e-03 9.317703376635e-03 -7.727164137363e-01 1.021555611234e-03 8.348606934757e-03
4141 -7.745450587273e-01 1.086353992538e-03 9.441319976821e-03 -7.722284694314e-01 9.455103348685e-04 7.151918346746e-03 -7.736764538288e-01 1.201774995402e-03 1.155410511659e-02
4142 -7.713557273746e-01 1.133680306075e-03 1.028184829106e-02 -7.745852258801e-01 1.180513670286e-03 1.114890020585e-02 -7.733592927456e-01 1.041960904639e-03 8.685460214370e-03
4143 -7.713379485011e-01 1.080023319847e-03 9.331602971310e-03 -7.736875455976e-01 1.134416738008e-03 1.029521068379e-02 -7.709457305074e-01 9.790766780313e-04 7.668729131719e-03
4144 -7.718256579638e-01 9.837300269728e-04 7.741798127744e-03 -7.727635198832e-01 1.249856631468e-03 1.249713279380e-02 -7.732946857214e-01 1.141530898033e-03 1.042474232931e-02
4145 -7.742240843773e-01 1.231094765880e-03 1.212475458062e-02 -7.742164868712e-01 1.055828316444e-03 8.918187470436e-03 -7.722499365807e-01 9.724973892919e-04 7.566009377437e-03
4146 -7.719645795226e-01 1.137648935766e-03 1.035396080840e-02 -7.741920056939e-01 1.180359882703e-03 1.114599562156e-02 -7.725100633502e-01 9.444857288751e-04 7.136426336390e-03
4147 -7.731526917219e-01 1.150846142267e-03 1.059557474537e-02 -7.728073626161e-01 1.098594499120e-03 9.655278987982e-03 -7.726834275723e-01 1.158061289380e-03 1.072884759968e-02
4148 -7.720404902101e-01 1.018685287685e-03 8.301757722764e-03 -7.706336018443e-01 8.957548165726e-04 6.419013531304e-03 -7.739003194571e-01 1.025817855391e-03 8.418418179518e-03
4149 -7.730496311188e-01 1.094421856530e-03 9.582073600398e-03 -7.720206000209e-01 1.060599144665e-03 8.998964365309e-03 -7.737611035109e-01 1.011286633137e-03 8.181605234899e-03
4150 -7.701681819558e-01 1.058090862281e-03 8.956450182746e-03 -7.743632932305e-01 1.170661639346e-03 1.096358939070e-02 -7.723796469569e-01 1.042646503089e-03 8.696893843222e-03
4151 -7.704693239331e-01 9.379014616723e-04 7.037273214456e-03 -7.730303335190e-01 1.140450504556e-03 1.040501882673e-02 -7.717332096696e-01 9.663125645725e-04 7.470079779606e-03
4152 -7.727919926643e-01 1.245722744794e-03 1.241460125518e-02 -7.722084888220e-01 1.019241981100e-03 8.310833728294e-03 -7.725589094758e-01 9.820064511569e-04 7.714693360911e-03
4153 -7.709966505766e-01 1.112679442676e-03 9.904444337236e-03 -7.756547616720e-01 1.354684525733e-03 1.468136131407e-02 -7.729368761182e-01 1.071368770822e-03 9.182648344745e-03
4154 -7.719615299106e-01 1.225813966586e-03 1.202095904541e-02 -7.714323116541e-01 9.336861347129e-04 6.974158385241e-03 -7.742439613342e-01 1.102922601112e-03 9.731506112352e-03
4155 -7.729264997244e-01 1.153178272337e-03 1.063856102232e-02 -7.750814099312e-01 1.321541097382e-03 1.397176697656e-02 -7.751436101794e-01 1.247764744509e-03 1.245533486112e-02
4156 -7.726840306520e-01 1.169748459986e-03 1.094649167712e-02 -7.725770877004e-01 1.012409028990e-03 8.199776335845e-03 -7.729316009283e-01 1.221648102700e-03 1.193939269464e-02
4157 -7.716344447136e-01 1.086993203811e-03 9.452433801049e-03 -7.726925499439e-01 1.009524986939e-03 8.153125594029e-03 -7.737168719769e-01 1.069238015790e-03 9.146159475282e-03
4158 -7.734031804800e-01 1.100715100167e-03 9.692589853885e-03 -7.744373579621e-01 1.094430104706e-03 9.582218032699e-03 -7.726388853192e-01 1.068098457855e-03 9.126674525370e-03
4159 -7.710961157680e-01 1.080859758504e-03 9.346062540426e-03 -7.745980119109e-01 1.383072992615e-03 1.530312722321e-02 -7.726582644582e-01 1.110382605907e-03 9.863596252013e-03
4160 -7.715757962465e-01 9.308746959252e-04 6.932221596110e-03 -7.729687657356e-01 9.924558019069e-04 7.879748149909e-03 -7.737574989796e-01 1.036387888421e-03 8.592798842124e-03
4161 -7.713326418400e-01 1.100848963532e-03 9.694947524068e-03 -7.717038391829e-01 9.069346442382e-04 6.580243591356e-03 -7.731718970537e-01 1.046467325807e-03 8.760750911860e-03
4162 -7.716985124946e-01 1.133358750385e-03 1.027601645659e-02 -7.735326558352e-01 9.925165328565e-04 7.880712543948e-03 -7.733841547966e-01 1.035149206880e-03 8.572271044033e-03
4163 -7.718544674516e-01 1.029599536695e-03 8.480601647703e-03 -7.733344027400e-01 1.026033719851e-03 8.421961554172e-03 -7.728363159895e-01 1.133541931437e-03 1.027933848261e-02
4164 -7.725068146586e-01 1.109458018850e-03 9.847176764725e-03 -7.749233926535e-01 1.155740067745e-03 1.068588083352e-02 -7.743889038563e-01 1.028890551227e-03 8.468926131240e-03
4165 -7.729821834564e-01 1.187183875920e-03 1.127524444196e-02 -7.727790563107e-01 1.179474572150e-03 1.112928213078e-02 -7.707166640759e-01 8.913893796358e-04 6.356600209021e-03
4166 -7.731059007645e-01 1.071273916379e-03 9.181022431306e-03 -7.728373133540e-01 1.192982908380e-03 1.138566575749e-02 -7.744371190071e-01 1.164003950655e-03 1.083924157712e-02
4167 -7.722893396616e-01 1.146228530761e-03 1.051071875785e-02 -7.719140557051e-01 9.233063019165e-04 6.819956217270e-03 -7.735971657634e-01 1.044741509936e-03 8.731878580661e-03
4168 -7.735314863324e-01 1.106450096100e-03 9.793854521284e-03 -7.729099353552e-01 1.083093831417e-03 9.384737981235e-03 -7.767890462279e-01 1.134947624750e-03 1.030484888740e-02
4169 -7.709357067943e-01 1.031623417887e-03 8.513975010655e-03 -7.749940901995e-01 1.188696538740e-03 1.130399568971e-02 -7.724727585912e-01 9.776286627675e-04 7.646062418116e-03
4170 -7.744061715603e-01 1.250888802795e-03 1.251778237566e-02 -7.742602918744e-01 1.156989650758e-03 1.070900041569e-02 -7.725767595768e-01 1.034057143424e-03 8.554193406923e-03
4171 -7.722973752618e-01 1.144337672931e-03 1.047606967752e-02 -7.737444854379e-01 1.130063979281e-03 1.021635677814e-02 -7.721169276834e-01 1.003068803901e-03 8.049176202867e-03
4172 -7.719142724872e-01 1.097750224841e-03 9.640444449109e-03 -7.752659255862e-01 1.048707768307e-03 8.798303866459e-03 -7.724492433667e-01 8.960711794785e-04 6.423548469536e-03
4173 -7.718035958409e-01 1.003327038674e-03 8.053321172269e-03 -7.730109356046e-01 1.057725040883e-03 8.950258096880e-03 -7.736468584538e-01 1.093696973813e-03 9.569384564220e-03
4174 -7.717115221024e-01 1.100430059519e-03 9.687570527140e-03 -7.722443042994e-01 1.127066707586e-03 1.016223490679e-02 -7.730414192080e-01 1.197219880115e-03 1.146668353073e-02
4175 -7.715519614220e-01 1.026564914908e-03 8.430684196164e-03 -7.746870506406e-01 1.203705545840e-03 1.159125632869e-02 -7.729308572412e-01 1.190089508663e-03 1.133050430903e-02
4176 -7.709656478763e-01 1.040639866087e-03 8.663450647114e-03 -7.725377380848e-01 1.033489911528e-03 8.544811177843e-03 -7.717768635750e-01 1.076493314940e-03 9.270702856877e-03
4177 -7.746694540977e-01 1.257594260042e-03 1.265234658313e-02 -7.750153227448e-01 1.099662930172e-03 9.674068479958e-03 -7.749009271264e-01 1.217786722571e-03 1.186403601337e-02
4178 -7.734472371936e-01 1.175428956206e-03 1.105306584871e-02 -7.726297717094e-01 1.048655201951e-03 8.797421860637e-03 -7.736359775662e-01 9.769378938768e-04 7.635261187939e-03
4179 -7.722230765820e-01 1.073918950687e-03 9.226415301161e-03 -7.745321579576e-01 1.077598887911e-03 9.289754905820e-03 -7.705091986656e-01 1.083800677676e-03 9.396991271452e-03
4180 -7.725103042126e-01 1.167495842786e-03 1.090437234338e-02 -7.720715206861e-01 1.080782166652e-03 9.344720734018e-03 -7.716853343248e-01 9.184273301629e-04 6.748070086321e-03
4181 -7.709882857203e-01 1.133621510436e-03 1.028078183138e-02 -7.733847253919e-01 1.215982806362e-03 1.182891348294e-02 -7.733791719675e-01 1.054015667308e-03 8.887592215443e-03
4182 -7.725443527102e-01 1.138186344837e-03 1.036374524460e-02 -7.731303482652e-01 1.062973570928e-03 9.039302499937e-03 -7.737442548275e-01 1.106431427874e-03 9.793524036696e-03
4183 -7.717088801861e-01 1.071449257856e-03 9.184028097276e-03 -7.749151206017e-01 1.124657002474e-03 1.011882698571e-02 -7.730168190002e-01 1.123533511948e-03 1.009862041977e-02
4184 -7.719973036647e-01 1.119140174760e-03 1.001979784609e-02 -7.764594669342e-01 1.202512579432e-03 1.156829202954e-02 -7.722477065921e-01 1.169430692102e-03 1.094054514904e-02
4185 -7.723715999722e-01 9.775782840989e-04 7.645274412335e-03 -7.733777649403e-01 9.982759240025e-04 7.972438563544e-03 -7.737588106394e-01 1.178388402977e-03 1.110879382617e-02
4186 -7.712632808089e-01 1.014435304361e-03 8.232631893874e-03 -7.763857948780e-01 1.439455562407e-03 1.657625852915e-02 -7.741388037801e-01 1.133586988593e-03 1.028015568565e-02
4187 -7.709880033135e-01 1.265286851310e-03 1.280760652878e-02 -7.717168757319e-01 1.023095633320e-03 8.373797399341e-03 -7.720723579526e-01 9.370363439952e-04 7.024296879742e-03
4188 -7.743172276616e-01 1.264074248793e-03 1.278306965169e-02 -7.737680743933e-01 1.190801324706e-03 1.134406235936e-02 -7.746160485148e-01 1.184801937698e-03 1.123004505259e-02
4189 -7.706762211919e-01 1.046433742392e-03 8.760188617735e-03 -7.736541439295e-01 1.130409542478e-03 1.022260586979e-02 -7.722946680784e-01 1.082947391442e-03 9.382200421054e-03
4190 -7.727609060407e-01 1.119965022791e-03 1.003457321821e-02 -7.723849653006e-01 1.121285784935e-03 1.005825449198e-02 -7.725667031407e-01 1.003975374700e-03 8.063732424038e-03
4191 -7.722438471317e-01 1.154935625648e-03 1.067101039512e-02 -7.730818957090e-01 1.150252504915e-03 1.058464660051e-02 -7.729793657660e-01 1.086238882199e-03 9.439319273612e-03
4192 -7.734305205941e-01 1.066810928080e-03 9.104684450160e-03 -7.721135141253e-01 9.879829925203e-04 7.808883148075e-03 -7.733125576973e-01 1.116941280305e-03 9.980462589186e-03
4193 -7.736672475338e-01 1.070083750605e-03 9.160633866471e-03 -7.726463534832e-01 1.094858395358e-03 9.589719247096e-03 -7.713062013388e-01 1.029066000940e-03 8.471814674320e-03
4194 -7.706071177721e-01 1.151146296732e-03 1.060110237184e-02 -7.747437432408e-01 1.267075941494e-03 1.284385153210e-02 -7.730316213965e-01 1.078117990793e-03 9.298707216579e-03
4195 -7.727247998118e-01 1.250193426913e-03 1.250386883758e-02 -7.741102484465e-01 1.084964688661e-03 9.417187005138e-03 -7.731346579790e-01 1.303474739866e-03 1.359237117974e-02
4196 -7.733973820210e-01 1.133819406598e-03 1.028437157423e-02 -7.731283765435e-01 1.213190584307e-03 1.177465115081e-02 -7.739210047722e-01 1.124952168117e-03 1.012413904441e-02
4197 -7.733743183017e-01 1.234866740779e-03 1.219916693985e-02 -7.717983680964e-01 9.827874430721e-04 7.726969266082e-03 -7.729676040411e-01 1.139762555092e-03 1.039246945591e-02
4198 -7.729803164005e-01 1.210577292035e-03 1.172397903993e-02 -7.728624637127e-01 1.297055800576e-03 1.345882999846e-02 -7.735213822126e-01 9.928149387185e-04 7.885452020341e-03
4199 -7.722638474703e-01 1.084552216350e-03 9.410028079923e-03 -7.731674885750e-01 1.077626452482e-03 9.290230168704e-03 -7.725736790895e-01 1.037865267295e-03 8.617314504463e-03
4200 -7.731692584157e-01 9.947341076083e-04 7.915967558714e-03 -7.731744248271e-01 8.649673467186e-04 5.985348087115e-03 -7.726278102398e-01 9.860555475033e-04 7.778444342096e-03
4201 -7.710161159039e-01 1.069065774738e-03 9.143213045724e-03 -7.739061803222e-01 1.121997730217e-03 1.007103125291e-02 -7.739011623859e-01 9.692711440302e-04 7.515892405197e-03
4202 -7.719942686558e-01 1.153024542714e-03 1.063572476881e-02 -7.743049853444e-01 1.140937407480e-03 1.041390534229e-02 -7.743470997810e-01 1.141993386569e-03 1.043319115973e-02
4203 -7.706079325676e-01 1.149573520295e-03 1.057215422852e-02 -7.735366310477e-01 1.067984902877e-03 9.124734022180e-03 -7.740782024264e-01 1.222282301824e-03 1.195179220282e-02
4204 -7.734257464409e-01 1.201279540529e-03 1.154458027595e-02 -7.747470668554e-01 1.083227876875e-03 9.387061065919e-03 -7.698554859161e-01 9.378328694552e-04 7.036243928244e-03
4205 -7.705507001281e-01 1.097501505261e-03 9.636076432409e-03 -7.732756410241e-01 9.738288354631e-04 7.586740806235e-03 -7.731485554576e-01 1.086544907652e-03 9.444638690751e-03
4206 -7.707404996157e-01 9.538486487029e-04 7.278617957059e-03 -7.737319666147e-01 1.073809844452e-03 9.224540656329e-03 -7.744803771377e-01 1.108290031845e-03 9.826454357498e-03
4207 -7.747466686964e-01 1.138667226073e-03 1.037250441387e-02 -7.746783311963e-01 1.182163173619e-03 1.118007815248e-02 -7.726332919002e-01 1.068742874165e-03 9.137690648623e-03
4208 -7.716867229342e-01 1.080497388789e-03 9.339796857446e-03 -7.745513489842e-01 1.181840874572e-03 1.117398282246e-02 -7.732093158364e-01 8.963338852570e-04 6.427315470879e-03
4209 -7.725418753624e-01 1.124251000883e-03 1.011152250390e-02 -7.752649426460e-01 1.158831090343e-03 1.074311596756e-02 -7.714603521824e-01 9.185138564161e-04 6.749341635427e-03
4210 -7.717431331873e-01 1.031016170910e-03 8.503954757431e-03 -7.720348170996e-01 9.704362543856e-04 7.533972190608e-03 -7.733607420325e-01 1.130023945977e-03 1.021563294785e-02
4211 -7.735641282201e-01 1.206739996442e-03 1.164977135211e-02 -7.732482489944e-01 1.008581183028e-03 8.137888022058e-03 -7.741415305138e-01 9.674473963006e-04 7.487635716870e-03
4212 -7.727953996062e-01 1.076283764327e-03 9.267093930837e-03 -7.737382450104e-01 1.001270075195e-03 8.020334107842e-03 -7.744357261658e-01 1.101842902997e-03 9.712462263083e-03
4213 -7.730694085360e-01 1.274037665321e-03 1.298537578125e-02 -7.731701554060e-01 1.089636432270e-03 9.498460436235e-03 -7.743330395222e-01 1.128120232257e-03 1.018124206742e-02
4214 -7.725831117630e-01 1.139980071305e-03 1.039643650377e-02 -7.737416838408e-01 1.021878096920e-03 8.353878759719e-03 -7.747950904965e-01 1.130969789684e-03 1.023274132143e-02
4215 -7.727104780674e-01 1.066294174771e-03 9.095866137201e-03 -7.741492934823e-01 1.053760893372e-03 8.883296163195e-03 -7.724648057222e-01 8.961736391651e-04 6.425017532275e-03
4216 -7.732060108781e-01 1.221806806863e-03 1.194249498638e-02 -7.741795203686e-01 1.032650481404e-03 8.530936133952e-03 -7.740014105439e-01 1.118010613259e-03 9.999581850876e-03
4217 -7.718173551559e-01 1.009823564002e-03 8.157949043317e-03 -7.735483681560e-01 1.063080930751e-03 9.041128522608e-03 -7.733824518323e-01 1.046922700448e-03 8.768377125701e-03
4218 -7.731287183166e-01 1.113725426025e-03 9.923074596600e-03 -7.717480244637e-01 9.846136531218e-04 7.755712367311e-03 -7.725624204874e-01 1.090215888874e-03 9.508565474824e-03
4219 -7.712546752691e-01 1.162088360340e-03 1.080359485789e-02 -7.723695524931e-01 1.238897384718e-03 1.227893383889e-02 -7.732513433695e-01 1.168421837002e-03 1.092167671346e-02
4220 -7.732055206895e-01 1.009154116324e-03 8.147136243949e-03 -7.742322690487e-01 1.207367438518e-03 1.166188905276e-02 -7.721105862260e-01 1.022976065885e-03 8.371840250980e-03
4221 -7.721140666604e-01 1.094174408188e-03 9.577741084265e-03 -7.727198576927e-01 1.149882821760e-03 1.057784403022e-02 -7.727150712609e-01 1.134878863641e-03 1.030360028111e-02
4222 -7.697214475870e-01 1.013949609225e-03 8.224750480387e-03 -7.737170920968e-01 1.309473104665e-03 1.371775849474e-02 -7.736468873620e-01 1.109491932476e-03 9.847778785836e-03
4223 -7.735663589239e-01 1.194890477341e-03 1.142210602272e-02 -7.726868160367e-01 1.098092306954e-03 9.646453716729e-03 -7.724060705900e-01 1.010271920909e-03 8.165194833420e-03
4224 -7.739838401675e-01 1.290870362222e-03 1.333077033651e-02 -7.745894044638e-01 1.010238818820e-03 8.164659768407e-03 -7.749162664413e-01 1.366912804183e-03 1.494760491391e-02
4225 -7.732756598592e-01 9.648230186518e-04 7.447067658563e-03 -7.721857435107e-01 9.632456728954e-04 7.422737810814e-03 -7.713266803026e-01 1.015752756850e-03 8.254029304394e-03
4226 -7.735329794288e-01 1.182809418103e-03 1.119230495642e-02 -7.723758756518e-01 9.478386670724e-04 7.187185110381e-03 -7.728577945828e-01 1.164788336013e-03 1.085385494169e-02
4227 -7.706075516343e-01 1.086275538472e-03 9.439956363859e-03 -7.720335075855e-01 9.064273519312e-04 6.572884354632e-03 -7.722106792927e-01 8.771380882044e-04 6.154969806231e-03
4228 -7.725734094977e-01 1.108579794497e-03 9.831593286142e-03 -7.733785150051e-01 1.163467336451e-03 1.082924994391e-02 -7.712036007643e-01 1.051412665197e-03 8.843748740301e-03
4229 -7.713861939907e-01 1.018056619580e-03 8.291514245364e-03 -7.732507361770e-01 1.083852376431e-03 9.397887791164e-03 -7.731082811952e-01 1.002796115138e-03 8.044800388287e-03
4230 -7.727631980777e-01 1.012642019951e-03 8.203550884564e-03 -7.743118036985e-01 1.078795490129e-03 9.310397676188e-03 -7.729366168380e-01 1.029352652283e-03 8.476535062103e-03
4231 -7.709130160213e-01 9.553949367455e-04 7.302235881272e-03 -7.741102928519e-01 1.130269855260e-03 1.022007956567e-02 -7.736415832639e-01 1.184043253658e-03 1.121566741226e-02
4232 -7.707234665155e-01 9.829805741068e-04 7.730006472570e-03 -7.736359083056e-01 1.065939303350e-03 9.089812787414e-03 -7.710949242115e-01 9.552526808062e-04 7.300061473500e-03
4233 -7.719513903260e-01 1.081584606450e-03 9.358602087276e-03 -7.732258848548e-01 1.025162693682e-03 8.407668388132e-03 -7.719103052020e-01 1.156215297648e-03 1.069467051612e-02
4234 -7.725870440602e-01 1.258707807457e-03 1.267476275642e-02 -7.720666179061e-01 8.493808945230e-04 5.771583231845e-03 -7.738004315495e-01 9.810325186312e-04 7.699398420895e-03
4235 -7.734939231277e-01 1.247884536248e-03 1.245772652646e-02 -7.729580621719e-01 1.149630184819e-03 1.057319649478e-02 -7.742693792582e-01 1.201605462133e-03 1.155084549303e-02
4236 -7.714696174264e-01 9.669034538040e-04 7.479218311826e-03 -7.726215153337e-01 1.076476737050e-03 9.270417323282e-03 -7.731314561963e-01 1.080236206813e-03 9.335282100086e-03
4237 -7.735392211080e-01 1.313796665268e-03 1.380849342136e-02 -7.736100023389e-01 1.175278330995e-03 1.105023324245e-02 -7.746772513986e-01 1.298578082139e-03 1.349044028329e-02
4238 -7.739647676945e-01 9.930980203101e-04 7.889949423551e-03 -7.735011528134e-01 9.567228630184e-04 7.322549092977e-03 -7.728463264108e-01 1.195499794160e-03 1.143375806269e-02
4239 -7.721784422398e-01 1.007892074850e-03 8.126771476359e-03 -7.736370067000e-01 1.178552529663e-03 1.111188852141e-02 -7.753367350101e-01 1.075168943536e-03 9.247906057147e-03
4240 -7.713292950988e-01 1.228490119946e-03 1.207350379843e-02 -7.741829725504e-01 1.175703222568e-03 1.105822454046e-02 -7.736958743334e-01 1.008529790995e-03 8.137058714598e-03
4241 -7.725058719516e-01 9.923554575984e-04 7.878154833802e-03 -7.724970618486e-01 1.094919508978e-03 9.590789849128e-03 -7.746355139017e-01 1.141127882841e-03 1.041738275998e-02
4242 -7.704415686131e-01 9.937682877524e-04 7.900603277938e-03 -7.734718896747e-01 1.217629086779e-03 1.186096474376e-02 -7.725440755486e-01 9.996949949058e-04 7.995120662717e-03
4243 -7.733514264822e-01 1.347201391256e-03 1.451961270882e-02 -7.729372800589e-01 9.445511843478e-04 7.137415518822e-03 -7.724417139292e-01 9.940786006708e-04 7.905538114493e-03
4244 -7.742035041451e-01 1.416361333905e-03 1.604863542545e-02 -7.730094000697e-01 1.037488761029e-03 8.611063434100e-03 -7.711527428627e-01 1.069585077090e-03 9.152097897066e-03
4245 -7.714492807388e-01 1.095603343308e-03 9.602773486943e-03 -7.731770612597e-01 1.235961590590e-03 1.222080842730e-02 -7.729880663157e-01 1.106779234414e-03 9.799682189838e-03
4246 -7.716335474849e-01 9.780354147061e-04 7.652426179354e-03 -7.715398212075e-01 1.063993686791e-03 9.056660524243e-03 -7.751443556547e-01 1.067637700022e-03 9.118802068063e-03
4247 -7.718075409532e-01 1.017299850636e-03 8.279191888834e-03 -7.737431775928e-01 9.705434386631e-04 7.535636530656e-03 -7.740207430720e-01 1.122036217112e-03 1.007172218009e-02
4248 -7.729487292171e-01 1.168407189450e-03 1.092140288286e-02 -7.738041006923e-01 1.090557413459e-03 9.514523776410e-03 -7.703568245173e-01 9.703534011872e-04 7.532685785565e-03
4249 -7.733982396722e-01 1.179543190969e-03 1.113057711490e-02 -7.742472096086e-01 1.264723581771e-03 1.279620590630e-02 -7.719735752344e-01 1.036142785413e-03 8.588734974100e-03
4250 -7.724451496601e-01 9.344860159012e-04 6.986112911320e-03 -7.737485852838e-01 1.113648223824e-03 9.921698931405e-03 -7.719192590714e-01 1.081239481096e-03 9.352630523841e-03
4251 -7.710831747651e-01 1.004387515969e-03 8.070354257875e-03 -7.747905719280e-01 1.067565863142e-03 9.117574977176e-03 -7.727627190351e-01 9.734331303274e-04 7.580576473751e-03
4252 -7.721426428556e-01 9.698621582428e-04 7.525060847931e-03 -7.742982079387e-01 1.134187780016e-03 1.029105536270e-02 -7.733827933669e-01 1.103192103100e-03 9.736262530735e-03
4253 -7.724382494688e-01 1.124131115752e-03 1.010936612322e-02 -7.727185601592e-01 9.294701064083e-04 6.911317429653e-03 -7.727315405011e-01 1.108175531933e-03 9.824424076603e-03
4254 -7.715797454119e-01 1.179281340913e-03 1.112563584820e-02 -7.746533525586e-01 1.153500196116e-03 1.064450161952e-02 -7.733265570402e-01 1.280306298713e-03 1.311347374819e-02
4255 -7.722140224576e-01 1.109767750944e-03 9.852675688287e-03 -7.742148453593e-01 1.237247152185e-03 1.224624412472e-02 -7.735178506970e-01 1.042293310435e-03 8.691002759822e-03
4256 -7.737748843431e-01 1.110495751921e-03 9.865606520274e-03 -7.722850718498e-01 1.012628271554e-03 8.203328130802e-03 -7.712311971784e-01 1.005591488741e-03 8.089713937821e-03
4257 -7.743615790009e-01 1.279038482255e-03 1.308751551270e-02 -7.728207008839e-01 8.948415745245e-04 6.405931547980e-03 -7.721404767632e-01 9.055686208666e-04 6.560436216787e-03
4258 -7.732927895188e-01 1.067427804133e-03 9.115216936283e-03 -7.723015527725e-01 1.023945081898e-03 8.387708245950e-03 -7.719020929933e-01 8.548881243136e-04 5.846669640739e-03
4259 -7.716435183883e-01 1.115037696914e-03 9.946472524310e-03 -7.736493124366e-01 9.154178410418e-04 6.703918589581e-03 -7.711425846219e-01 1.014880808259e-03 8.239864439780e-03
4260 -7.735672246218e-01 1.095311916806e-03 9.597665560777e-03 -7.712258552313e-01 9.836789256830e-04 7.740993830662e-03 -7.747452700138e-01 1.214673890429e-03 1.180346128073e-02
4261 -7.729653245807e-01 1.015591769363e-03 8.251413135987e-03 -7.740985468030e-01 1.273802489534e-03 1.298058225874e-02 -7.724115090966e-01 9.824920598351e-04 7.722325181112e-03
4262 -7.736626254916e-01 1.206568275269e-03 1.164645602308e-02 -7.729999345541e-01 1.083391186619e-03 9.389891705943e-03 -7.710148138404e-01 8.962241409081e-04 6.425741685972e-03
4263 -7.729706411362e-01 1.087332524055e-03 9.458336142936e-03 -7.723207774162e-01 9.043321189182e-04 6.542532650457e-03 -7.725772863626e-01 9.637175376731e-04 7.430011939350e-03
4264 -7.712445658445e-01 1.010653697740e-03 8.171367174047e-03 -7.735779830217e-01 9.552873154798e-04 7.300590840932e-03 -7.718091506958e-01 9.314771351230e-04 6.941197226056e-03
4265 -7.724462592602e-01 1.018441756776e-03 8.297788895563e-03 -7.724276111126e-01 1.047137953962e-03 8.771983157030e-03 -7.728053461313e-01 1.151155070458e-03 1.060126396993e-02
4266 -7.699258012772e-01 9.329637268441e-04 6.963370524855e-03 -7.712810969353e-01 9.904638622287e-04 7.848149299048e-03 -7.725983670950e-01 1.008577741918e-03 8.137832491932e-03
4267 -7.717648025751e-01 9.372762520071e-04 7.027894180612e-03 -7.715938961506e-01 9.417151702402e-04 7.094619694884e-03 -7.736592270136e-01 1.238833031273e-03 1.227765823499e-02
4268 -7.736664335728e-01 1.158116592109e-03 1.072987232734e-02 -7.728412635326e-01 1.072299131354e-03 9.198603416827e-03 -7.711804462671e-01 1.049840735268e-03 8.817324555423e-03
4269 -7.718460363746e-01 9.489689234632e-04 7.204336141592e-03 -7.745224725604e-01 1.227369462863e-03 1.205148638695e-02 -7.731903513074e-01 1.037351873419e-03 8.608791274293e-03
4270 -7.739978514314e-01 1.079566874625e-03 9.323717094300e-03 -7.727641066313e-01 1.199818131701e-03 1.151650839326e-02 -7.739977868199e-01 1.120541195592e-03 1.004490056815e-02
4271 -7.732794664502e-01 1.436294262980e-03 1.650352967896e-02 -7.742156906128e-01 1.088474477216e-03 9.478213500398e-03 -7.725915732980e-01 1.037166216113e-03 8.605710078769e-03
4272 -7.741687332988e-01 1.182211433654e-03 1.118099099089e-02 -7.727201159000e-01 1.071475164912e-03 9.184472232186e-03 -7.722986616492e-01 1.006051714999e-03 8.097120426014e-03
4273 -7.728092052937e-01 1.051352315349e-03 8.842733527910e-03 -7.733335797787e-01 1.013084514231e-03 8.210721863805e-03 -7.719320563078e-01 1.167397707409e-03 1.090253925811e-02
4274 -7.737520677447e-01 1.281237289435e-03 1.313255193471e-02 -7.740043953061e-01 1.104376046640e-03 9.757171619139e-03 -7.727464839220e-01 1.044755130870e-03 8.732106267839e-03
4275 -7.714041637182e-01 1.274665428772e-03 1.299817564245e-02 -7.739674891829e-01 1.090140334586e-03 9.507247592732e-03 -7.727520769238e-01 1.080590030933e-03 9.341398519606e-03
4276 -7.730453119278e-01 1.047920296087e-03 8.785095575605e-03 -7.743418611884e-01 1.120369027284e-03 1.004181405838e-02 -7.731496034265e-01 1.096757931653e-03 9.623023685156e-03
4277 -7.736123862863e-01 9.677236743726e-04 7.491912879530e-03 -7.727006428242e-01 1.099199926096e-03 9.665923820231e-03 -7.707705862522e-01 9.799664070662e-04 7.682673271826e-03
4278 -7.725323951244e-01 1.209179874469e-03 1.169692775057e-02 -7.729080862403e-01 1.051933082783e-03 8.852505685235e-03 -7.739456729889e-01 1.178654846211e-03 1.111381797198e-02
4279 -7.743192264438e-01 1.205038293832e-03 1.161693831682e-02 -7.733508175611e-01 9.663320228080e-04 7.470380626433e-03 -7.734098788500e-01 1.231447751640e-03 1.213170852016e-02
4280 -7.713612666130e-01 9.881261035593e-04 7.811145572282e-03 -7.716383224726e-01 1.058777068483e-03 8.968071045970e-03 -7.729677606225e-01 1.046034313828e-03 8.753502285646e-03
4281 -7.741712430716e-01 1.192888838002e-03 1.138387023865e-02 -7.731670514345e-01 1.148634849556e-03 1.055489614092e-02 -7.726942143440e-01 1.108847773202e-03 9.836347073086e-03
4282 -7.747569981217e-01 1.271946570565e-03 1.294278462698e-02 -7.735565913916e-01 1.191326184546e-03 1.135406462387e-02 -7.735936139822e-01 1.070393496816e-03 9.165937904211e-03
4283 -7.729378183484e-01 9.970576451180e-04 7.952991581505e-03 -7.721182692647e-01 1.025866434192e-03 8.419215526411e-03 -7.732616691589e-01 1.160770199501e-03 1.077909964841e-02
4284 -7.754033899307e-01 1.368349762271e-03 1.497904857525e-02 -7.731110479236e-01 9.443657006382e-04 7.134612612336e-03 -7.730180874467e-01 9.324686209401e-04 6.955981832304e-03
4285 -7.722940451503e-01 1.135082156228e-03 1.030729201110e-02 -7.732274447680e-01 9.020217897310e-04 6.509146473197e-03 -7.739973878860e-01 1.095233498329e-03 9.596291326901e-03
4286 -7.734231569767e-01 1.245289044810e-03 1.240595844098e-02 -7.733207640648e-01 1.122130036019e-03 1.007340654189e-02 -7.718976793885e-01 9.152715452143e-04 6.701776011832e-03
4287 -7.732437117696e-01 1.047374942283e-03 8.775954157781e-03 -7.729656997919e-01 1.024041022500e-03 8.389280126099e-03 -7.733882989883e-01 1.249352809219e-03 1.248705953522e-02
4288 -7.724395282269e-01 9.995185024328e-04 7.992297893644e-03 -7.756671662331e-01 1.398083261859e-03 1.563709445672e-02 -7.732725822926e-01 1.156974680524e-03 1.070872329098e-02
4289 -7.736493055820e-01 1.205668705259e-03 1.162909621474e-02 -7.731539602280e-01 1.154124449862e-03 1.065602596615e-02 -7.734224776626e-01 1.077762854593e-03 9.292582165916e-03
4290 -7.720537184477e-01 1.061174498642e-03 9.008730532552e-03 -7.733359215856e-01 1.157312752384e-03 1.071498245465e-02 -7.726864001751e-01 1.045799601399e-03 8.749574450295e-03
4291 -7.734047510624e-01 1.231622589082e-03 1.213515361550e-02 -7.725922913551e-01 1.087488087545e-03 9.461042724422e-03 -7.727419209480e-01 1.018069058272e-03 8.291716859284e-03
4292 -7.735122056603e-01 1.265902859650e-03 1.282008040057e-02 -7.729241116643e-01 9.717752815557e-04 7.554777582742e-03 -7.710728345513e-01 1.112238146643e-03 9.896589558791e-03
4293 -7.716751574278e-01 1.003360797318e-03 8.053863116753e-03 -7.736975575686e-01 1.133499459609e-03 1.027856819947e-02 -7.724883397222e-01 1.053346105984e-03 8.876304151931e-03
4294 -7.724756677151e-01 1.100617666212e-03 9.690873977418e-03 -7.729436150193e-01 1.129244434440e-03 1.020154394170e-02 -7.748208993673e-01 1.170779291305e-03 1.096579319158e-02
4295 -7.730528382063e-01 9.627079805886e-04 7.414453247113e-03 -7.735616323352e-01 1.140225749310e-03 1.040091807512e-02 -7.723456834555e-01 1.028140786733e-03 8.456587818760e-03
4296 -7.719469986558e-01 1.142163991428e-03 1.043630866651e-02 -7.734999927282e-01 9.888217065543e-04 7.822146938824e-03 -7.740678160787e-01 1.028255360672e-03 8.458472693999e-03
4297 -7.730027599931e-01 1.240522449144e-03 1.231116757464e-02 -7.746043852568e-01 1.128073814839e-03 1.018040425380e-02 -7.732592430711e-01 1.114950149306e-03 9.944910683501e-03
4298 -7.727178745866e-01 1.199694231107e-03 1.151412998521e-02 -7.723560186625e-01 1.098967175464e-03 9.661830821987e-03 -7.717277020812e-01 8.797294029917e-04 6.191390579905e-03
4299 -7.729308397174e-01 9.997070511339e-04 7.995313504695e-03 -7.732637532949e-01 1.151745196841e-03 1.061213598758e-02 -7.735048171282e-01 9.247774048890e-04 6.841705988746e-03
4300 -7.724249192476e-01 9.240624068321e-04 6.831130653763e-03 -7.737368288636e-01 1.012437474456e-03 8.200237117456e-03 -7.716813760996e-01 8.968185261678e-04 6.434267751022e-03
4301 -7.729284827113e-01 9.410976317124e-04 7.085318019318e-03 -7.728514752984e-01 1.000984149451e-03 8.015754139616e-03 -7.722913001776e-01 9.663617489277e-04 7.470840238325e-03
4302 -7.723227670789e-01 1.137778606054e-03 1.035632125116e-02 -7.732155373096e-01 9.515651457586e-04 7.243809812980e-03 -7.739435730577e-01 1.118738944999e-03 1.001261461647e-02
4303 -7.718166449070e-01 1.014345954885e-03 8.231181729530e-03 -7.726120193005e-01 1.001890905268e-03 8.030283088465e-03 -7.726193346977e-01 1.085228614270e-03 9.421769161837e-03
4304 -7.726698864698e-01 1.022110994115e-03 8.357687074332e-03 -7.724991748333e-01 1.051617834700e-03 8.847200562072e-03 -7.738344889283e-01 1.199149216860e-03 1.150367075438e-02
4305 -7.728271636367e-01 1.063416714143e-03 9.046840863342e-03 -7.731925116777e-01 1.015710154307e-03 8.253336940506e-03 -7.721664444804e-01 9.836313734630e-04 7.740245430885e-03
4306 -7.736568285823e-01 1.157375214442e-03 1.071613909604e-02 -7.728154721260e-01 9.060903121873e-04 6.567997230718e-03 -7.748621340394e-01 1.178564200819e-03 1.111210860362e-02
4307 -7.748611086607e-01 1.254722539849e-03 1.259462921603e-02 -7.730075318217e-01 1.093716905161e-03 9.569733349078e-03 -7.751375432014e-01 1.040275788937e-03 8.657389736388e-03
4308 -7.726271818280e-01 1.201084941189e-03 1.154084028761e-02 -7.740017308593e-01 9.107036073886e-04 6.635048484085e-03 -7.717611308098e-01 9.977958412962e-04 7.964772327265e-03
4309 -7.705976756215e-01 1.050517477816e-03 8.828695769578e-03 -7.732006813884e-01 1.168384552550e-03 1.092097970110e-02 -7.736717022657e-01 1.117896805502e-03 9.997546142005e-03
4310 -7.735009855032e-01 1.106637871749e-03 9.797179033511e-03 -7.717249786258e-01 1.047257188037e-03 8.773980943158e-03 -7.720483208299e-01 1.045161204247e-03 8.738895542909e-03
4311 -7.722943334579e-01 1.253665141151e-03 1.257341028910e-02 -7.748344542980e-01 1.187415009608e-03 1.127963524034e-02 -7.714238765240e-01 9.827436713977e-04 7.726280989378e-03
4312 -7.721871169209e-01 1.120138456443e-03 1.003768129281e-02 -7.737284755111e-01 1.362367982574e-03 1.484837215954e-02 -7.714507164955e-01 9.865160598699e-04 7.785711491050e-03
4313 -7.711530623436e-01 1.064838523416e-03 9.071048647614e-03 -7.723710294366e-01 1.145326373376e-03 1.049418001241e-02 -7.724640970230e-01 1.098226645221e-03 9.648814114190e-03
4314 -7.736972664595e-01 1.003585222887e-03 8.057466396773e-03 -7.734740235209e-01 1.039896694681e-03 8.651081084865e-03 -7.739060540795e-01 1.117435173191e-03 9.989290930268e-03
4315 -7.727499569654e-01 1.056422195838e-03 8.928222846881e-03 -7.710505501032e-01 9.700337730342e-04 7.527724166616e-03 -7.722521539330e-01 9.765367782473e-04 7.628992634157e-03
4316 -7.735609982014e-01 1.144056550536e-03 1.047092312659e-02 -7.724244787693e-01 9.590999433837e-04 7.358981611189e-03 -7.727831670642e-01 1.097178860598e-03 9.630411617138e-03
4317 -7.716308622360e-01 8.773296085710e-04 6.157657936603e-03 -7.739639084339e-01 1.041641223665e-03 8.680131510713e-03 -7.732796020508e-01 1.037169049781e-03 8.605757102591e-03
4318 -7.737817692161e-01 1.057091941815e-03 8.939546987595e-03 -7.719665146470e-01 1.261366360680e-03 1.272836076684e-02 -7.731111587286e-01 1.034813703985e-03 8.566715215638e-03
4319 -7.737601254582e-01 1.310136549912e-03 1.373166223531e-02 -7.723426713943e-01 1.025163179456e-03 8.407676356091e-03 -7.722237945199e-01 1.133811200294e-03 1.028422270331e-02
4320 -7.712814489603e-01 9.788635026992e-04 7.665390055332e-03 -7.735410529375e-01 1.183827619174e-03 1.121158265536e-02 -7.741235727072e-01 1.072185798986e-03 9.196659100378e-03
4321 -7.720702084899e-01 1.011843835113e-03 8.190623573245e-03 -7.717634791136e-01 1.111463070708e-03 9.882801260378e-03 -7.719249089360e-01 9.157693675704e-04 6.709068276643e-03
4322 -7.724546738267e-01 1.088737993574e-03 9.482803349214e-03 -7.728371385336e-01 1.115820287237e-03 9.960439307271e-03 -7.745571097732e-01 1.087731737627e-03 9.465282664327e-03
4323 -7.718131940365e-01 1.011055574560e-03 8.177866998783e-03 -7.732801089883e-01 1.072760372797e-03 9.206518539543e-03 -7.752753329277e-01 1.070528953014e-03 9.168257913929e-03
4324 -7.727894062996e-01 1.035573346808e-03 8.579297252945e-03 -7.731043916941e-01 1.227956874446e-03 1.206302468399e-02 -7.747787926197e-01 1.037961540416e-03 8.618913275070e-03
4325 -7.719654340148e-01 1.139639653000e-03 1.039022830952e-02 -7.723943924308e-01 1.122389185029e-03 1.007805986136e-02 -7.735762742758e-01 1.053969334086e-03 8.886810857551e-03
4326 -7.715793099403e-01 1.122260309264e-03 1.007574561399e-02 -7.718890818357e-01 1.107669911411e-03 9.815461061167e-03 -7.737317322493e-01 1.103519167340e-03 9.742036421493e-03
4327 -7.724517856240e-01 9.556306038444e-04 7.305838808032e-03 -7.724434594512e-01 9.773262899324e-04 7.641333415944e-03 -7.735408451557e-01 1.116584635856e-03 9.974089992233e-03
4328 -7.723759991527e-01 1.051351640174e-03 8.842722170375e-03 -7.731407333612e-01 1.015376349634e-03 8.247913051168e-03 -7.735354756713e-01 1.085532930244e-03 9.427053941148e-03
4329 -7.715353820920e-01 1.042834043791e-03 8.700022743121e-03 -7.734556500316e-01 1.055189756540e-03 8.907403378458e-03 -7.737582972646e-01 1.087219602305e-03 9.456371709092e-03
4330 -7.715867266059e-01 9.849225611779e-04 7.760579612138e-03 -7.719753820300e-01 9.372056020378e-04 7.026834723929e-03 -7.723690823317e-01 9.643079416483e-04 7.439118450608e-03
4331 -7.731505925059e-01 1.199302373929e-03 1.150660947290e-02 -7.730697088838e-01 9.744941939104e-04 7.597111471721e-03 -7.728674494028e-01 8.956267497960e-04 6.417178199602e-03
4332 -7.730315548182e-01 1.108940809220e-03 9.837997746822e-03 -7.724245432019e-01 1.112629827757e-03 9.903561068913e-03 -7.745671837926e-01 1.195750763415e-03 1.143855910566e-02
4333 -7.722210494876e-01 1.011350072603e-03 8.182631754829e-03 -7.742713016868e-01 1.196362562275e-03 1.145026704330e-02 -7.741644763947e-01 1.275463006233e-03 1.301444704216e-02
4334 -7.715510692596e-01 1.052708216015e-03 8.865556704526e-03 -7.717404797673e-01 1.089460726421e-03 9.495397395318e-03 -7.704707047343e-01 1.003601836665e-03 8.057733172456e-03
4335 -7.732592024803e-01 1.156910563421e-03 1.070753641403e-02 -7.740656592846e-01 1.008797288475e-03 8.141375753869e-03 -7.733047639132e-01 9.488091690269e-04 7.201910713836e-03
4336 -7.739498572350e-01 9.221498317404e-04 6.802882497430e-03 -7.750802248120e-01 1.180023147980e-03 1.113963703815e-02 -7.737896292806e-01 1.209197647947e-03 1.169727161441e-02
4337 -7.735129138231e-01 9.965635125200e-04 7.945110675890e-03 -7.733795109987e-01 1.053674730492e-03 8.881843501419e-03 -7.744259325862e-01 1.214651551907e-03 1.180302714040e-02
4338 -7.746271535158e-01 1.347606756150e-03 1.452835175377e-02 -7.711145911217e-01 9.515787217790e-04 7.244016509940e-03 -7.736779496074e-01 1.058650439122e-03 8.965926018029e-03
4339 -7.730185598731e-01 1.123711286396e-03 1.010181644139e-02 -7.737711610794e-01 9.447329789885e-04 7.140163212708e-03 -7.735670052767e-01 1.001097889801e-03 8.017575879718e-03
4340 -7.731716262698e-01 1.085096852712e-03 9.419481438126e-03 -7.716582823396e-01 8.710905199082e-04 6.070389550991e-03 -7.728770138621e-01 9.963998523316e-04 7.942501325812e-03
4341 -7.722028433084e-01 1.105341113553e-03 9.774231818488e-03 -7.734005502462e-01 1.133679310318e-03 1.028183022915e-02 -7.730868917108e-01 1.052368550643e-03 8.859836531060e-03
4342 -7.714607685804e-01 1.013596817927e-03 8.219028074489e-03 -7.733636640906e-01 1.273799336269e-03 1.298051799263e-02 -7.753970105052e-01 1.070175592413e-03 9.162206388772e-03
4343 -7.720971146822e-01 1.069617689257e-03 9.152656009365e-03 -7.742651509047e-01 1.198226267229e-03 1.148596949982e-02 -7.728242467642e-01 1.078717183782e-03 9.309046100696e-03
4344 -7.732387487292e-01 1.137621627583e-03 1.035346374035e-02 -7.731972775459e-01 9.819607170702e-04 7.713974798953e-03 -7.728867017031e-01 1.102109636947e-03 9.717165214819e-03
4345 -7.713314061165e-01 1.111752939087e-03 9.887956780551e-03 -7.724688204527e-01 1.160016179340e-03 1.076510029065e-02 -7.724602639079e-01 1.053769740979e-03 8.883445336021e-03
4346 -7.704879518151e-01 1.021213046602e-03 8.343008692399e-03 -7.731998062134e-01 1.257288541870e-03 1.264619582014e-02 -7.739393960834e-01 1.061441494965e-03 9.013264377871e-03
4347 -7.725166163445e-01 1.041199800835e-03 8.672776202067e-03 -7.732872617245e-01 1.042628761630e-03 8.696597876623e-03 -7.733490977883e-01 1.008694171449e-03 8.139711452126e-03
4348 -7.736315484643e-01 1.408582984377e-03 1.587284819100e-02 -7.737519575953e-01 1.146177558014e-03 1.050978395596e-02 -7.716537470222e-01 1.026798505443e-03 8.434521366247e-03
4349 -7.727124315500e-01 1.406983397870e-03 1.583681825505e-02 -7.725585517883e-01 1.085925703420e-03 9.433877066781e-03 -7.737318511605e-01 1.086762570971e-03 9.448423085306e-03
4350 -7.732771267295e-01 1.055811812854e-03 8.917908673301e-03 -7.721210444570e-01 9.378939892541e-04 7.037161080632e-03 -7.731119504571e-01 1.125408110141e-03 1.013234731497e-02
4351 -7.732798947096e-01 1.145781985339e-03 1.050253086341e-02 -7.719835219979e-01 1.057400368468e-03 8.944764313886e-03 -7.738452838659e-01 1.127097597440e-03 1.016279195324e-02
4352 -7.714267110825e-01 9.424994144282e-04 7.106441169580e-03 -7.721583160758e-01 7.814286045517e-04 4.885045312093e-03 -7.718657357097e-01 1.033112096421e-03 8.538564830169e-03
4353 -7.709900898337e-01 9.456266603726e-04 7.153678246459e-03 -7.741790886521e-01 1.030169878834e-03 8.489999834062e-03 -7.736441886425e-01 1.062384670340e-03 9.029289502186e-03
4354 -7.748069507480e-01 1.025913578628e-03 8.419989366510e-03 -7.734732785821e-01 1.006528875574e-03 8.104803018916e-03 -7.723319284320e-01 9.860042519486e-04 7.777635078885e-03
4355 -7.740737320185e-01 1.175477384990e-03 1.105397666099e-02 -7.711869699359e-01 1.023011435176e-03 8.372419172014e-03 -7.739652819037e-01 1.148022971036e-03 1.054365393620e-02
4356 -7.720656227469e-01 1.128893842326e-03 1.019521045794e-02 -7.714982399940e-01 1.101181219649e-03 9.700800628067e-03 -7.729513831139e-01 1.055703695784e-03 8.916082346334e-03
4357 -7.748537004590e-01 1.203416256952e-03 1.158568549997e-02 -7.736039409041e-01 1.135166550466e-03 1.030882477837e-02 -7.716196650267e-01 9.641740718147e-04 7.437053126078e-03
4358 -7.733854940534e-01 1.163520703023e-03 1.083024341090e-02 -7.725416300893e-01 9.973204790388e-04 7.957185103282e-03 -7.741262211800e-01 1.054097668634e-03 8.888975160160e-03
4359 -7.712891988158e-01 1.093133941681e-03 9.559534515645e-03 -7.737012252212e-01 1.194185535849e-03 1.140863275224e-02 -7.727714249492e-01 1.063292610576e-03 9.044729405653e-03
4360 -7.716118793488e-01 1.080721843527e-03 9.343677624616e-03 -7.733698188663e-01 1.242566659280e-03 1.235177522204e-02 -7.748153114319e-01 1.119276617496e-03 1.002224117178e-02
4361 -7.711628773212e-01 9.164404487576e-04 6.718904768952e-03 -7.731512216330e-01 1.211165204572e-03 1.173536922212e-02 -7.733484784365e-01 9.447042279612e-04 7.139728626623e-03
4362 -7.742797886729e-01 1.286754867651e-03 1.324590471539e-02 -7.742301828265e-01 1.070346664598e-03 9.165135859328e-03 -7.729818883538e-01 1.162378635465e-03 1.080899273749e-02
4363 -7.720937044621e-01 1.324204334202e-03 1.402813694975e-02 -7.707842974067e-01 1.122884643289e-03 1.008695937708e-02 -7.751859554648e-01 1.030547193810e-03 8.496220149351e-03
4364 -7.741149685979e-01 1.092628136671e-03 9.550689960355e-03 -7.725699098706e-01 1.112266408513e-03 9.897092508044e-03 -7.733069433570e-01 1.112327987828e-03 9.898188420048e-03
4365 -7.719203420281e-01 1.221198448712e-03 1.193060520909e-02 -7.761431010962e-01 1.214254838289e-03 1.179531849846e-02 -7.724895002246e-01 1.116203715911e-03 9.967285883304e-03
4366 -7.741876215935e-01 1.284250641938e-03 1.319439769054e-02 -7.745081648231e-01 1.039690990028e-03 8.647658837962e-03 -7.732333810329e-01 1.173845353577e-03 1.102330331291e-02
4367 -7.737971647978e-01 1.100072387825e-03 9.681274067647e-03 -7.734237710834e-01 1.061923063226e-03 9.021444737688e-03 -7.731599853039e-01 9.775963342040e-04 7.645556741193e-03
4368 -7.733368346095e-01 1.186476882291e-03 1.126181913769e-02 -7.721237865686e-01 1.085351769369e-03 9.423907706185e-03 -7.723313295245e-01 1.082156133049e-03 9.368495170366e-03
4369 -7.711951760650e-01 1.017380975635e-03 8.280512396666e-03 -7.727847378850e-01 1.141797754397e-03 1.042961689557e-02 -7.732440750003e-01 1.030036575926e-03 8.487802781955e-03
4370 -7.717633282542e-01 1.062578722753e-03 9.032588336379e-03 -7.722816753983e-01 9.658529931969e-04 7.462976035739e-03 -7.736515024304e-01 1.143629889099e-03 1.046311458593e-02
4371 -7.709189055562e-01 8.990502655481e-04 6.466331039857e-03 -7.720766732097e-01 9.222902433428e-04 6.804954343722e-03 -7.723998723626e-01 9.698894760119e-04 7.525484765430e-03
4372 -7.719125388265e-01 1.023871487633e-03 8.386502585497e-03 -7.722112528086e-01 1.022733316868e-03 8.367867499455e-03 -7.759958902597e-01 1.122253108218e-03 1.007561631124e-02
4373 -7.719732859135e-01 1.191818902825e-03 1.136345837705e-02 -7.736677961946e-01 1.243730373348e-03 1.237492193270e-02 -7.742173708081e-01 1.120043806899e-03 1.003598503499e-02
4374 -7.705228872299e-01 9.650863418408e-04 7.451133177661e-03 -7.723969022632e-01 8.972693011198e-04 6.440737589856e-03 -7.721779065728e-01 8.506361941804e-04 5.788655478797e-03
4375 -7.725930492878e-01 1.034081942422e-03 8.554603709151e-03 -7.716377910972e-01 1.148812755295e-03 1.055816597383e-02 -7.726017487645e-01 1.299331421531e-03 1.350609714383e-02
4376 -7.710569336414e-01 1.006594571747e-03 8.105861054958e-03 -7.731773345470e-01 1.360749788463e-03 1.481311989441e-02 -7.733462478518e-01 1.025315837971e-03 8.410180540751e-03
4377 -7.704833129644e-01 8.820168585115e-04 6.223629909588e-03 -7.735452740192e-01 1.153837250372e-03 1.065072320276e-02 -7.721076124907e-01 1.120786430410e-03 1.004929778073e-02
4378 -7.731682713032e-01 1.197196024372e-03 1.146622656617e-02 -7.726988168955e-01 1.124508043268e-03 1.011614671500e-02 -7.724380896688e-01 1.027265675005e-03 8.442198136349e-03
4379 -7.697631050348e-01 1.111611635124e-03 9.885443418746e-03 -7.742496609688e-01 1.253235064994e-03 1.256478502505e-02 -7.723189237714e-01 1.040685584632e-03 8.664211888479e-03
4380 -7.717491032481e-01 8.683475176617e-04 6.032219291433e-03 -7.731598540545e-01 1.025687430924e-03 8.416277647636e-03 -7.710322402716e-01 9.523333513761e-04 7.255510497146e-03
4381 -7.726161521673e-01 1.292818848017e-03 1.337104459031e-02 -7.730594304800e-01 1.050702015846e-03 8.831797808819e-03 -7.721888451576e-01 9.396461149295e-04 7.063478570418e-03
4382 -7.741713147163e-01 1.259424627704e-03 1.268920314294e-02 -7.737686882615e-01 1.085215419524e-03 9.421540054185e-03 -7.724925699234e-01 1.043113125810e-03 8.704679945897e-03
4383 -7.732395439744e-01 1.296440972828e-03 1.344607356821e-02 -7.724135566354e-01 1.080614005428e-03 9.341813029815e-03 -7.711222400069e-01 9.365129394580e-04 7.016451886178e-03
4384 -7.750613786578e-01 1.330448110694e-03 1.416073740198e-02 -7.714200056195e-01 1.012515131429e-03 8.201495130986e-03 -7.750857526660e-01 1.230814933817e-03 1.211924321046e-02
4385 -7.709842117429e-01 1.075487168693e-03 9.253381200189e-03 -7.759740067124e-01 1.176965631223e-03 1.108198477665e-02 -7.729218695164e-01 1.003283885914e-03 8.052628445882e-03
4386 -7.744072204232e-01 1.067617568060e-03 9.118458173043e-03 -7.738739252687e-01 1.161207941767e-03 1.078723107219e-02 -7.715511388779e-01 1.277394299418e-03 1.305388956948e-02
4387 -7.726411578059e-01 9.894018987948e-04 7.831328938710e-03 -7.737095645070e-01 9.605946596954e-04 7.381936801882e-03 -7.749299157858e-01 1.200602895514e-03 1.153157850174e-02
4388 -7.734303945899e-01 1.150167545149e-03 1.058308305531e-02 -7.745495828390e-01 1.037221485154e-03 8.606627274126e-03 -7.735092088580e-01 1.233307288350e-03 1.216837493998e-02
4389 -7.726664960980e-01 1.146755897652e-03 1.052039271039e-02 -7.729298527241e-01 1.073797792929e-03 9.224333600788e-03 -7.732611167431e-01 1.027542449166e-03 8.446747878708e-03
4390 -7.723791801929e-01 1.162448346934e-03 1.081028927431e-02 -7.727800328135e-01 1.009320745065e-03 8.149826931354e-03 -7.725736467838e-01 9.687277497560e-04 7.507467625179e-03
4391 -7.724790745378e-01 1.220712473342e-03 1.192111154059e-02 -7.731235208511e-01 1.091226220582e-03 9.526197315882e-03 -7.721867001057e-01 9.872897544278e-04 7.797928473584e-03
4392 -7.723912535906e-01 1.037511564548e-03 8.611441972562e-03 -7.730028075576e-01 1.071461518617e-03 9.184238287020e-03 -7.716428090334e-01 8.497241350271e-04 5.776248845181e-03
4393 -7.717768305540e-01 1.172712086210e-03 1.100202909715e-02 -7.736719222665e-01 1.106751883040e-03 9.799197844901e-03 -7.726379516721e-01 9.330741405892e-04 6.965018814689e-03
4394 -7.713869010806e-01 9.920385064672e-04 7.873123186509e-03 -7.729863035083e-01 1.053922465771e-03 8.886020510857e-03 -7.718385261893e-01 9.836606306281e-04 7.740705889982e-03
4395 -7.724730419517e-01 1.184446376461e-03 1.122330574969e-02 -7.746081411839e-01 1.099201320420e-03 9.665948342507e-03 -7.707983140349e-01 8.758158650545e-04 6.136427435850e-03
4396 -7.725340542793e-01 1.286937957825e-03 1.324967445833e-02 -7.735792285204e-01 9.967994938472e-04 7.948873847472e-03 -7.739774597287e-01 1.115759583941e-03 9.959355593248e-03
4397 -7.716327990890e-01 1.101768706591e-03 9.711154262586e-03 -7.713927682638e-01 9.080449801975e-04 6.596365488496e-03 -7.714056437612e-01 9.906600704975e-04 7.851259002225e-03
4398 -7.706059746742e-01 1.028467498082e-03 8.461963156889e-03 -7.715297896862e-01 1.016697032796e-03 8.269382851965e-03 -7.728665122986e-01 1.290646133760e-03 1.332613954071e-02
4399 -7.741691865921e-01 1.260477727330e-03 1.271043280877e-02 -7.724943842292e-01 1.082985757880e-03 9.382865214162e-03 -7.752065776587e-01 1.122565664887e-03 1.008122937587e-02
4400 -7.737968865633e-01 1.275649576436e-03 1.301825473490e-02 -7.729818730354e-01 9.952959312903e-04 7.924911926744e-03 -7.713411813974e-01 1.127707609783e-03 1.017379562531e-02
4401 -7.748051006794e-01 1.129943504875e-03 1.021417859367e-02 -7.730441026092e-01 1.097805145577e-03 9.641409101237e-03 -7.732724449039e-01 1.039533527911e-03 8.645039645212e-03
4402 -7.713582369685e-01 1.047312347777e-03 8.774905230457e-03 -7.735580639243e-01 1.152791776971e-03 1.063143104842e-02 -7.756967743039e-01 1.232806226180e-03 1.215848953047e-02
4403 -7.731474440098e-01 9.836285923459e-04 7.740201661442e-03 -7.719688568115e-01 9.590444171874e-04 7.358129553107e-03 -7.710934136510e-01 9.324796980656e-04 6.956147098436e-03
4404 -7.717028472424e-01 1.015227980293e-03 8.245502815755e-03 -7.739407339096e-01 1.017658681462e-03 8.285033535636e-03 -7.733773579597e-01 1.129156863461e-03 1.019996177841e-02
4405 -7.719015426636e-01 1.126131663287e-03 1.014538018447e-02 -7.743472548723e-01 1.146646674880e-03 1.051838877610e-02 -7.736001549363e-01 1.104082739029e-03 9.751989556969e-03
4406 -7.712157181501e-01 8.852336655800e-04 6.269109141410e-03 -7.733481456041e-01 1.203754322710e-03 1.159219575554e-02 -7.740742320418e-01 1.199302093037e-03 1.150660408290e-02
4407 -7.716007716656e-01 1.236938736859e-03 1.224013950993e-02 -7.743307193518e-01 1.077129388039e-03 9.281661748611e-03 -7.744648833871e-01 1.100581870726e-03 9.690243633369e-03
4408 -7.728712424040e-01 1.086561523811e-03 9.444927560214e-03 -7.730986652970e-01 9.298023418539e-04 6.916259159335e-03 -7.710831005573e-01 1.030155693363e-03 8.489766020540e-03
4409 -7.718859822154e-01 1.139952248197e-03 1.039592902535e-02 -7.719646447301e-01 9.399568179074e-04 7.068150556245e-03 -7.732749574780e-01 1.014472810671e-03 8.233240668722e-03
4410 -7.742068376541e-01 1.324632027785e-03 1.403720007227e-02 -7.735631474853e-01 9.962080479175e-04 7.939443797885e-03 -7.725825866461e-01 1.081121969822e-03 9.350597709046e-03
4411 -7.731213735938e-01 1.136039220861e-03 1.032468089068e-02 -7.727331043482e-01 1.030584229921e-03 8.496830839701e-03 -7.726819791794e-01 1.119478073926e-03 1.002584926402e-02
4412 -7.739127173424e-01 1.147649702802e-03 1.053679872274e-02 -7.724762813449e-01 1.087946491200e-03 9.469020541720e-03 -7.736059415936e-01 9.771497430633e-04 7.638572962950e-03
4413 -7.731315762997e-01 1.027410643731e-03 8.444581046819e-03 -7.753717777133e-01 1.238714854300e-03 1.227531592210e-02 -7.726848139763e-01 1.033484488467e-03 8.544721503209e-03
4414 -7.719331221581e-01 1.038486279961e-03 8.627630029337e-03 -7.724033598900e-01 9.566213904962e-04 7.320995878039e-03 -7.736410415173e-01 1.170237412634e-03 1.095564481542e-02
4415 -7.721836785674e-01 1.138004998088e-03 1.036044300539e-02 -7.727976815701e-01 9.844642003208e-04 7.753358093706e-03 -7.719911301732e-01 1.058450576062e-03 8.962540975721e-03
4416 -7.725303038955e-01 1.235469462315e-03 1.221107833850e-02 -7.743797813058e-01 1.306459004087e-03 1.365468103488e-02 -7.711691479683e-01 1.018952353924e-03 8.306111196536e-03
4417 -7.717539706230e-01 8.981546686306e-04 6.453454470264e-03 -7.733843601942e-01 1.157528643471e-03 1.071898048364e-02 -7.721374557614e-01 1.200890421967e-03 1.153710244457e-02
4418 -7.732136898041e-01 1.080582050844e-03 9.341260548847e-03 -7.746176398396e-01 1.117937630903e-03 9.998276372712e-03 -7.730775812864e-01 9.121673988615e-04 6.656394908366e-03
4419 -7.715824829340e-01 1.035094009365e-03 8.571356865794e-03 -7.751046894193e-01 1.177550327385e-03 1.109299818820e-02 -7.746947981119e-01 1.034461835006e-03 8.560890304667e-03
4420 -7.726836437583e-01 1.213683580101e-03 1.178422266086e-02 -7.744924598336e-01 1.118825294363e-03 1.001416031446e-02 -7.723716217875e-01 9.982602764495e-04 7.972188636296e-03
4421 -7.735557578802e-01 1.321920506171e-03 1.397979059709e-02 -7.724430056810e-01 1.081788806808e-03 9.362136180284e-03 -7.747991204858e-01 1.260926873759e-03 1.271949264775e-02
4422 -7.707473403811e-01 1.219978494253e-03 1.190678021153e-02 -7.733166500330e-01 1.058157695048e-03 8.957581660719e-03 -7.739966863394e-01 1.098471921309e-03 9.653124495228e-03
4423 -7.723607901931e-01 9.900719994532e-04 7.841940512810e-03 -7.732541166544e-01 1.267504620859e-03 1.285254371120e-02 -7.729092248678e-01 1.106117728693e-03 9.787971437828e-03
4424 -7.725065745115e-01 1.263087804053e-03 1.276312640598e-02 -7.748359826207e-01 1.196062153308e-03 1.144451739661e-02 -7.726899507046e-01 1.015090373902e-03 8.243267737513e-03
4425 -7.738341704607e-01 1.089211297838e-03 9.491050010697e-03 -7.733707495332e-01 1.165904504435e-03 1.087466650770e-02 -7.734765322208e-01 1.032320057368e-03 8.525477606754e-03
4426 -7.716987904906e-01 1.111402367973e-03 9.881721788296e-03 -7.731050209999e-01 9.692636771455e-04 7.515776606668e-03 -7.731508260369e-01 1.039339062018e-03 8.641805486690e-03
4427 -7.705871257782e-01 1.062408199562e-03 9.029689459966e-03 -7.733812790513e-01 8.898826420015e-04 6.335128932284e-03 -7.724329241514e-01 1.167903778975e-03 1.091199389556e-02
4428 -7.743566669226e-01 1.178981452712e-03 1.111997812672e-02 -7.718080160022e-01 9.360669574824e-04 7.009770791123e-03 -7.717619536519e-01 1.022523574987e-03 8.364435691240e-03
4429 -7.737892391086e-01 1.253437499164e-03 1.256884451448e-02 -7.713399325609e-01 1.025097333088e-03 8.406596338438e-03 -7.721939338446e-01 9.769237291816e-04 7.635039781105e-03
4430 -7.731971768141e-01 1.152280108571e-03 1.062199558887e-02 -7.709153391719e-01 1.061430756402e-03 9.013082005092e-03 -7.730315256119e-01 1.070195950914e-03 9.162554986816e-03
4431 -7.731401320100e-01 1.266325463272e-03 1.282864143146e-02 -7.751131866574e-01 1.233816910535e-03 1.217843334978e-02 -7.729060130119e-01 1.239313646563e-03 1.228718651646e-02
4432 -7.706662413478e-01 1.066282740173e-03 9.095671055925e-03 -7.763280699849e-01 1.369765891688e-03 1.501006878426e-02 -7.726750002503e-01 9.553841649689e-04 7.302071221386e-03
4433 -7.696371272802e-01 1.049603760853e-03 8.813344438370e-03 -7.721574550867e-01 1.079322400680e-03 9.319494756882e-03 -7.714164360166e-01 1.027343754468e-03 8.443481518762e-03
4434 -7.729872111678e-01 1.096434131448e-03 9.617342436833e-03 -7.725056360960e-01 9.836835078776e-04 7.741065949363e-03 -7.721624307632e-01 1.061049902353e-03 9.006615162268e-03
4435 -7.714553943872e-01 9.280442216031e-04 6.890128618007e-03 -7.731984633207e-01 1.083579752945e-03 9.393160647945e-03 -7.745814970136e-01 1.382492085982e-03 1.529027494242e-02
4436 -7.730758017898e-01 1.006261192746e-03 8.100492704209e-03 -7.739743725657e-01 1.108940743046e-03 9.837996572698e-03 -7.745347706079e-01 1.231912370654e-03 1.214086471176e-02
4437 -7.724347920418e-01 1.156925381357e-03 1.070781070422e-02 -7.746632617712e-01 1.110704570781e-03 9.869317148437e-03 -7.748934579492e-01 1.220245524893e-03 1.191199312816e-02
4438 -7.709469035864e-01 1.109697724178e-03 9.851432312374e-03 -7.728378845453e-01 1.036330843613e-03 8.591852939389e-03 -7.728529472351e-01 9.737237928831e-04 7.585104198613e-03
4439 -7.733201038837e-01 1.152253428843e-03 1.062150371424e-02 -7.744305840731e-01 1.121540106032e-03 1.006281767550e-02 -7.737097038627e-01 1.161116788851e-03 1.078553757881e-02
4440 -7.733739553094e-01 1.176039854330e-03 1.106455791177e-02 -7.735388808250e-01 1.026921061094e-03 8.436534925740e-03 -7.740639523864e-01 1.052462424948e-03 8.861417247426e-03
4441 -7.729502671957e-01 1.073767392999e-03 9.223811314135e-03 -7.737207050920e-01 1.228295951748e-03 1.206968756064e-02 -7.734843384624e-01 9.860014465195e-04 7.777590820308e-03
4442 -7.722680517435e-01 1.113649463897e-03 9.921721027505e-03 -7.717624988556e-01 9.217876677933e-04 6.797540035966e-03 -7.740859497190e-01 1.111331147398e-03 9.880455353422e-03
4443 -7.735344052911e-01 1.145674770162e-03 1.050056543188e-02 -7.732957410216e-01 1.001566097957e-03 8.025077188612e-03 -7.717072564960e-01 1.115869706471e-03 9.961321614554e-03
4444 -7.750566657782e-01 1.191902479455e-03 1.136505216426e-02 -7.734968577027e-01 9.803323766793e-04 7.688412550126e-03 -7.721514644623e-01 9.491085757707e-04 7.206456708812e-03
4445 -7.715788419843e-01 9.490295612387e-04 7.205256864839e-03 -7.748782026768e-01 1.204349510454e-03 1.160366194665e-02 -7.722085494399e-01 9.809847468786e-04 7.698648588868e-03
4446 -7.722633661628e-01 1.084824330232e-03 9.414750619707e-03 -7.734365258217e-01 1.046703463643e-03 8.764705126413e-03 -7.746619769931e-01 1.104582068329e-03 9.760812365388e-03
4447 -7.724147935510e-01 1.123970608462e-03 1.010647942950e-02 -7.724123570323e-01 1.060462232845e-03 8.996641178330e-03 -7.733905001879e-01 1.126703909656e-03 1.015569360028e-02
4448 -7.720994822979e-01 1.207305144297e-03 1.166068569156e-02 -7.754983136058e-01 1.237850957219e-03 1.225819993830e-02 -7.744952363968e-01 1.152758325238e-03 1.063081405125e-02
4449 -7.716152970195e-01 9.205161251288e-04 6.778799492977e-03 -7.726450881958e-01 1.066425150303e-03 9.098100809586e-03 -7.731476182342e-01 1.062029894436e-03 9.023259973400e-03
4450 -7.722677276134e-01 1.122238413923e-03 1.007535246147e-02 -7.744976558089e-01 1.080685267580e-03 9.343045180512e-03 -7.738141121268e-01 1.002631465844e-03 8.042158850409e-03
4451 -7.706100283861e-01 1.022340444491e-03 8.361439875535e-03 -7.750792916417e-01 1.244985800955e-03 1.239991715664e-02 -7.731853923202e-01 1.088190688638e-03 9.473271798702e-03
4452 -7.702734752893e-01 1.096660029482e-03 9.621305762101e-03 -7.729981300235e-01 1.020743566159e-03 8.335339422834e-03 -7.746078929305e-01 1.022016504000e-03 8.356141875587e-03
4453 -7.727960862517e-01 1.255693014250e-03 1.261411956829e-02 -7.754144895077e-01 1.183347400464e-03 1.120248856148e-02 -7.732501406074e-01 1.109160420287e-03 9.841894703451e-03
4454 -7.730653106570e-01 1.212587360904e-03 1.176294486259e-02 -7.744895134568e-01 1.051964891211e-03 8.853041058731e-03 -7.724566914439e-01 1.137157859033e-03 1.034502397088e-02
4455 -7.731051277518e-01 1.136201625663e-03 1.032763307328e-02 -7.723885331154e-01 8.861990208601e-04 6.282789636588e-03 -7.717601090670e-01 1.129456496400e-03 1.020537581807e-02
4456 -7.728969733715e-01 1.089078336537e-03 9.488732984914e-03 -7.715096230507e-01 1.129149657934e-03 1.019983160010e-02 -7.730967322588e-01 9.837692342988e-04 7.742415250823e-03
4457 -7.714015564919e-01 1.057189849916e-03 8.941203030117e-03 -7.745335853696e-01 1.146355422130e-03 1.051304603077e-02 -7.732815225720e-01 1.031889339307e-03 8.518364868600e-03
4458 -7.709878894687e-01 1.088519478012e-03 9.478997232095e-03 -7.734274528623e-01 1.073944960335e-03 9.226862222624e-03 -7.736492463946e-01 1.026727539699e-03 8.433355526206e-03
4459 -7.725420830846e-01 1.094692651438e-03 9.586816008890e-03 -7.734373275042e-01 1.196048987197e-03 1.144426543819e-02 -7.730480776429e-01 1.027148999872e-03 8.440280543507e-03
4460 -7.725029110909e-01 1.158184239086e-03 1.073112585334e-02 -7.740449131131e-01 1.112455871165e-03 9.900464522318e-03 -7.714764158726e-01 1.089926410254e-03 9.503516638153e-03
4461 -7.730186844468e-01 1.052656450600e-03 8.864684823926e-03 -7.739831654429e-01 1.167147787589e-03 1.089787166459e-02 -7.745406017303e-01 1.387574029461e-03 1.540289349787e-02
4462 -7.732216500044e-01 1.112370193557e-03 9.898939580106e-03 -7.721052433848e-01 1.229735729734e-03 1.209799971987e-02 -7.718370003700e-01 1.197051344761e-03 1.146345537596e-02
4463 -7.727036414742e-01 1.094277126517e-03 9.579539436948e-03 -7.747752464414e-01 1.113810349088e-03 9.924587949884e-03 -7.717375852466e-01 1.257394253817e-03 1.264832247627e-02
4464 -7.736752082705e-01 1.213225994555e-03 1.177533851091e-02 -7.731599083543e-01 1.062626818983e-03 9.033406051371e-03 -7.735634506345e-01 1.169459705052e-03 1.094108801393e-02
4465 -7.701121662259e-01 1.001612519157e-03 8.025821108253e-03 -7.752155563831e-01 1.250154998897e-03 1.250310017014e-02 -7.735239167809e-01 1.053669453999e-03 8.881754546326e-03
4466 -7.722789486051e-01 1.058828981025e-03 8.968950488475e-03 -7.718731353879e-01 1.091041607391e-03 9.522974312469e-03 -7.716506045461e-01 1.067431514970e-03 9.115280313215e-03
4467 -7.719825432897e-01 9.903035022630e-04 7.845608212754e-03 -7.735568744540e-01 9.871173223238e-04 7.795204864254e-03 -7.761632141471e-01 1.259998389945e-03 1.270076754132e-02
4468 -7.721822816730e-01 1.012839159955e-03 8.206745311506e-03 -7.743950678706e-01 1.133895060214e-03 1.028574406062e-02 -7.737095046639e-01 1.047006566385e-03 8.769782000418e-03
4469 -7.726478658319e-01 1.293569983385e-03 1.338658641533e-02 -7.736533153653e-01 1.038015180161e-03 8.619804113954e-03 -7.719815055132e-01 1.008143542398e-03 8.130827216638e-03
4470 -7.727814170122e-01 1.147119058287e-03 1.052705707108e-02 -7.740249170065e-01 1.240459748120e-03 1.230992309364e-02 -7.743839095831e-01 1.222285822191e-03 1.195186104903e-02
4471 -7.709521847963e-01 1.100730546588e-03 9.692861889542e-03 -7.720863237977e-01 9.851317661965e-04 7.763876774156e-03 -7.715844218731e-01 9.457082020965e-04 7.154912028101e-03
4472 -7.723149624467e-01 1.120425278553e-03 1.004282243856e-02 -7.729306213856e-01 1.001768779442e-03 8.028325499714e-03 -7.730969578028e-01 1.102020737931e-03 9.715597654645e-03
4473 -7.720207774639e-01 1.324403871429e-03 1.403236491724e-02 -7.745953361988e-01 1.277036134808e-03 1.304657031685e-02 -7.723533112407e-01 1.004995487544e-03 8.080127439865e-03
4474 -7.722870450020e-01 1.134802269600e-03 1.030220952871e-02 -7.719387209415e-01 1.028051465324e-03 8.455118522841e-03 -7.728895912170e-01 1.012983384906e-03 8.209082704771e-03
4475 -7.742440683246e-01 1.223717514617e-03 1.197987644464e-02 -7.728721202016e-01 1.096856645745e-03 9.624756010516e-03 -7.715011085272e-01 1.050549001346e-03 8.829225633834e-03
4476 -7.733805892467e-01 1.301125181968e-03 1.354341391320e-02 -7.737673419714e-01 1.128514801135e-03 1.018836525104e-02 -7.732409934402e-01 1.276396647474e-03 1.303350721346e-02
4477 -7.715305756330e-01 1.083848751051e-03 9.397824921243e-03 -7.734349861741e-01 1.120608295653e-03 1.004610361830e-02 -7.730314236879e-01 8.938162382433e-04 6.391259741979e-03
4478 -7.722929544449e-01 1.015878873888e-03 8.256079091302e-03 -7.714278296232e-01 1.095954507447e-03 9.608930259144e-03 -7.727097866535e-01 1.012927679535e-03 8.208179871747e-03
4479 -7.719671169519e-01 1.066738177883e-03 9.103442721226e-03 -7.737578946948e-01 1.157400740587e-03 1.071661179449e-02 -7.722504506111e-01 1.071238305810e-03 9.180412062672e-03
4480 -7.707872868776e-01 1.132397155052e-03 1.025858653416e-02 -7.729101473689e-01 1.059966613406e-03 8.988233772286e-03 -7.744179496169e-01 1.112031515326e-03 9.892912728624e-03
4481 -7.740749627352e-01 1.120599737941e-03 1.004595018138e-02 -7.733051105142e-01 1.031561399391e-03 8.512951365715e-03 -7.716699541211e-01 1.175780525118e-03 1.105967874597e-02
4482 -7.744704051614e-01 1.121014669651e-03 1.005339111659e-02 -7.739380074739e-01 1.147990233701e-03 1.054305261338e-02 -7.732920067310e-01 1.006675551154e-03 8.107165322330e-03
4483 -7.722480968237e-01 9.537814913003e-04 7.277593065177e-03 -7.722436597943e-01 1.173900938099e-03 1.102434729976e-02 -7.729238271713e-01 1.045473705178e-03 8.744122145747e-03
4484 -7.723040843010e-01 1.025593188322e-03 8.414731103457e-03 -7.735620983839e-01 9.371128227215e-04 7.025443540072e-03 -7.748187785745e-01 1.000624517513e-03 8.009995400386e-03
4485 -7.725394105911e-01 1.244576046746e-03 1.239175628908e-02 -7.734997720718e-01 1.046464851717e-03 8.760709487030e-03 -7.736472913027e-01 9.937122938966e-04 7.899712984330e-03
4486 -7.707788370252e-01 1.004289050245e-03 8.068771971542e-03 -7.733041756153e-01 1.094563711853e-03 9.584557754447e-03 -7.721855413914e-01 1.097906096307e-03 9.643182370464e-03
4487 -7.729765827060e-01 1.005184093182e-03 8.083160489487e-03 -7.741511067748e-01 1.023277134443e-03 8.376768750995e-03 -7.728673797250e-01 1.131724137952e-03 1.024639619538e-02
4488 -7.733785605431e-01 1.233612253294e-03 1.217439353181e-02 -7.736752184033e-01 1.232747788960e-03 1.215733688948e-02 -7.725644081235e-01 1.059214889644e-03 8.975489459543e-03
4489 -7.732377135158e-01 1.251306343846e-03 1.252614052919e-02 -7.730778458714e-01 1.070593870800e-03 9.169369889560e-03 -7.730213179588e-01 1.075878847833e-03 9.260122361709e-03
4490 -7.730606335998e-01 9.195348035844e-04 6.764354040024e-03 -7.726239150763e-01 1.117536985857e-03 9.991111318068e-03 -7.733404967785e-01 1.022957620667e-03 8.371538349452e-03
4491 -7.729313806891e-01 1.257340393311e-03 1.264723891721e-02 -7.747965126038e-01 1.495474908563e-03 1.789156161714e-02 -7.747211479545e-01 1.062328736795e-03 9.028338760158e-03
4492 -7.723796908855e-01 1.157063944913e-03 1.071037578095e-02 -7.719604929090e-01 1.060583637508e-03 8.998701217200e-03 -7.740796589255e-01 1.040026312732e-03 8.653237849408e-03
4493 -7.713161100745e-01 1.078302813190e-03 9.301895655470e-03 -7.728736762404e-01 1.029462880755e-03 8.478350582823e-03 -7.733975538015e-01 1.010318795531e-03 8.165952548818e-03
4494 -7.736450906396e-01 1.060586589616e-03 8.998751312593e-03 -7.741076976061e-01 1.162532831176e-03 1.081186066850e-02 -7.721314006448e-01 9.800284229136e-04 7.683645677749e-03
4495 -7.730267081857e-01 1.024916136093e-03 8.403624688189e-03 -7.743837317824e-01 1.064478995140e-03 9.064924248754e-03 -7.717608421445e-01 9.622285708296e-04 7.407070580165e-03
4496 -7.729678082466e-01 1.046902545446e-03 8.768039517292e-03 -7.730861128569e-01 9.823144892626e-04 7.719534046522e-03 -7.731379674673e-01 9.554811218577e-04 7.303553393811e-03
4497 -7.729681901336e-01 1.063883691464e-03 9.054788071712e-03 -7.722772793174e-01 9.863991711352e-04 7.783866598530e-03 -7.745141628385e-01 1.313972518098e-03 1.381219022654e-02
4498 -7.714075623751e-01 1.085413728484e-03 9.424983695848e-03 -7.732408990264e-01 1.058876431447e-03 8.969754376594e-03 -7.726475430727e-01 9.584831690892e-04 7.349519883419e-03
4499 -7.733085252643e-01 1.044463217809e-03 8.727227306844e-03 -7.741745612025e-01 1.080108914963e-03 9.333082145453e-03 -7.734401583076e-01 1.114663851105e-03 9.939804007690e-03
4500 -7.727498911023e-01 9.919865580172e-04 7.872298650294e-03 -7.741033386588e-01 1.018575408069e-03 8.299966895385e-03 -7.727394164801e-01 1.027091756549e-03 8.439339810969e-03
4501 -7.720666406155e-01 1.164739135136e-03 1.085293802335e-02 -7.725057477951e-01 1.021971062984e-03 8.355398828617e-03 -7.739640488625e-01 1.100143260514e-03 9.682521549236e-03
4502 -7.735081923008e-01 1.097342363528e-03 9.633282102347e-03 -7.728565768600e-01 8.234231440858e-04 5.424205393729e-03 -7.753135144711e-01 1.112950942133e-03 9.909278396756e-03
4503 -7.716935483217e-01 1.029968739752e-03 8.486684838927e-03 -7.739482119679e-01 1.189046569101e-03 1.131065394792e-02 -7.732476161718e-01 1.074590974734e-03 9.237966103846e-03
4504 -7.721102226973e-01 1.033092900022e-03 8.538247520602e-03 -7.721537013054e-01 9.140302088323e-04 6.683609781264e-03 -7.744424520135e-01 1.238958404171e-03 1.228014341812e-02
4505 -7.737499447465e-01 1.098921800461e-03 9.661032988231e-03 -7.708839988112e-01 1.003146787058e-03 8.050427811079e-03 -7.742828000188e-01 1.029847851654e-03 8.484692780447e-03
4506 -7.733035986423e-01 1.072458107735e-03 9.201331142766e-03 -7.740102646351e-01 1.125477353085e-03 1.013359417846e-02 -7.724575953484e-01 1.052574161767e-03 8.863298928150e-03
4507 -7.724577225447e-01 1.222931842161e-03 1.196449832456e-02 -7.738618557453e-01 1.202094076545e-03 1.156024135092e-02 -7.724370799661e-01 1.166592974419e-03 1.088751334372e-02
4508 -7.727032732964e-01 1.183449109047e-03 1.120441434963e-02 -7.729893338680e-01 8.279418900334e-04 5.483902186176e-03 -7.724389328361e-01 1.060517534501e-03 8.997579527867e-03
4509 -7.719299188852e-01 1.086112748194e-03 9.437127214315e-03 -7.741044223905e-01 1.186490941657e-03 1.126208603707e-02 -7.720156518221e-01 9.533708988541e-04 7.271328566255e-03
4510 -7.734825104475e-01 1.089488083032e-03 9.495874264550e-03 -7.717130934000e-01 8.032362975269e-04 5.161508397317e-03 -7.721994570494e-01 1.132273023397e-03 1.025633759610e-02
4511 -7.713927469254e-01 1.000989113424e-03 8.015833641545e-03 -7.728001113534e-01 1.162323356772e-03 1.080796468558e-02 -7.719245641828e-01 1.077844252922e-03 9.293985868452e-03
4512 -7.746823376417e-01 1.124401568892e-03 1.011423110502e-02 -7.724262369871e-01 1.058198329178e-03 8.958269631002e-03 -7.730510304570e-01 9.717800900158e-04 7.554852346809e-03
4513 -7.719888640046e-01 1.009443654767e-03 8.151811937202e-03 -7.723055472970e-01 1.067393509771e-03 9.114631237605e-03 -7.704244148135e-01 1.019301502901e-03 8.311804430535e-03
4514 -7.738053697944e-01 1.131513728169e-03 1.024258653629e-02 -7.725797609091e-01 9.643231594849e-04 7.439353247351e-03 -7.734341152310e-01 1.030326986531e-03 8.492589593387e-03
4515 -7.718169898391e-01 1.032109307406e-03 8.521996979476e-03 -7.724731618762e-01 9.768396492811e-04 7.633725603261e-03 -7.736514734030e-01 1.074726389903e-03 9.240294505228e-03
4516 -7.721158077717e-01 9.888964308803e-04 7.823329208063e-03 -7.718325805068e-01 1.004880686233e-03 8.078281548513e-03 -7.748592257500e-01 1.043282896574e-03 8.707513618268e-03
4517 -7.734972846508e-01 1.080903943964e-03 9.346826688613e-03 -7.714189122319e-01 9.876898883596e-04 7.804250524543e-03 -7.718096777201e-01 1.199316434235e-03 1.150687927541e-02
4518 -7.723477048278e-01 1.210046447825e-03 1.171369924714e-02 -7.726474890113e-01 1.110418522211e-03 9.864234355748e-03 -7.715934491158e-01 1.071553240757e-03 9.185810782210e-03
4519 -7.704013599157e-01 9.840184339221e-04 7.746338226388e-03 -7.741972741485e-01 1.253374961032e-03 1.256759034354e-02 -7.734612774849e-01 1.092973323465e-03 9.556725486454e-03
4520 -7.741875708699e-01 1.157920256813e-03 1.072623456909e-02 -7.731208554506e-01 9.068390730544e-04 6.578856835345e-03 -7.720673997402e-01 9.887571719175e-04 7.821125960147e-03
4521 -7.748534647822e-01 1.313194220762e-03 1.379583249155e-02 -7.739384290576e-01 1.080536237111e-03 9.340468477686e-03 -7.738438763022e-01 9.377383764748e-04 7.034826101709e-03
4522 -7.728175923824e-01 1.257965579629e-03 1.265981919626e-02 -7.721416372657e-01 9.809241057277e-04 7.697696809582e-03 -7.719870436192e-01 9.435438936899e-04 7.122200634556e-03
4523 -7.714492396116e-01 9.566102997396e-04 7.320826124543e-03 -7.747855711579e-01 1.102224258686e-03 9.719186531489e-03 -7.728266517520e-01 1.066609635235e-03 9.101248911810e-03
4524 -7.738631886244e-01 1.271277960945e-03 1.292918123187e-02 -7.733269855976e-01 9.714798596695e-04 7.550184941948e-03 -7.728373003602e-01 9.719973444737e-04 7.558230701311e-03
4525 -7.732266753316e-01 1.129117401588e-03 1.019924885255e-02 -7.726558012366e-01 9.338752333486e-04 6.976983611695e-03 -7.717072219849e-01 1.161546081701e-03 1.079351439933e-02
4526 -7.692955835462e-01 9.092261873263e-04 6.613538077760e-03 -7.747770572305e-01 1.085102384451e-03 9.419577477936e-03 -7.720210794806e-01 1.022115270397e-03 8.357757007838e-03
4527 -7.738962677717e-01 1.049462843200e-03 8.810978074053e-03 -7.705912224650e-01 9.647980717621e-04 7.446682554208e-03 -7.735443964005e-01 1.205360954557e-03 1.162316024617e-02
4528 -7.731767011285e-01 1.157767563714e-03 1.072340585271e-02 -7.739955151677e-01 1.200124461571e-03 1.152238978609e-02 -7.715963507295e-01 9.472550372212e-04 7.178336844328e-03
4529 -7.724575564265e-01 1.007976712956e-03 8.128136430895e-03 -7.724766065478e-01 1.084369829601e-03 9.406863418798e-03 -7.747005320787e-01 1.308990819201e-03 1.370765571803e-02
4530 -7.714437429905e-01 1.152140559391e-03 1.061942294876e-02 -7.726511653066e-01 1.113505917404e-03 9.919163424749e-03 -7.721282316446e-01 9.107169471706e-04 6.635242862910e-03
4531 -7.727866567373e-01 1.232924577938e-03 1.216082411907e-02 -7.743114751577e-01 1.469060158121e-03 1.726510198542e-02 -7.729512847662e-01 1.033929629506e-03 8.552083830157e-03
4532 -7.747651922107e-01 1.375947479553e-03 1.514585173190e-02 -7.732954773307e-01 8.710534824477e-04 6.069873354273e-03 -7.739658811092e-01 8.891133982959e-04 6.324181080234e-03
4533 -7.732315567136e-01 1.094168201772e-03 9.577632430148e-03 -7.741138467789e-01 1.014560532346e-03 8.234664590348e-03 -7.730202538967e-01 1.335615710698e-03 1.427095461331e-02
4534 -7.740449699163e-01 1.198633409422e-03 1.149377640147e-02 -7.717602940202e-01 1.034493397471e-03 8.561412715292e-03 -7.737316788435e-01 9.663953592077e-04 7.471359922386e-03
4535 -7.724847151041e-01 1.041371281597e-03 8.675633169075e-03 -7.738105039597e-01 1.091812043590e-03 9.536428308232e-03 -7.721257083416e-01 9.790681997877e-04 7.668596318685e-03
4536 -7.715413603187e-01 1.130572513906e-03 1.022555367360e-02 -7.738568974137e-01 9.428910742940e-04 7.112348623867e-03 -7.738333767056e-01 1.262255154818e-03 1.274630460693e-02
4537 -7.732946970463e-01 1.208552024158e-03 1.168478396076e-02 -7.736911268234e-01 8.316432259345e-04 5.533043641941e-03 -7.724341813326e-01 1.058770982477e-03 8.967967946687e-03
4538 -7.735776742697e-01 1.162215558331e-03 1.080596003221e-02 -7.712187680602e-01 8.253226317193e-04 5.449259571424e-03 -7.712825441957e-01 1.058709356465e-03 8.966924011726e-03
4539 -7.726993594766e-01 1.152038443241e-03 1.061754059765e-02 -7.722280927300e-01 9.866875360248e-04 7.788418349973e-03 -7.751427506208e-01 1.102639048942e-03 9.726502978011e-03
4540 -7.751671828628e-01 1.287592853642e-03 1.326316285400e-02 -7.739680958390e-01 9.942786533382e-04 7.908720323872e-03 -7.707631430626e-01 8.359491679757e-04 5.590488091514e-03
4541 -7.733766664863e-01 1.169864817130e-03 1.094866952286e-02 -7.724972884655e-01 1.129998840484e-03 1.021517903595e-02 -7.730764252543e-01 1.020004232047e-03 8.323269067151e-03
4542 -7.715618423820e-01 1.059403516959e-03 8.978686493964e-03 -7.737306622267e-01 1.196884961335e-03 1.146026888535e-02 -7.720127192736e-01 1.001051247823e-03 8.016828806143e-03
4543 -7.731513141990e-01 1.062170611156e-03 9.025651257629e-03 -7.748650923967e-01 1.274415549858e-03 1.299307994975e-02 -7.727804301381e-01 1.176666263491e-03 1.107634796510e-02
4544 -7.710118221641e-01 1.007373698853e-03 8.118414153120e-03 -7.739987745285e-01 1.207259800478e-03 1.165980980680e-02 -7.725353355408e-01 9.987954977640e-04 7.980739570829e-03
4545 -7.720696796775e-01 1.071882617061e-03 9.191458758064e-03 -7.746362972856e-01 1.338343447690e-03 1.432930547181e-02 -7.727820143700e-01 1.078296482169e-03 9.301786427656e-03
4546 -7.735737822056e-01 1.111671221319e-03 9.886503234480e-03 -7.725262190104e-01 9.807112291724e-04 7.694356120198e-03 -7.737048884034e-01 1.126993615729e-03 1.016091687914e-02
4547 -7.727145867348e-01 1.164881536991e-03 1.085559196179e-02 -7.743707841039e-01 1.097888357445e-03 9.642870763304e-03 -7.734695280194e-01 1.121204908508e-03 1.005680357490e-02
4548 -7.718417264223e-01 1.045751082938e-03 8.748762619724e-03 -7.734012320638e-01 1.056641597643e-03 8.931931726955e-03 -7.740594189167e-01 1.129632658472e-03 1.020855954470e-02
4549 -7.708199719191e-01 1.131830974542e-03 1.024833083946e-02 -7.744304673672e-01 1.033541046314e-03 8.545656755325e-03 -7.719299745560e-01 9.783964390530e-04 7.658076735613e-03
4550 -7.718888258338e-01 1.050646617289e-03 8.830866515367e-03 -7.745990841985e-01 1.036919128720e-03 8.601610236042e-03 -7.731851620674e-01 9.769873763736e-04 7.636034668747e-03
4551 -7.715277605653e-01 1.126421442711e-03 1.015060213280e-02 -7.729693257213e-01 1.023745617407e-03 8.384440713278e-03 -7.730171552896e-01 9.803338838113e-04 7.688436189988e-03
4552 -7.751463562250e-01 1.242975383827e-03 1.235990243839e-02 -7.710566380620e-01 1.137650572763e-03 1.035399060566e-02 -7.726892120838e-01 1.029753322780e-03 8.483135246219e-03
4553 -7.722280840278e-01 1.016720076343e-03 8.269757709113e-03 -7.736874144673e-01 1.076276141216e-03 9.266962657214e-03 -7.741849242449e-01 1.071329167883e-03 9.181969487646e-03
4554 -7.730019864440e-01 1.117863510870e-03 9.996950631468e-03 -7.726719613671e-01 1.029697547867e-03 8.482216320663e-03 -7.727418234348e-01 1.193831496453e-03 1.140186913539e-02
4555 -7.746820169687e-01 1.053621448749e-03 8.880945258106e-03 -7.732179202437e-01 1.123205159498e-03 1.009271864259e-02 -7.735021355152e-01 1.182768266829e-03 1.119152618415e-02
4556 -7.717251709700e-01 9.592786664844e-04 7.361724479776e-03 -7.726775684357e-01 1.011526959365e-03 8.185494316170e-03 -7.713355202079e-01 1.047674204438e-03 8.780969909166e-03
4557 -7.719239427447e-01 1.006042379886e-03 8.096970161013e-03 -7.708756462932e-01 1.001730075533e-03 8.027705153816e-03 -7.719491689801e-01 1.057989604200e-03 8.954736020756e-03
4558 -7.708150445819e-01 9.051311273660e-04 6.554098861814e-03 -7.728282258511e-01 1.187214154448e-03 1.127581958817e-02 -7.722334110737e-01 9.825812105709e-04 7.723726682936e-03
4559 -7.725952576399e-01 1.121907690330e-03 1.006941492496e-02 -7.735725891590e-01 9.987092033802e-04 7.979360583330e-03 -7.729575300217e-01 1.051206326138e-03 8.840277920900e-03
4560 -7.709454457164e-01 9.576679921085e-04 7.337023864873e-03 -7.717609338164e-01 1.045448935488e-03 8.743707813698e-03 -7.730888392329e-01 9.881995832418e-04 7.812307330553e-03
4561 -7.734212062359e-01 1.198486695112e-03 1.149096286689e-02 -7.725042483807e-01 8.831219901378e-04 6.239235595720e-03 -7.724436414838e-01 1.099159864064e-03 9.665219254155e-03
4562 -7.755025365949e-01 1.225577234930e-03 1.201631647022e-02 -7.717504839897e-01 9.954437964883e-04 7.927266815736e-03 -7.733907580972e-01 1.145393350867e-03 1.049540742569e-02
4563 -7.731873519421e-01 1.297796733757e-03 1.347421089721e-02 -7.729549201727e-01 8.965251890457e-04 6.430059316747e-03 -7.730339385867e-01 1.036947489652e-03 8.602080770359e-03
4564 -7.724066870213e-01 1.124022989339e-03 1.010742144450e-02 -7.714481387734e-01 9.531059944965e-04 7.267288293961e-03 -7.725095708966e-01 1.129550095391e-03 1.020706734398e-02
4565 -7.717403995991e-01 1.064564541637e-03 9.066381306486e-03 -7.722104165554e-01 1.118397083463e-03 1.000649629038e-02 -7.707764587998e-01 9.585639615914e-04 7.350758947695e-03
4566 -7.718331507444e-01 1.068854550039e-03 9.139600393109e-03 -7.722691078186e-01 1.008220421345e-03 8.132067344140e-03 -7.746009265184e-01 1.125766963966e-03 1.013881005725e-02
4567 -7.729958026409e-01 1.144154955312e-03 1.047272449413e-02 -7.727257341146e-01 9.661775421150e-04 7.467992343099e-03 -7.720926923752e-01 9.235702609668e-04 6.823856215538e-03
4568 -7.733908354044e-01 1.159762505018e-03 1.076039254437e-02 -7.726730702519e-01 1.089690004115e-03 9.499394440547e-03 -7.732053865194e-01 1.083240039537e-03 9.387271866048e-03
4569 -7.715844239593e-01 1.128627400373e-03 1.019039847098e-02 -7.734202384949e-01 1.149628097896e-03 1.057315810777e-02 -7.733464642167e-01 9.912538959532e-04 7.860674289939e-03
4570 -7.745996203423e-01 1.219927345128e-03 1.190578181912e-02 -7.750969604850e-01 1.099862622566e-03 9.677582308150e-03 -7.739438984394e-01 1.159472288548e-03 1.075500790328e-02
4571 -7.715418949723e-01 9.540140343753e-04 7.281142222281e-03 -7.713216962814e-01 1.059725913542e-03 8.984152094667e-03 -7.726245731115e-01 1.060982694544e-03 9.005474224972e-03
4572 -7.733640556335e-01 1.023998804641e-03 8.388588415242e-03 -7.739165039659e-01 1.231849006533e-03 1.213961579917e-02 -7.720162633061e-01 1.065085408598e-03 9.075255420859e-03
4573 -7.717085835934e-01 9.990972912174e-04 7.985563178543e-03 -7.740542147756e-01 1.063545452728e-03 9.049031440153e-03 -7.724882634878e-01 1.058889151727e-03 8.969969885168e-03
4574 -7.722165384293e-01 1.072999876030e-03 9.210629871681e-03 -7.723482002616e-01 9.891720557133e-04 7.827690846432e-03 -7.732158675194e-01 9.788897033722e-04 7.665800410945e-03
4575 -7.739622659087e-01 1.216424705469e-03 1.183751251260e-02 -7.742832222581e-01 1.217404660555e-03 1.185659286032e-02 -7.733605672717e-01 1.109041109451e-03 9.839777459613e-03
4576 -7.718661563396e-01 1.129536619073e-03 1.020682379061e-02 -7.726671113968e-01 1.106268849834e-03 9.790646144904e-03 -7.737386171818e-01 1.082911031972e-03 9.381570425336e-03
4577 -7.721969579458e-01 1.007114493675e-03 8.114236826961e-03 -7.747573235631e-01 1.121627952655e-03 1.006439411341e-02 -7.746035516858e-01 1.273409646790e-03 1.297257702831e-02
4578 -7.732618038654e-01 1.209156179737e-03 1.169646933597e-02 -7.739813829064e-01 1.126269951213e-03 1.014787202404e-02 -7.736697837114e-01 1.098652421835e-03 9.656297152025e-03
4579 -7.710400229692e-01 1.019791203660e-03 8.319792792501e-03 -7.736939629912e-01 1.110308993803e-03 9.862288493752e-03 -7.724302991033e-01 1.109609790522e-03 9.849871097771e-03
4580 -7.735491053462e-01 1.165998301423e-03 1.087641631138e-02 -7.730228167176e-01 1.048964531131e-03 8.802612700571e-03 -7.719494113326e-01 1.043108673826e-03 8.704605643292e-03
4581 -7.725481218100e-01 1.020023488501e-03 8.323583336745e-03 -7.742378786206e-01 1.204676253916e-03 1.160995901398e-02 -7.729568898082e-01 9.358213093023e-04 7.006092183554e-03
4582 -7.738570999503e-01 1.102733647730e-03 9.728171982683e-03 -7.727524273396e-01 1.040274660325e-03 8.657370951311e-03 -7.733778405190e-01 1.165256282928e-03 1.086257763923e-02
4583 -7.730693467259e-01 1.061504246631e-03 9.014330124922e-03 -7.725045047998e-01 1.161284156514e-03 1.078864713737e-02 -7.730444772840e-01 1.069912064446e-03 9.157694605177e-03
4584 -7.711720893383e-01 1.034544330334e-03 8.562255771412e-03 -7.718702626824e-01 1.070233277194e-03 9.163194140910e-03 -7.731147279739e-01 9.507931684221e-04 7.232061192945e-03
4585 -7.720077447295e-01 1.069791605132e-03 9.155632627287e-03 -7.743466721177e-01 1.137591961448e-03 1.035292376601e-02 -7.713399323225e-01 1.017634824843e-03 8.284645093863e-03
4586 -7.715986565948e-01 1.140938072274e-03 1.041391747811e-02 -7.738819584250e-01 1.144713290581e-03 1.048294814106e-02 -7.740860504508e-01 1.043042176271e-03 8.703495851836e-03
4587 -7.715359314680e-01 1.056561103358e-03 8.930570921036e-03 -7.710029294491e-01 8.941564252572e-04 6.396125702630e-03 -7.736471217275e-01 1.200211000623e-03 1.152405156813e-02
4588 -7.732252746224e-01 1.129242279567e-03 1.020150500769e-02 -7.735225623250e-01 1.064778942437e-03 9.070033570060e-03 -7.724438077211e-01 1.162001562579e-03 1.080198105148e-02
4589 -7.718569662571e-01 1.023609494907e-03 8.382211184510e-03 -7.745657066107e-01 1.146958599549e-03 1.052411223263e-02 -7.729349861741e-01 1.115514281831e-03 9.954976903757e-03
4590 -7.720371219516e-01 1.003807778683e-03 8.061040452354e-03 -7.753748565912e-01 1.351181877261e-03 1.460553972352e-02 -7.729149107337e-01 1.026187357548e-03 8.424483942330e-03
4591 -7.725451563001e-01 1.066507488387e-03 9.099505782278e-03 -7.713599594235e-01 1.126703412261e-03 1.015568463360e-02 -7.716849951148e-01 1.074165131033e-03 9.230645829824e-03
4592 -7.739322168231e-01 1.194014941738e-03 1.140537344875e-02 -7.726247665286e-01 1.084603227770e-03 9.410913293520e-03 -7.744639418721e-01 1.110032317611e-03 9.857373969127e-03
4593 -7.720789002180e-01 1.032413986126e-03 8.527029109986e-03 -7.723745914102e-01 1.090242949223e-03 9.509037506642e-03 -7.723002860546e-01 1.069807433173e-03 9.155903552575e-03
4594 -7.732073944211e-01 1.094534890388e-03 9.584053010215e-03 -7.735469495654e-01 1.199790850906e-03 1.151598468735e-02 -7.718477087617e-01 9.838414405179e-04 7.743551840643e-03
4595 -7.729519394040e-01 1.170815331050e-03 1.096646831538e-02 -7.717195041776e-01 1.021978634810e-03 8.355522640067e-03 -7.741768162847e-01 9.333844089320e-04 6.969651638699e-03
4596 -7.723078133464e-01 9.530141723736e-04 7.265888101959e-03 -7.721200335622e-01 9.913123664081e-04 7.861601662349e-03 -7.729519465566e-01 1.117721579552e-03 9.994412235176e-03
4597 -7.724824705720e-01 1.025189578976e-03 8.408109382732e-03 -7.746586804986e-01 1.201041349065e-03 1.154000257732e-02 -7.734772161841e-01 9.687029481070e-04 7.507083213370e-03
4598 -7.727096344233e-01 1.188645650185e-03 1.130302785364e-02 -7.741334638000e-01 1.215493498111e-03 1.181939555159e-02 -7.723070876598e-01 1.039809629630e-03 8.649632526962e-03
4599 -7.705078748465e-01 9.626209702679e-04 7.413113059195e-03 -7.731564933062e-01 1.239727105054e-03 1.229538636005e-02 -7.743825538754e-01 1.087838433301e-03 9.467139655742e-03
4600 -7.740366284251e-01 1.134947356209e-03 1.030484401093e-02 -7.715527235270e-01 9.239615532222e-04 6.829639614662e-03 -7.719772306085e-01 1.013705178978e-03 8.220785519102e-03
4601 -7.724465379119e-01 9.690348375591e-04 7.512228131226e-03 -7.735861285329e-01 1.044049907942e-03 8.720321682183e-03 -7.739094143510e-01 1.030353943422e-03 8.493033989802e-03
4602 -7.732331706285e-01 1.072430966452e-03 9.200865422440e-03 -7.765225697160e-01 1.069274561254e-03 9.146784698753e-03 -7.723943051696e-01 1.008879954544e-03 8.142710101442e-03
4603 -7.747212799191e-01 1.235263040187e-03 1.220699822761e-02 -7.725089331865e-01 1.093403262596e-03 9.564245557248e-03 -7.717292026877e-01 1.013371422214e-03 8.215373114881e-03
4604 -7.713514208794e-01 1.178864809281e-03 1.111777790849e-02 -7.751841683388e-01 1.230793970992e-03 1.211883039223e-02 -7.736545551419e-01 1.264112958435e-03 1.278385257347e-02
4605 -7.728404979110e-01 1.106692548503e-03 9.798147175299e-03 -7.736034947038e-01 1.090474321617e-03 9.513073968844e-03 -7.738626930714e-01 1.259460282847e-03 1.268992163255e-02
4606 -7.724375736713e-01 1.093647083243e-03 9.568511541492e-03 -7.733403456211e-01 1.060594491815e-03 8.998885408552e-03 -7.741537232399e-01 1.118451579194e-03 1.000747148001e-02
4607 -7.719267274737e-01 1.118291739972e-03 1.000461132552e-02 -7.723077849746e-01 9.911442146900e-04 7.858934834508e-03 -7.728652892709e-01 9.645062853999e-04 7.442178996608e-03
4608 -7.730596558452e-01 1.135903490404e-03 1.032221391609e-02 -7.725064868331e-01 1.164070326257e-03 1.084047779577e-02 -7.725816254020e-01 8.719062013656e-04 6.081763391838e-03
4609 -7.718761766553e-01 1.049090746521e-03 8.804731155483e-03 -7.743589851260e-01 1.021238502922e-03 8.343424638809e-03 -7.727897130847e-01 1.184656288173e-03 1.122728416887e-02
4610 -7.712053110600e-01 9.836809160334e-04 7.741025156546e-03 -7.710515327454e-01 9.885842045026e-04 7.818389835137e-03 -7.728049613237e-01 8.895703066791e-04 6.330682644201e-03
4611 -7.716105444431e-01 8.813548928662e-04 6.214291577434e-03 -7.717060990930e-01 1.149260358360e-03 1.056639497038e-02 -7.737571459413e-01 1.106100286054e-03 9.787662742468e-03
4612 -7.707637340426e-01 1.071569218548e-03 9.186084721124e-03 -7.730794303417e-01 9.709959578483e-04 7.542665201262e-03 -7.739200239778e-01 1.041978547523e-03 8.685754347988e-03
4613 -7.726477009058e-01 1.148450397752e-03 1.055150652877e-02 -7.716863006949e-01 1.005410241143e-03 8.086798023967e-03 -7.723020936251e-01 9.750765358714e-04 7.606194006456e-03
4614 -7.727806310058e-01 9.602057709579e-04 7.375960980647e-03 -7.724688319564e-01 1.103433669600e-03 9.740526905649e-03 -7.740980780125e-01 1.027463167051e-03 8.445444477176e-03
4615 -7.738250880837e-01 1.066996581627e-03 9.107853641638e-03 -7.743268921375e-01 1.233410005245e-03 1.217040192831e-02 -7.741108274460e-01 1.084425665608e-03 9.407832193833e-03
4616 -7.713020514250e-01 1.143220651256e-03 1.045562765967e-02 -7.754896205664e-01 1.282080520958e-03 1.314984369776e-02 -7.745120669603e-01 1.094985835924e-03 9.591951846994e-03
4617 -7.730079042912e-01 1.131223523802e-03 1.023733328643e-02 -7.737339006066e-01 1.114119389177e-03 9.930096106723e-03 -7.747757647634e-01 1.217163628444e-03 1.185189838725e-02
4618 -7.722029252052e-01 1.096531731378e-03 9.619054703346e-03 -7.737558295131e-01 1.046641038765e-03 8.763659712213e-03 -7.736355924010e-01 1.203939544699e-03 1.159576341832e-02
4619 -7.714300698042e-01 1.105950687864e-03 9.785015391898e-03 -7.721231277585e-01 1.087581634461e-03 9.462670492935e-03 -7.736382131577e-01 1.134220456949e-03 1.029164835969e-02
4620 -7.730953369737e-01 1.251237993996e-03 1.252477214096e-02 -7.727769775391e-01 1.091373290082e-03 9.528765266430e-03 -7.726933631301e-01 9.926122908416e-04 7.882233279439e-03
4621 -7.732270364761e-01 1.077613597075e-03 9.290008516806e-03 -7.744442420006e-01 1.133526550259e-03 1.027905952113e-02 -7.735579100847e-01 9.828863819884e-04 7.728525119186e-03
4622 -7.728983600140e-01 1.112996804811e-03 9.910095100159e-03 -7.711345968246e-01 9.024257280114e-04 6.514977556615e-03 -7.726711317897e-01 9.761408097260e-04 7.622807043300e-03
4623 -7.738768963218e-01 1.160844145850e-03 1.078047304763e-02 -7.735526952147e-01 1.255272713677e-03 1.260567668562e-02 -7.723807209730e-01 1.085515401895e-03 9.426749502009e-03
4624 -7.721478049159e-01 1.015458323037e-03 8.249244846597e-03 -7.732000222206e-01 9.958962959528e-04 7.934475458340e-03 -7.738417583704e-01 9.254908645829e-04 6.852266723412e-03
4625 -7.716131445765e-01 9.502899780031e-04 7.224408338345e-03 -7.724311614037e-01 9.554008313134e-04 7.302325987794e-03 -7.748830480576e-01 1.032362001107e-03 8.526170410642e-03
4626 -7.726997841597e-01 9.721378827428e-04 7.560416504509e-03 -7.742506816387e-01 1.129377337575e-03 1.020394536503e-02 -7.726225914955e-01 1.044006924411e-03 8.719603665743e-03
4627 -7.740946784019e-01 1.132042722111e-03 1.025216579748e-02 -7.728167092800e-01 1.162374526576e-03 1.080891632027e-02 -7.719952469468e-01 9.069281804094e-04 6.580149795365e-03
4628 -7.707990422845e-01 1.119568532251e-03 1.002746958726e-02 -7.737236651778e-01 1.133228459415e-03 1.027365392983e-02 -7.744585310817e-01 1.153562136237e-03 1.064564481728e-02
4629 -7.711641667485e-01 9.895482702951e-04 7.833646233951e-03 -7.725915595293e-01 8.995149483920e-04 6.473017139045e-03 -7.738617754579e-01 1.164361946906e-03 1.084590994723e-02
4630 -7.716525672078e-01 1.146694319537e-03 1.051926289966e-02 -7.742170676589e-01 1.201988982873e-03 1.155822011959e-02 -7.735063050389e-01 1.154208862429e-03 1.065758478488e-02
4631 -7.736763689518e-01 9.802127052475e-04 7.686535580230e-03 -7.721669483185e-01 1.147894750618e-03 1.054129886796e-02 -7.729699842334e-01 8.833883004404e-04 6.242999114839e-03
4632 -7.715887387991e-01 1.214257770512e-03 1.179537546599e-02 -7.735961013436e-01 9.949023902949e-04 7.918646129716e-03 -7.713303943872e-01 9.834419931691e-04 7.737265231427e-03
4633 -7.727699757218e-01 1.189708486178e-03 1.132325025668e-02 -7.736682462692e-01 9.347451931073e-04 6.989988608297e-03 -7.736413289905e-01 1.236076740660e-03 1.222308567041e-02
4634 -7.717367969751e-01 1.004425317863e-03 8.070961753320e-03 -7.729872178435e-01 9.464054483167e-04 7.165466180829e-03 -7.711384138465e-01 1.150875752649e-03 1.059611998429e-02
4635 -7.705711516738e-01 1.008722061899e-03 8.140161585289e-03 -7.741808849573e-01 9.840958886140e-04 7.747557743896e-03 -7.726362839937e-01 9.357332241790e-04 7.004773334660e-03
4636 -7.717541385293e-01 1.280387531371e-03 1.311513784393e-02 -7.737666779160e-01 1.108181590278e-03 9.824531496249e-03 -7.715653617978e-01 1.077480585358e-03 9.287715294588e-03
4637 -7.727461313009e-01 9.209620727287e-04 6.785369115239e-03 -7.715517110229e-01 1.052554606289e-03 8.862969593767e-03 -7.722656928301e-01 1.214743767127e-03 1.180481935819e-02
4638 -7.726956922412e-01 1.033430670069e-03 8.543831598709e-03 -7.726995503902e-01 1.161583801267e-03 1.079421541893e-02 -7.739947573543e-01 1.206683312611e-03 1.164867693546e-02
4639 -7.748474981785e-01 1.381785479108e-03 1.527464888219e-02 -7.736962543130e-01 1.104713942018e-03 9.763143149510e-03 -7.720621098876e-01 9.827853021771e-04 7.726935601403e-03
4640 -7.734529820681e-01 1.160015273093e-03 1.076508347048e-02 -7.728409300447e-01 1.042229902368e-03 8.689945355122e-03 -7.729485371113e-01 1.078697812656e-03 9.308711768227e-03
4641 -7.703709504604e-01 1.025811332278e-03 8.418311115447e-03 -7.734348078966e-01 1.112360322063e-03 9.898763888803e-03 -7.726732115746e-01 1.095741758496e-03 9.605200010490e-03
4642 -7.729384995699e-01 1.009067725472e-03 8.145741396707e-03 -7.735538222790e-01 1.054642781128e-03 8.898171166279e-03 -7.729680927992e-01 1.242743356483e-03 1.235528840065e-02
4643 -7.720234791636e-01 9.694563114830e-04 7.518764318993e-03 -7.726252095699e-01 9.706272509899e-04 7.536938082914e-03 -7.745805362463e-01 1.184772759749e-03 1.122949193795e-02
4644 -7.721917361021e-01 1.240604725324e-03 1.231280067598e-02 -7.739249274731e-01 1.335559362503e-03 1.426975048615e-02 -7.704480721951e-01 1.049987419418e-03 8.819788647497e-03
4645 -7.720056945682e-01 1.087163500791e-03 9.455395819624e-03 -7.724495810270e-01 9.343138358297e-04 6.983538750583e-03 -7.734958552718e-01 1.196516121142e-03 1.145320662523e-02
4646 -7.725336369276e-01 1.170829949715e-03 1.096674216919e-02 -7.721630192399e-01 8.666936234220e-04 6.009262695042e-03 -7.720892775059e-01 9.675338234686e-04 7.488973596447e-03
4647 -7.715729299188e-01 9.003629135950e-04 6.485227009419e-03 -7.738246811032e-01 1.054433047254e-03 8.894632409135e-03 -7.730639554262e-01 1.067572357508e-03 9.117685908125e-03
4648 -7.717776994109e-01 9.953317337629e-04 7.925482081883e-03 -7.714933851957e-01 1.032005983798e-03 8.520290804767e-03 -7.719422615170e-01 9.698975561943e-04 7.525610156093e-03
4649 -7.722401209474e-01 1.075508775644e-03 9.253753011905e-03 -7.746084484458e-01 1.105179568708e-03 9.771375032713e-03 -7.755422407985e-01 1.179438337406e-03 1.112859833394e-02
4650 -7.734441685677e-01 1.180584329624e-03 1.115023487482e-02 -7.716808707714e-01 9.214289962310e-04 6.792251160761e-03 -7.736148465276e-01 1.012493428293e-03 8.201143538694e-03
4651 -7.730911140442e-01 1.046421304674e-03 8.759980374999e-03 -7.735513126850e-01 1.129047138265e-03 1.019797952340e-02 -7.729285087585e-01 1.017317200077e-03 8.279474284584e-03
4652 -7.732394465804e-01 1.060956603350e-03 9.005031313542e-03 -7.739506490231e-01 1.164249925921e-03 1.084382312005e-02 -7.744066736698e-01 1.047968354306e-03 8.785901373015e-03
4653 -7.729449452162e-01 1.089609790872e-03 9.497995970908e-03 -7.747316914201e-01 1.247342101035e-03 1.244689853612e-02 -7.722206723094e-01 1.077838075924e-03 9.293879343298e-03
4654 -7.712547332048e-01 1.162293057036e-03 1.080740120347e-02 -7.716242845058e-01 1.085145714884e-03 9.420329780250e-03 -7.744224914312e-01 1.139628674941e-03 1.039002813398e-02
4655 -7.719369917512e-01 1.058143113858e-03 8.957334795240e-03 -7.739789465666e-01 9.526472262653e-04 7.260293901688e-03 -7.743418591619e-01 1.168233515260e-03 1.091815636942e-02
4656 -7.700228766203e-01 1.276287696014e-03 1.303128226397e-02 -7.737812832594e-01 1.126604274336e-03 1.015389752761e-02 -7.723198909163e-01 9.719962280390e-04 7.558213338577e-03
4657 -7.718305376768e-01 9.316544578848e-04 6.943840231173e-03 -7.722522054911e-01 9.721683307155e-04 7.560890105969e-03 -7.738629367948e-01 1.089228937908e-03 9.491357433413e-03
4658 -7.720476037860e-01 1.207340409098e-03 1.166136690753e-02 -7.731394535303e-01 1.218611253503e-03 1.188010709731e-02 -7.734759692550e-01 1.100781641692e-03 9.693761781490e-03
4659 -7.707780123949e-01 1.017375036939e-03 8.280415726290e-03 -7.721779524088e-01 1.026346559831e-03 8.427098087022e-03 -7.731201453805e-01 1.038715746003e-03 8.631443207963e-03
4660 -7.714635047317e-01 1.132637827060e-03 1.026294757830e-02 -7.732946010232e-01 1.004620145717e-03 8.074093097450e-03 -7.710476894975e-01 9.156963851595e-04 6.707998958353e-03
4661 -7.708522918820e-01 1.212276648921e-03 1.175691738815e-02 -7.723241336346e-01 1.024262624867e-03 8.392911397591e-03 -7.743927549720e-01 1.064659580085e-03 9.068000171732e-03
4662 -7.719485967755e-01 1.144176075711e-03 1.047311113784e-02 -7.742779407501e-01 1.263627067734e-03 1.277402693049e-02 -7.732798318863e-01 1.075503538755e-03 9.253662894993e-03
4663 -7.716008343101e-01 1.142117200990e-03 1.043545360637e-02 -7.736570913196e-01 1.012455141774e-03 8.200523312836e-03 -7.733965089321e-01 1.081868342427e-03 9.363512882768e-03
4664 -7.715245298743e-01 1.095001661458e-03 9.592229108765e-03 -7.738271567822e-01 1.187794155733e-03 1.128683965115e-02 -7.731242312789e-01 1.069205538940e-03 9.145603875998e-03
4665 -7.736931623220e-01 1.260320024796e-03 1.270725251922e-02 -7.735165156722e-01 1.066202546305e-03 9.094302957970e-03 -7.725176603198e-01 9.467059743877e-04 7.170017615532e-03
4666 -7.735307586193e-01 1.059568186818e-03 8.981477940132e-03 -7.727156133652e-01 1.064125607606e-03 9.058906470098e-03 -7.723640769720e-01 1.046309264889e-03 8.758104622347e-03
4667 -7.726258885264e-01 1.003878863418e-03 8.062182179342e-03 -7.726599808931e-01 1.122790549313e-03 1.008526894102e-02 -7.729249090552e-01 1.128481836810e-03 1.018777004809e-02
4668 -7.716858493686e-01 9.612694816519e-04 7.392312130843e-03 -7.739341107011e-01 1.095742709162e-03 9.605216677448e-03 -7.724825422764e-01 1.075122459529e-03 9.247106423873e-03
4669 -7.735203450918e-01 1.094081495253e-03 9.576114546041e-03 -7.734790312648e-01 1.075239779936e-03 9.249124674853e-03 -7.719725288153e-01 9.561633852793e-04 7.313987354791e-03
4670 -7.732975976467e-01 9.618266471528e-04 7.400883993386e-03 -7.728837357759e-01 1.057149413186e-03 8.940519054404e-03 -7.751820743084e-01 1.228987931342e-03 1.208329068307e-02
4671 -7.730982456207e-01 1.194993738007e-03 1.142408027100e-02 -7.740808267593e-01 1.189598271964e-03 1.132115238928e-02 -7.712430617809e-01 8.869073015673e-04 6.292836492587e-03
4672 -7.707952513695e-01 1.118005885169e-03 9.999497274189e-03 -7.737742435336e-01 1.051910656935e-03 8.852128241392e-03 -7.740463473201e-01 1.239901313372e-03 1.229884213521e-02
4673 -7.723564946055e-01 1.206050128000e-03 1.163645528998e-02 -7.739682274461e-01 9.751069931726e-04 7.606669185074e-03 -7.743386367559e-01 1.257063571762e-03 1.264167058761e-02
4674 -7.725461505055e-01 1.044851508499e-03 8.733717398507e-03 -7.735823006034e-01 1.065514369538e-03 9.082566973531e-03 -7.714085954428e-01 1.014329449298e-03 8.230913853703e-03
4675 -7.703094315529e-01 1.152933112240e-03 1.063403809040e-02 -7.740462839007e-01 9.740221613686e-04 7.589753366697e-03 -7.745767246485e-01 1.154430243329e-03 1.066167349371e-02
4676 -7.710675609112e-01 1.079953339929e-03 9.330393731386e-03 -7.725014043450e-01 1.146835187804e-03 1.052184758389e-02 -7.744055466652e-01 1.145595501023e-03 1.049911241572e-02
4677 -7.710051165819e-01 1.184038032342e-03 1.121556849625e-02 -7.735407081246e-01 1.091310012134e-03 9.527660340667e-03 -7.721985524297e-01 9.633515402405e-04 7.424369520669e-03
4678 -7.702937374115e-01 9.796735845951e-04 7.678082658827e-03 -7.747193535566e-01 1.214672992105e-03 1.180344382199e-02 -7.724627724290e-01 9.913138582136e-04 7.861625323891e-03
4679 -7.723541308641e-01 9.939089371436e-04 7.902839802671e-03 -7.745880928040e-01 1.118705819491e-03 1.001202168451e-02 -7.730128467679e-01 9.624483650770e-04 7.410454843516e-03
4680 -7.722115851045e-01 1.183012018556e-03 1.119613948838e-02 -7.727056806684e-01 1.055401699102e-03 8.910981971747e-03 -7.724533140659e-01 9.575037020769e-04 7.334506715928e-03
4681 -7.722437323928e-01 1.240549886965e-03 1.231171217639e-02 -7.742891632318e-01 1.162996374750e-03 1.082048454145e-02 -7.719640415907e-01 1.097241039040e-03 9.631503182022e-03
4682 -7.737148481607e-01 1.357920317975e-03 1.475158071976e-02 -7.758753958344e-01 1.063321198132e-03 9.045215763182e-03 -7.716730284095e-01 1.014814119021e-03 8.238781569310e-03
4683 -7.715228964686e-01 1.062712430344e-03 9.034861676857e-03 -7.732006618977e-01 1.214854636580e-03 1.180697430417e-02 -7.712311760187e-01 9.548806469331e-04 7.294376399098e-03
4684 -7.718362324238e-01 1.066538550832e-03 9.100035843288e-03 -7.734720658660e-01 1.062422158212e-03 9.029926738080e-03 -7.711604481936e-01 9.796119585247e-04 7.677116714278e-03
4685 -7.744869038463e-01 1.059850874080e-03 8.986271002303e-03 -7.723674022555e-01 1.077701165479e-03 9.291518416605e-03 -7.738282995820e-01 1.112828398987e-03 9.907096364733e-03
4686 -7.724700176120e-01 1.145225320305e-03 1.049232827415e-02 -7.740345581174e-01 1.184039388812e-03 1.121559419406e-02 -7.715995980501e-01 1.115448947345e-03 9.953810833067e-03
4687 -7.733100224137e-01 1.054473233340e-03 8.895310398652e-03 -7.743886723518e-01 1.186810492981e-03 1.126815316999e-02 -7.718555461764e-01 1.123428673111e-03 1.009673586855e-02
4688 -7.726179098487e-01 1.211552009119e-03 1.174286616640e-02 -7.726155323386e-01 1.098891220947e-03 9.660495323801e-03 -7.717366304398e-01 1.007169030546e-03 8.115115648724e-03
4689 -7.751766237020e-01 1.039413945272e-03 8.643050797011e-03 -7.720559547544e-01 1.184020229696e-03 1.121523123463e-02 -7.733821134567e-01 1.114175085488e-03 9.931088968981e-03
4690 -7.729915591478e-01 1.056642554935e-03 8.931947911201e-03 -7.733437478542e-01 1.071499403971e-03 9.184887781687e-03 -7.726210673451e-01 1.104211496931e-03 9.754264239644e-03
4691 -7.736796742082e-01 1.138470111127e-03 1.036891355144e-02 -7.737783063054e-01 1.241152770785e-03 1.232368160342e-02 -7.722361242771e-01 1.008470175425e-03 8.136096757779e-03
4692 -7.710227892995e-01 1.092768524675e-03 9.553144388166e-03 -7.725548081994e-01 8.950615969556e-04 6.409082098758e-03 -7.745804560781e-01 1.212822575751e-03 1.176750880202e-02
4693 -7.719041209221e-01 1.184822615452e-03 1.123043704068e-02 -7.736413165331e-01 1.084797086817e-03 9.414277756529e-03 -7.733131973147e-01 1.139637306147e-03 1.039018551650e-02
4694 -7.727068449259e-01 9.281935064981e-04 6.892345484042e-03 -7.745459389687e-01 1.041415165585e-03 8.676364376888e-03 -7.731616268158e-01 1.128637935429e-03 1.019058871431e-02
4695 -7.713009628654e-01 1.125874269170e-03 1.014074295983e-02 -7.732543316483e-01 1.010099602256e-03 8.162409651815e-03 -7.730694493651e-01 1.004367608761e-03 8.070034348226e-03
4696 -7.733440392613e-01 1.321614985356e-03 1.397332935615e-02 -7.728339183331e-01 1.127702704829e-03 1.017370712382e-02 -7.733953189254e-01 1.054101680330e-03 8.889042819805e-03
4697 -7.736722416878e-01 1.209861457180e-03 1.171011796456e-02 -7.740256987810e-01 1.075748896253e-03 9.257885502325e-03 -7.729272750616e-01 9.561998049006e-04 7.314544535135e-03
4698 -7.727532607913e-01 1.092391737391e-03 9.546557663362e-03 -7.741129200459e-01 1.043641922665e-03 8.713507701953e-03 -7.730111215711e-01 9.532127249297e-04 7.268915991744e-03
4699 -7.711071085930e-01 9.537809627801e-04 7.277584999694e-03 -7.743409062624e-01 1.100070705146e-03 9.681244450555e-03 -7.719993629456e-01 8.994301025277e-04 6.471796074664e-03
4700 -7.725032737255e-01 1.012883676937e-03 8.207466744041e-03 -7.737182591558e-01 9.738134658301e-04 7.586501329856e-03 -7.733871420622e-01 1.039326761206e-03 8.641600932465e-03
4701 -7.719047589302e-01 1.068274970548e-03 9.129691301600e-03 -7.729495261908e-01 9.336475591948e-04 6.973582118323e-03 -7.727699596882e-01 9.319344823147e-04 6.948015034618e-03
4702 -7.741578980088e-01 1.104535876467e-03 9.759996019215e-03 -7.736718087792e-01 1.284274613935e-03 1.319489027199e-02 -7.728531209230e-01 1.040511098123e-03 8.661306762535e-03
4703 -7.725568338037e-01 1.086540961920e-03 9.444570095440e-03 -7.720926380754e-01 1.031161679949e-03 8.506355281559e-03 -7.712348282337e-01 1.070262442160e-03 9.163693560795e-03
4704 -7.719433020353e-01 1.098816805607e-03 9.659186978281e-03 -7.710778906941e-01 9.616330831019e-04 7.397905492128e-03 -7.743320927620e-01 1.474731289222e-03 1.739865900328e-02
4705 -7.733507184386e-01 1.313367236488e-03 1.379946798304e-02 -7.719553302526e-01 8.450402717186e-04 5.712744486610e-03 -7.713614134789e-01 9.828378615793e-04 7.727762097230e-03
4706 -7.716537922025e-01 1.017919162162e-03 8.289275365581e-03 -7.753386673927e-01 1.135428849325e-03 1.031358937503e-02 -7.752658956647e-01 1.287265169323e-03 1.325641292922e-02
4707 -7.740908501148e-01 1.120313442708e-03 1.004081767931e-02 -7.730490180850e-01 1.169521639593e-03 1.094224692381e-02 -7.729308157563e-01 1.053848148843e-03 8.884767366552e-03
4708 -7.718859518766e-01 1.005735396287e-03 8.092029498764e-03 -7.729197812080e-01 1.105866964368e-03 9.783533943048e-03 -7.727197203040e-01 9.911299270172e-04 7.858708257833e-03
4709 -7.744612730145e-01 1.182612867408e-03 1.118858555326e-02 -7.758065472245e-01 1.441264619303e-03 1.661794962283e-02 -7.721949788332e-01 1.110363200988e-03 9.863251504861e-03
4710 -7.712114663124e-01 1.040863749228e-03 8.667178755656e-03 -7.730452634692e-01 9.784027053765e-04 7.658174831104e-03 -7.723862464428e-01 1.000152270389e-03 8.002436511710e-03
4711 -7.710755440593e-01 9.499494195154e-04 7.219231197102e-03 -7.738053659797e-01 1.178160582503e-03 1.110449886532e-02 -7.733581770062e-01 1.006540834389e-03 8.104995610342e-03
4712 -7.724262728691e-01 9.451351804197e-04 7.146244074137e-03 -7.731591078043e-01 1.026334079393e-03 8.426893140189e-03 -7.734942148328e-01 9.469552313231e-04 7.173793681041e-03
4713 -7.734441260099e-01 1.139608259533e-03 1.038965588157e-02 -7.740472886562e-01 1.043163449113e-03 8.705519852519e-03 -7.715186804533e-01 9.928130271554e-04 7.885421655115e-03
4714 -7.731345984340e-01 1.142320413126e-03 1.043916740996e-02 -7.760040004849e-01 1.255064545265e-03 1.260149610226e-02 -7.726035888195e-01 1.040693610533e-03 8.664345528032e-03
4715 -7.731291501522e-01 1.100028266123e-03 9.680497490150e-03 -7.749603716135e-01 1.290183894127e-03 1.331659584531e-02 -7.734355333447e-01 1.048941681429e-03 8.802229208321e-03
4716 -7.744783290625e-01 1.419673376691e-03 1.612377997188e-02 -7.735663905144e-01 1.214928646070e-03 1.180841292032e-02 -7.732508854270e-01 1.030753764700e-03 8.499626587539e-03
4717 -7.716343842149e-01 1.094928125580e-03 9.590940801496e-03 -7.745255641341e-01 1.153504854306e-03 1.064458759126e-02 -7.738316568732e-01 1.179077438578e-03 1.112178884931e-02
4718 -7.732855832577e-01 1.028203205919e-03 8.457614661298e-03 -7.742022782564e-01 1.075887462662e-03 9.260270658507e-03 -7.724321129322e-01 1.027037603094e-03 8.438449905360e-03
4719 -7.729568234682e-01 1.274116507719e-03 1.298698300193e-02 -7.741457144618e-01 1.164349352824e-03 1.084567532338e-02 -7.702996038795e-01 1.046498472067e-03 8.761272416303e-03
4720 -7.728657304049e-01 1.400383635831e-03 1.568859462003e-02 -7.748478554487e-01 9.765038580001e-04 7.628478277512e-03 -7.732940652370e-01 1.248152530509e-03 1.246307791532e-02
4721 -7.712099829912e-01 1.068256929453e-03 9.129382938602e-03 -7.717916287780e-01 1.064243605281e-03 9.060915611057e-03 -7.730374389887e-01 1.251347011611e-03 1.252695474774e-02
4722 -7.721373686790e-01 1.072799081110e-03 9.207182947448e-03 -7.730498493314e-01 9.491953941894e-04 7.207775170803e-03 -7.707600557804e-01 9.802667854694e-04 7.687383765556e-03
4723 -7.731336270571e-01 1.170382633652e-03 1.095836407324e-02 -7.719702157378e-01 1.042528350268e-03 8.694922888906e-03 -7.720264306664e-01 1.073564486837e-03 9.220325659182e-03
4724 -7.714890289307e-01 1.047482169863e-03 8.777751169452e-03 -7.742575415373e-01 1.118925080708e-03 1.001594668990e-02 -7.724653382301e-01 9.922873362328e-04 7.877073261183e-03
4725 -7.708605375290e-01 1.078132586258e-03 9.298958988414e-03 -7.742427030206e-01 9.132133092504e-04 6.671668385536e-03 -7.709361398816e-01 1.049844339379e-03 8.817385095417e-03
4726 -7.726654471159e-01 1.065509455218e-03 9.082483193273e-03 -7.738672834039e-01 1.196816752745e-03 1.145896271722e-02 -7.752000017166e-01 1.316438101997e-03 1.386407421112e-02
4727 -7.734474925399e-01 1.094374818738e-03 9.581249951098e-03 -7.730329125524e-01 1.042516079744e-03 8.694718212199e-03 -7.735368307829e-01 1.225744987298e-03 1.201960619109e-02
4728 -7.718513273001e-01 1.040713933820e-03 8.664683936377e-03 -7.749700461626e-01 1.113838746306e-03 9.925094022175e-03 -7.722493156791e-01 1.094605259084e-03 9.585285385714e-03
4729 -7.705169416070e-01 9.222778420933e-04 6.804771344131e-03 -7.715617872477e-01 7.995091906915e-04 5.113719568001e-03 -7.723527442813e-01 1.169311199942e-03 1.093830945847e-02
4730 -7.725366076827e-01 1.160799723902e-03 1.077964799210e-02 -7.728787252307e-01 1.110934488711e-03 9.873403505657e-03 -7.735990905762e-01 1.034050314293e-03 8.554080419912e-03
4731 -7.728951642513e-01 1.020716053261e-03 8.334890091072e-03 -7.712069030404e-01 1.064162849432e-03 9.059540560894e-03 -7.727816030383e-01 9.730209084443e-04 7.574157506157e-03
4732 -7.738212632537e-01 1.348455894177e-03 1.454666638833e-02 -7.741649175286e-01 1.242059688936e-03 1.234169816704e-02 -7.723609529138e-01 1.065612580735e-03 9.084241377770e-03
4733 -7.710923831463e-01 1.142398010391e-03 1.044058571317e-02 -7.748694090247e-01 1.168059071697e-03 1.091489595979e-02 -7.724853649735e-01 9.459009296350e-04 7.157828549475e-03
4734 -7.714555358887e-01 1.143610142147e-03 1.046275325777e-02 -7.736432130337e-01 1.068404863477e-03 9.131911618414e-03 -7.745418756604e-01 1.025073949726e-03 8.406212819262e-03
4735 -7.734371810555e-01 1.277870286773e-03 1.306361975855e-02 -7.739591608047e-01 1.107354513775e-03 9.809872153431e-03 -7.738366702199e-01 1.156570287541e-03 1.070123864017e-02
4736 -7.734043942094e-01 1.334246370581e-03 1.424170701927e-02 -7.727066691518e-01 9.760516721344e-04 7.621414933411e-03 -7.728180956244e-01 1.024702128404e-03 8.400115615643e-03
4737 -7.729676920772e-01 1.181458292808e-03 1.116674958116e-02 -7.719835378528e-01 1.102498892580e-03 9.724030465120e-03 -7.727533510327e-01 9.148027819900e-04 6.694913039492e-03
4738 -7.734834368229e-01 1.040243373381e-03 8.656850206902e-03 -7.734246462584e-01 1.039590713505e-03 8.645990812845e-03 -7.742234685421e-01 1.196201899446e-03 1.144719187391e-02
4739 -7.736034865379e-01 1.240681389439e-03 1.231432248081e-02 -7.710680804253e-01 9.996459590081e-04 7.994336346889e-03 -7.745697236061e-01 1.226714886794e-03 1.203863530786e-02
4740 -7.729967346191e-01 1.070129929894e-03 9.161424534847e-03 -7.723834400773e-01 1.038082898414e-03 8.620928831844e-03 -7.724233807325e-01 9.932504257441e-04 7.892371265927e-03
4741 -7.738775858879e-01 1.195090986256e-03 1.142593972345e-02 -7.745392430425e-01 1.125744662717e-03 1.013840836509e-02 -7.763153487444e-01 1.213960277235e-03 1.178959643764e-02
4742 -7.735550999641e-01 1.017588041252e-03 8.283883373594e-03 -7.750880248547e-01 1.195159237554e-03 1.142724482489e-02 -7.732034486532e-01 1.060189303152e-03 8.992010868150e-03
4743 -7.711724411249e-01 1.119548520206e-03 1.002711111277e-02 -7.718843340278e-01 1.048229564343e-03 8.790281756498e-03 -7.722891201973e-01 9.835911231298e-04 7.739611979997e-03
4744 -7.741737243533e-01 1.131150931766e-03 1.023601944349e-02 -7.750633403063e-01 1.108609512367e-03 9.832120407292e-03 -7.709508203864e-01 9.541479313078e-04 7.283186198551e-03
4745 -7.732674861550e-01 1.096262402188e-03 9.614330035602e-03 -7.740084148645e-01 1.087448537463e-03 9.460354573040e-03 -7.731808240414e-01 9.984706991361e-04 7.975549896267e-03
4746 -7.723399488926e-01 1.136147227180e-03 1.032664417462e-02 -7.737647693753e-01 1.128812974077e-03 1.019374984357e-02 -7.724620820880e-01 9.838532476177e-04 7.743737702784e-03
4747 -7.721513324380e-01 1.229016615502e-03 1.208385472944e-02 -7.721588380337e-01 1.228622653273e-03 1.207610899308e-02 -7.723977276087e-01 1.228091839470e-03 1.206567652939e-02
4748 -7.734585056901e-01 1.089785425172e-03 9.501058183330e-03 -7.745924051404e-01 1.159303818579e-03 1.075188275018e-02 -7.703460704088e-01 9.438133414853e-04 7.126268988525e-03
4749 -7.713195130229e-01 1.075088165842e-03 9.246516514670e-03 -7.745328074098e-01 1.118478052412e-03 1.000794522982e-02 -7.717914137244e-01 1.009828650585e-03 8.158031228342e-03
4750 -7.724494252205e-01 1.090133186299e-03 9.507122910955e-03 -7.731766467094e-01 1.069725407577e-03 9.154499580927e-03 -7.724781861901e-01 1.066523719021e-03 9.099782745882e-03
4751 -7.723889834881e-01 9.923271214709e-04 7.877704928053e-03 -7.740601325035e-01 1.217417997299e-03 1.185685264118e-02 -7.731562082171e-01 1.082034726586e-03 9.366393196311e-03
4752 -7.712147977948e-01 1.203959375759e-03 1.159614542782e-02 -7.722820030451e-01 1.161956904006e-03 1.080115077413e-02 -7.743047652841e-01 1.159733877875e-03 1.075986133993e-02
4753 -7.726549333930e-01 1.154988883481e-03 1.067199456773e-02 -7.741730444431e-01 1.124695653080e-03 1.011952249647e-02 -7.750300228596e-01 1.140334842023e-03 1.040290841545e-02
4754 -7.712242900729e-01 1.022018061052e-03 8.356167336932e-03 -7.738967892528e-01 1.081381473826e-03 9.355087135468e-03 -7.731397578716e-01 1.127447833937e-03 1.016910894600e-02
4755 -7.709115958214e-01 9.139394801445e-04 6.682282986935e-03 -7.741163315773e-01 1.028850736177e-03 8.468270698652e-03 -7.736490109563e-01 1.002425126536e-03 8.038849074478e-03
4756 -7.725598418117e-01 1.073856137688e-03 9.225336035602e-03 -7.747307640910e-01 1.127480100374e-03 1.016969101392e-02 -7.730566115975e-01 1.100047807332e-03 9.680841427330e-03
4757 -7.724771279097e-01 1.392200260524e-03 1.550577252323e-02 -7.734425880313e-01 1.119462013833e-03 1.002556160333e-02 -7.723139170408e-01 9.491474692849e-04 7.207047347600e-03
4758 -7.715143490434e-01 9.034054788226e-04 6.529131673333e-03 -7.733342850208e-01 1.004370652566e-03 8.070083261879e-03 -7.719820548296e-01 1.019361496072e-03 8.312782877387e-03
4759 -7.717149982452e-01 1.138479194210e-03 1.036907900519e-02 -7.723964421153e-01 9.423794322996e-04 7.104631955370e-03 -7.743285654783e-01 1.035366250435e-03 8.575866180315e-03
4760 -7.719996233582e-01 1.157327926704e-03 1.071526343943e-02 -7.730756153464e-01 1.059219295515e-03 8.975564127939e-03 -7.746644195914e-01 9.979237362430e-04 7.966814266857e-03
4761 -7.710036668777e-01 1.049015669290e-03 8.803470995330e-03 -7.731222332716e-01 1.008623125147e-03 8.138564868645e-03 -7.735761379004e-01 1.040636822597e-03 8.663399972352e-03
4762 -7.728394770622e-01 1.207473931192e-03 1.166394635607e-02 -7.735096610785e-01 9.741540494331e-04 7.591808896215e-03 -7.719635243416e-01 9.534587387739e-04 7.272668532354e-03
4763 -7.709001138210e-01 9.610703790208e-04 7.389250187450e-03 -7.733963046074e-01 1.177500766206e-03 1.109206443533e-02 -7.725894854665e-01 8.763491247938e-04 6.143902308215e-03
4764 -7.710820268393e-01 1.176386088814e-03 1.107107383964e-02 -7.715566273928e-01 9.561204595607e-04 7.313330665525e-03 -7.721608381271e-01 1.071437818991e-03 9.183831999711e-03
4765 -7.738272838593e-01 1.163305114058e-03 1.082623030715e-02 -7.750857553482e-01 1.345938908690e-03 1.449241236740e-02 -7.741639621258e-01 1.154095994196e-03 1.065550051056e-02
4766 -7.713289162517e-01 9.874998811464e-04 7.801248122113e-03 -7.736752265692e-01 1.181618312492e-03 1.116977469134e-02 -7.724051279426e-01 1.039458005197e-03 8.643783556548e-03
4767 -7.710221763849e-01 1.073809753363e-03 9.224539091345e-03 -7.724872702360e-01 1.116445497932e-03 9.971604398814e-03 -7.739408819079e-01 1.256432848189e-03 1.262898801607e-02
4768 -7.736178938150e-01 1.323318889558e-03 1.400938306768e-02 -7.717321900725e-01 1.137728067450e-03 1.035540124371e-02 -7.715944685936e-01 9.098510496698e-04 6.622631460682e-03
4769 -7.723991238475e-01 1.053775786241e-03 8.883547261348e-03 -7.719982663393e-01 1.004281116455e-03 8.068644486939e-03 -7.738253902793e-01 1.224968544735e-03 1.200438348472e-02
4770 -7.732254602909e-01 1.200381097916e-03 1.152731824187e-02 -7.742405963540e-01 1.226072293220e-03 1.202602614561e-02 -7.709565068483e-01 9.657022524483e-04 7.460646723070e-03
4771 -7.737457764745e-01 1.168389329603e-03 1.092106900424e-02 -7.731460971236e-01 1.108784067539e-03 9.835216867434e-03 -7.737837410569e-01 9.682624627494e-04 7.500257574156e-03
4772 -7.728089891672e-01 1.092749703908e-03 9.552815323128e-03 -7.743859214187e-01 1.087039862986e-03 9.453245309769e-03 -7.738197094798e-01 1.232083927078e-03 1.214424642691e-02
4773 -7.748508384228e-01 1.115160121934e-03 9.948656780420e-03 -7.738693556786e-01 1.158627732736e-03 1.073934578452e-02 -7.734639021158e-01 1.194871312146e-03 1.142173962072e-02
4774 -7.734440279007e-01 1.310404047175e-03 1.373727013481e-02 -7.738255481124e-01 1.222976393947e-03 1.196537008122e-02 -7.732584443092e-01 1.005356456310e-03 8.085932833960e-03
4775 -7.714090843797e-01 1.027076187654e-03 8.439083961971e-03 -7.744957851171e-01 1.075380657360e-03 9.251548465799e-03 -7.719769384861e-01 1.057479431702e-03 8.946101987775e-03
4776 -7.723739777207e-01 1.094421184886e-03 9.582061839419e-03 -7.745340765119e-01 1.113326540930e-03 9.915967893916e-03 -7.737262672186e-01 9.936054339344e-04 7.898014066752e-03
4777 -7.722439799905e-01 1.102229754789e-03 9.719283458733e-03 -7.721663535833e-01 1.136277410211e-03 1.032901082364e-02 -7.700750441551e-01 9.962072618237e-04 7.939431268083e-03
4778 -7.727338869572e-01 1.208519800364e-03 1.168416086298e-02 -7.739699252844e-01 1.077399375309e-03 9.286315311324e-03 -7.742751526833e-01 1.062096544617e-03 9.024392560702e-03
4779 -7.723988891244e-01 8.803137378145e-04 6.199618215880e-03 -7.746454036832e-01 1.199495940798e-03 1.151032409593e-02 -7.743379909992e-01 1.122081194640e-03 1.007252965892e-02
4780 -7.707608945966e-01 9.848138539127e-04 7.758866614867e-03 -7.703684325218e-01 9.411821116610e-04 7.086590138486e-03 -7.744341449738e-01 1.104005365176e-03 9.750622770690e-03
4781 -7.725753117800e-01 1.102040995267e-03 9.715954841986e-03 -7.733508666754e-01 1.064331507874e-03 9.062412469229e-03 -7.742271610498e-01 1.083049278122e-03 9.383965910728e-03
4782 -7.735612777472e-01 1.229832212270e-03 1.209989816269e-02 -7.735381581783e-01 1.008052339362e-03 8.129356151146e-03 -7.738529071212e-01 1.036783131098e-03 8.599354087443e-03
4783 -7.737775093913e-01 1.102271296453e-03 9.720016087871e-03 -7.721515820622e-01 8.847976411746e-04 6.262934926625e-03 -7.733462282419e-01 9.273410207876e-04 6.879690950683e-03
4784 -7.732062620521e-01 1.133830456889e-03 1.028457203975e-02 -7.726496164203e-01 1.137503907228e-03 1.035132111168e-02 -7.720268176198e-01 1.164207997113e-03 1.084304208433e-02
4785 -7.720531343818e-01 1.114063911188e-03 9.929107185685e-03 -7.734783040881e-01 1.081963758048e-03 9.365164589838e-03 -7.740616882443e-01 1.086172264452e-03 9.438161504517e-03
4786 -7.726775225401e-01 1.253726120783e-03 1.257463348747e-02 -7.731261042953e-01 1.144227512074e-03 1.047405279509e-02 -7.716151376963e-01 1.022429108500e-03 8.362890255266e-03
4787 -7.721183136106e-01 1.141836436618e-03 1.043032358390e-02 -7.734711630940e-01 1.050167907506e-03 8.822821071636e-03 -7.731022527218e-01 1.025393490477e-03 8.411454482505e-03
4788 -7.718337348104e-01 1.036043290092e-03 8.587085591549e-03 -7.734830462337e-01 8.738022339535e-04 6.108242752497e-03 -7.721446264386e-01 9.624395430218e-04 7.410318991776e-03
4789 -7.723261943460e-01 1.014884854073e-03 8.239930136217e-03 -7.723799074292e-01 1.103252382835e-03 9.737326561852e-03 -7.725703407526e-01 9.930798888358e-04 7.889661324882e-03
4790 -7.733143677711e-01 1.154975912489e-03 1.067175486745e-02 -7.721399150491e-01 1.110221301076e-03 9.860730698902e-03 -7.724474620819e-01 1.011510649439e-03 8.185230351431e-03
4791 -7.718983618021e-01 1.037067798200e-03 8.604076944501e-03 -7.729176433086e-01 1.062209417370e-03 9.026310770798e-03 -7.720715914965e-01 1.060420285534e-03 8.995929455777e-03
4792 -7.728004634976e-01 1.067480270855e-03 9.116113029310e-03 -7.739098462462e-01 1.316084919341e-03 1.385663611933e-02 -7.718079355955e-01 9.662452947552e-04 7.469039757093e-03
4793 -7.725398005843e-01 1.055947116355e-03 8.920194500309e-03 -7.747404708862e-01 1.295382306737e-03 1.342412256486e-02 -7.742562450767e-01 1.224861347132e-03 1.200228255758e-02
4794 -7.734520851970e-01 1.058058692127e-03 8.955905567883e-03 -7.741292464137e-01 1.233820185383e-03 1.217849799887e-02 -7.740809805393e-01 1.072194563449e-03 9.196809455109e-03
4795 -7.705707594156e-01 1.095115407965e-03 9.594222054097e-03 -7.702357844710e-01 9.425541118231e-04 7.107266029717e-03 -7.738472782373e-01 1.079100817338e-03 9.315668591833e-03
4796 -7.724084535837e-01 1.200136496999e-03 1.152262089144e-02 -7.709003694654e-01 1.034516593849e-03 8.561796663596e-03 -7.728135283589e-01 9.537972213457e-04 7.277833115574e-03
4797 -7.711508127451e-01 9.430645468065e-04 7.114965915547e-03 -7.731553774476e-01 9.002424535387e-04 6.483491801228e-03 -7.736693485975e-01 1.073984356802e-03 9.227539189245e-03
4798 -7.729845420718e-01 1.155486856882e-03 1.068119901141e-02 -7.720850043893e-01 9.521927330157e-04 7.253368006463e-03 -7.736295474172e-01 1.112890186228e-03 9.908196532826e-03
4799 -7.752786418796e-01 1.416240650479e-03 1.604590064054e-02 -7.725975859761e-01 8.955685513267e-04 6.416344241003e-03 -7.735611653328e-01 9.967669177951e-04 7.948354307286e-03
4800 -7.712419208884e-01 1.051383961757e-03 8.843265880312e-03 -7.760443103909e-01 1.245253710573e-03 1.240525442957e-02 -7.725344897509e-01 9.925365205772e-04 7.881029957436e-03
4801 -7.756688196659e-01 1.305463240846e-03 1.363387418559e-02 -7.747680416703e-01 1.163461389431e-03 1.082913923757e-02 -7.735072355866e-01 1.072601968912e-03 9.203799869718e-03
4802 -7.739575988054e-01 1.158489320536e-03 1.073678004637e-02 -7.750777162313e-01 1.112540547648e-03 9.901971761293e-03 -7.742038334012e-01 1.365830105660e-03 1.492393502022e-02
4803 -7.717385306954e-01 1.246933055207e-03 1.243873635334e-02 -7.736201795340e-01 1.017895976707e-03 8.288897755165e-03 -7.712437296510e-01 1.026562294009e-03 8.430641147849e-03
4804 -7.726739917994e-01 9.923631933867e-04 7.878277660708e-03 -7.745137394071e-01 1.278375301663e-03 1.307394729521e-02 -7.726595026255e-01 1.106173257057e-03 9.788954197030e-03
4805 -7.715159168839e-01 9.454253131803e-04 7.150632182417e-03 -7.728314701915e-01 9.722282026666e-04 7.561821424482e-03 -7.743374106288e-01 1.070352456712e-03 9.165235052709e-03
4806 -7.711058473587e-01 9.952313355853e-04 7.923883290647e-03 -7.735290986896e-01 1.203527450545e-03 1.158782659372e-02 -7.734162507653e-01 1.017020140452e-03 8.274639728686e-03
4807 -7.741563452482e-01 1.021368406710e-03 8.345547377797e-03 -7.726712561846e-01 9.234489042710e-04 6.822063030394e-03 -7.732592257261e-01 1.180979272254e-03 1.115769633195e-02
4808 -7.718150146604e-01 1.146238866102e-03 1.051090830529e-02 -7.711454342604e-01 1.014577981487e-03 8.234947844148e-03 -7.739786112905e-01 1.105219591296e-03 9.772082759872e-03
4809 -7.728331095576e-01 1.168548504407e-03 1.092404485722e-02 -7.726461732388e-01 9.958987261286e-04 7.934514181636e-03 -7.736475408673e-01 1.098914931456e-03 9.660912212613e-03
4810 -7.728232114911e-01 1.194458365883e-03 1.141384630263e-02 -7.733427831531e-01 9.975243762499e-04 7.960439049702e-03 -7.736220392585e-01 1.140414249698e-03 1.040435728731e-02
4811 -7.714834191799e-01 9.537597430120e-04 7.277261179123e-03 -7.736721244454e-01 1.098395647736e-03 9.651783991727e-03 -7.748467903137e-01 1.156834232469e-03 1.070612353130e-02
4812 -7.715271097422e-01 1.114749037663e-03 9.941323335770e-03 -7.732358442545e-01 1.123439515638e-03 1.009693076237e-02 -7.729458919764e-01 1.172304683296e-03 1.099438616381e-02
4813 -7.739763929248e-01 1.382426864210e-03 1.528883227912e-02 -7.718846543431e-01 9.342966190117e-04 6.983281378373e-03 -7.741501973271e-01 1.176705375475e-03 1.107708432537e-02
4814 -7.717806194425e-01 1.019903766736e-03 8.321629547224e-03 -7.717242893577e-01 8.699682030735e-04 6.054757394871e-03 -7.727564460039e-01 1.019183206921e-03 8.309875274166e-03
4815 -7.713425873518e-01 1.035694079002e-03 8.581297802232e-03 -7.722925860882e-01 9.864759402761e-04 7.785078245949e-03 -7.739403596520e-01 1.070828507367e-03 9.173389537519e-03
4816 -7.722094526291e-01 1.150147465442e-03 1.058271353809e-02 -7.750454397202e-01 9.947777440986e-04 7.916662081231e-03 -7.718882020116e-01 1.078366181964e-03 9.302988979227e-03
4817 -7.740448946953e-01 1.135839847692e-03 1.032105727684e-02 -7.730194109082e-01 1.092252721169e-03 9.544128055206e-03 -7.726671075821e-01 9.653429056083e-04 7.455095403267e-03
4818 -7.738226503730e-01 1.121866909895e-03 1.006868290815e-02 -7.733862397671e-01 1.043825929739e-03 8.716580572756e-03 -7.717466282248e-01 9.307791934103e-04 6.930799255085e-03
4819 -7.727401425242e-01 1.067424546643e-03 9.115161302216e-03 -7.727427378297e-01 1.252615895868e-03 1.255237266066e-02 -7.740442172885e-01 1.052538153017e-03 8.862692508445e-03
4820 -7.722784341574e-01 1.053383043268e-03 8.876926686750e-03 -7.741514140964e-01 1.241670563314e-03 1.233396630240e-02 -7.731243131161e-01 9.711753145319e-04 7.545451932449e-03
4821 -7.721236299276e-01 9.989483834988e-04 7.983182983159e-03 -7.734690521359e-01 1.056683478167e-03 8.932639784248e-03 -7.736672860384e-01 1.158978927167e-03 1.074585722893e-02
4822 -7.738502181768e-01 1.155936945387e-03 1.068952177368e-02 -7.752293830514e-01 1.150704770690e-03 1.059297175432e-02 -7.717095968127e-01 1.081281931281e-03 9.353364919317e-03
4823 -7.726602767110e-01 1.131933045174e-03 1.025017935006e-02 -7.716928607821e-01 9.917741929694e-04 7.868928398721e-03 -7.732255198956e-01 1.043172066516e-03 8.705663682870e-03
4824 -7.724702549577e-01 1.087283942561e-03 9.457490974012e-03 -7.734959105849e-01 1.047012028651e-03 8.769873505112e-03 -7.719689272642e-01 1.076765540044e-03 9.275392225807e-03
4825 -7.729913961887e-01 1.035494583928e-03 8.577992266748e-03 -7.727719836235e-01 1.192408105312e-03 1.137469671691e-02 -7.742452997565e-01 1.125937358516e-03 1.014187948242e-02
4826 -7.712057349086e-01 9.552078806558e-04 7.299376762136e-03 -7.720403509736e-01 9.377238546410e-04 7.034608220502e-03 -7.733942101002e-01 1.024932043608e-03 8.403885552117e-03
4827 -7.729574133158e-01 1.020773303735e-03 8.335825100942e-03 -7.743222178221e-01 1.022794298182e-03 8.368865411150e-03 -7.744007970691e-01 1.058806545927e-03 8.968570413582e-03
4828 -7.704275656343e-01 9.915396699876e-04 7.865207337273e-03 -7.727416090369e-01 1.039908518419e-03 8.651277813438e-03 -7.727377931476e-01 1.081292292412e-03 9.353544173030e-03
4829 -7.720389642715e-01 9.361970542081e-04 7.011719394463e-03 -7.744564380050e-01 1.096101061179e-03 9.611500290536e-03 -7.744727752209e-01 1.128151872377e-03 1.018181317717e-02
4830 -7.742240793705e-01 1.118805374829e-03 1.001380373397e-02 -7.731713750958e-01 1.072105255490e-03 9.195277430788e-03 -7.730888001323e-01 1.042426775093e-03 8.693228651443e-03
4831 -7.710796700716e-01 9.479643315726e-04 7.189090991471e-03 -7.722690237164e-01 1.037629466124e-03 8.613399271749e-03 -7.735673446655e-01 9.952302979528e-04 7.923866767706e-03
4832 -7.743600364327e-01 1.432690290708e-03 1.642081175272e-02 -7.746847379804e-01 1.191689577825e-03 1.136099239918e-02 -7.737611994147e-01 1.006958909215e-03 8.111729958779e-03
4833 -7.722157400250e-01 1.344503697139e-03 1.446152153296e-02 -7.746023389101e-01 1.282233136890e-03 1.315297453871e-02 -7.742406142950e-01 1.125539942127e-03 1.013472129058e-02
4834 -7.731583343148e-01 1.107264926577e-03 9.808284941025e-03 -7.755857203603e-01 1.167731062040e-03 1.090876666602e-02 -7.753985233903e-01 1.218249992295e-03 1.187306434982e-02
4835 -7.727400667667e-01 1.054776293936e-03 8.900424241999e-03 -7.724133453369e-01 1.086686479054e-03 9.447100030069e-03 -7.729071901441e-01 9.211032176207e-04 6.787449100090e-03
4836 -7.722779334188e-01 1.203840213120e-03 1.159385006979e-02 -7.743649925590e-01 1.193661880071e-03 1.139862947147e-02 -7.740698924661e-01 1.026702576735e-03 8.432945448591e-03
4837 -7.705749372840e-01 1.050948540466e-03 8.835942677666e-03 -7.751176571250e-01 1.060320062099e-03 8.994229072725e-03 -7.721605082750e-01 1.034438210962e-03 8.560499298389e-03
4838 -7.748057990074e-01 1.314665327988e-03 1.382675939690e-02 -7.733546124697e-01 1.166978571798e-03 1.089471189629e-02 -7.739134035707e-01 1.058506129710e-03 8.963481813062e-03
4839 -7.731238614917e-01 1.004364550334e-03 8.069985199742e-03 -7.713623669147e-01 9.775098170965e-04 7.644203540160e-03 -7.742379955649e-01 1.057435523423e-03 8.945359089578e-03
4840 -7.730515807867e-01 9.358542218664e-04 7.006584996681e-03 -7.722395653725e-01 9.739523230054e-04 7.588665019901e-03 -7.727470813990e-01 9.374711441382e-04 7.030817168734e-03
4841 -7.720139563680e-01 9.853023985602e-04 7.766566532868e-03 -7.734572312236e-01 1.160140731446e-03 1.076741213409e-02 -7.729960535765e-01 1.019075919650e-03 8.308125840077e-03
4842 -7.717188397646e-01 9.629039620468e-04 7.417472321004e-03 -7.716925026178e-01 9.252564879040e-04 6.848796547267e-03 -7.743044398427e-01 1.097189227513e-03 9.630593607763e-03
4843 -7.730397480726e-01 1.016040407912e-03 8.258704884075e-03 -7.737536808848e-01 1.146204456879e-03 1.051027725575e-02 -7.736626983881e-01 1.167746703487e-03 1.090905890803e-02
4844 -7.728744686246e-01 1.137319525741e-03 1.034796562906e-02 -7.739525108337e-01 1.004548484641e-03 8.072941263954e-03 -7.713989845514e-01 9.924586000748e-04 7.879792582899e-03
4845 -7.748262335658e-01 1.277359781448e-03 1.305318409008e-02 -7.729713761210e-01 1.086586939853e-03 9.445369422868e-03 -7.722043539286e-01 1.010130313553e-03 8.162906002863e-03
4846 -7.739217500091e-01 1.219077937023e-03 1.188920813229e-02 -7.727062310576e-01 1.057576899013e-03 8.947751178603e-03 -7.739677916169e-01 1.252470610542e-03 1.254946104218e-02
4847 -7.725596895218e-01 1.024143147223e-03 8.390953488033e-03 -7.739570611715e-01 1.111910957634e-03 9.890767821648e-03 -7.741888668537e-01 1.169038277959e-03 1.093320396267e-02
4848 -7.732450768352e-01 1.165071361028e-03 1.085913021030e-02 -7.730943519473e-01 1.195563519411e-03 1.143497703157e-02 -7.717895374894e-01 1.175534997281e-03 1.105506023866e-02
4849 -7.723125670552e-01 9.525842047335e-04 7.259333336862e-03 -7.719990861416e-01 9.956623840322e-04 7.930748663813e-03 -7.729584062099e-01 1.076308447184e-03 9.267518987833e-03
4850 -7.719989233017e-01 1.006221467726e-03 8.099853136906e-03 -7.746740297079e-01 1.102173132313e-03 9.718284908734e-03 -7.725791935325e-01 1.090476990423e-03 9.513120533139e-03
4851 -7.732673147917e-01 1.289595993584e-03 1.330446261334e-02 -7.727198965549e-01 9.853382352140e-04 7.767131502198e-03 -7.721653840542e-01 1.067556326340e-03 9.117412079264e-03
4852 -7.722803491354e-01 1.096966592063e-03 9.626685632825e-03 -7.722367689610e-01 1.244269488421e-03 1.238565247852e-02 -7.707325024009e-01 9.566621913288e-04 7.321620386545e-03
4853 -7.744080762863e-01 1.361719547217e-03 1.483424100219e-02 -7.731810553670e-01 1.020939273077e-03 8.338535994484e-03 -7.738517317176e-01 1.081803267798e-03 9.362386481743e-03
4854 -7.736726564169e-01 1.253407367666e-03 1.256824023455e-02 -7.738228082657e-01 1.156473691316e-03 1.069945118965e-02 -7.730986472964e-01 1.129041063545e-03 1.019786978536e-02
4855 -7.720674823523e-01 1.173141936852e-03 1.101009603200e-02 -7.723562085629e-01 9.687658563249e-04 7.508058275047e-03 -7.741587156653e-01 1.122660462716e-03 1.008293211636e-02
4856 -7.712370160222e-01 1.004767244016e-03 8.076457717184e-03 -7.733868362904e-01 1.016422556035e-03 8.264918499336e-03 -7.717719255686e-01 1.021212167617e-03 8.342994330317e-03
4857 -7.725292254686e-01 1.106091004827e-03 9.787498487677e-03 -7.719019225240e-01 9.654031212936e-04 7.456025492827e-03 -7.726022266746e-01 9.536660611490e-04 7.275831649500e-03
4858 -7.712076688409e-01 1.069092447836e-03 9.143669296154e-03 -7.760175250769e-01 1.342628332656e-03 1.442120671721e-02 -7.726823796034e-01 1.042768905043e-03 8.698935914600e-03
4859 -7.730917682052e-01 1.255928891281e-03 1.261885903963e-02 -7.735621814132e-01 9.405697035701e-04 7.077370938191e-03 -7.730714237690e-01 8.953902042675e-04 6.413788943186e-03
4860 -7.718671188951e-01 9.212409038445e-04 6.789478423330e-03 -7.728153962493e-01 1.138154327003e-03 1.036316217660e-02 -7.721005178690e-01 1.073598559331e-03 9.220910932779e-03
4861 -7.724926820993e-01 1.092229011732e-03 9.543713712549e-03 -7.736197384596e-01 9.966692187657e-04 7.946796253080e-03 -7.726775984168e-01 9.736390961622e-04 7.583784716604e-03
4862 -7.724320234656e-01 1.075417798894e-03 9.252187537422e-03 -7.738966368437e-01 9.403600667416e-04 7.074216440978e-03 -7.713470683098e-01 9.460877707790e-04 7.160656560140e-03
4863 -7.735366212130e-01 1.061102045312e-03 9.007500404518e-03 -7.726598894000e-01 1.007879817648e-03 8.126573814580e-03 -7.746987772584e-01 1.086307807709e-03 9.440517224721e-03
4864 -7.716038915515e-01 1.070484604674e-03 9.167498310759e-03 -7.746575325727e-01 1.292000319726e-03 1.335411860937e-02 -7.734499967694e-01 1.204320420451e-03 1.160310140093e-02
4865 -7.707449316382e-01 1.063054779073e-03 9.040683706472e-03 -7.719634436369e-01 1.062220014433e-03 9.026490872496e-03 -7.749610358477e-01 1.203103678147e-03 1.157966768297e-02
4866 -7.736417489648e-01 1.347897017734e-03 1.453461096332e-02 -7.744269117117e-01 1.162384027335e-03 1.080909301603e-02 -7.732276156545e-01 9.469871253684e-04 7.174276924909e-03
4867 -7.720358065963e-01 1.020201072865e-03 8.326481832601e-03 -7.726322501898e-01 9.992438703647e-04 7.987906499692e-03 -7.726701849699e-01 1.008597840104e-03 8.138156824498e-03
4868 -7.736578617096e-01 1.301165827560e-03 1.354426008647e-02 -7.740640690327e-01 1.171077649774e-03 1.097138289440e-02 -7.731623136401e-01 9.807613622819e-04 7.695142797960e-03
4869 -7.737998362780e-01 1.298894098008e-03 1.349700702271e-02 -7.731102384329e-01 9.237731511660e-04 6.826854678522e-03 -7.774050172567e-01 1.288163517503e-03 1.327492198260e-02
4870 -7.717656550407e-01 9.838669320879e-04 7.743953120448e-03 -7.732861073017e-01 1.111476922809e-03 9.883047599494e-03 -7.738033481240e-01 1.070469837215e-03 9.167245379092e-03
4871 -7.728629265428e-01 1.035542281434e-03 8.578782533101e-03 -7.735839182138e-01 1.154506654138e-03 1.066308491560e-02 -7.733510356545e-01 1.215592675315e-03 1.182132441824e-02
4872 -7.730898411870e-01 1.131195326414e-03 1.023682293201e-02 -7.730909379125e-01 9.499854698152e-04 7.219779142880e-03 -7.734244121313e-01 1.016687257078e-03 8.269223829636e-03
4873 -7.709476066828e-01 1.085323396889e-03 9.423415006684e-03 -7.729476265907e-01 9.143970159300e-04 6.688975221934e-03 -7.722867569327e-01 1.001992682758e-03 8.031914690410e-03
4874 -7.735168799162e-01 1.114921007836e-03 9.944390829721e-03 -7.717532980442e-01 1.079599495406e-03 9.324280563851e-03 -7.728045505881e-01 1.055821058038e-03 8.918064852768e-03
4875 -7.748916125298e-01 1.263406147876e-03 1.276956075594e-02 -7.717475239635e-01 8.766530220145e-04 6.148164168057e-03 -7.726030331254e-01 1.000212141767e-03 8.003394628303e-03
4876 -7.718080471754e-01 1.190828277434e-03 1.134457589069e-02 -7.751440037489e-01 1.019108727454e-03 8.308660786989e-03 -7.732525844574e-01 1.042526029589e-03 8.694884178972e-03
4877 -7.711305391788e-01 8.937398294736e-04 6.390167062301e-03 -7.764968870878e-01 1.405434736920e-03 1.580197439792e-02 -7.746649848223e-01 1.092342794536e-03 9.545702246195e-03
4878 -7.717927438617e-01 1.076508961512e-03 9.270972353725e-03 -7.759092278481e-01 1.176725085595e-03 1.107745541654e-02 -7.736345581412e-01 1.101043805540e-03 9.698379693736e-03
4879 -7.723153027892e-01 1.028732603052e-03 8.466326148655e-03 -7.727651559114e-01 1.050050076100e-03 8.820841298541e-03 -7.733434917331e-01 9.947559388573e-04 7.916315023135e-03
4880 -7.732418243289e-01 1.091708515773e-03 9.534619867293e-03 -7.740414279103e-01 1.164260716139e-03 1.084402412115e-02 -7.740507354736e-01 1.289240224234e-03 1.329712284627e-02
4881 -7.721710664630e-01 9.123738706758e-04 6.659408639135e-03 -7.710775063038e-01 1.019228663251e-03 8.310616543938e-03 -7.753042088151e-01 1.120537183543e-03 1.004482863761e-02
4882 -7.733584023118e-01 1.228960615212e-03 1.208275354994e-02 -7.763163496256e-01 1.296581700128e-03 1.344899284085e-02 -7.750341674685e-01 1.232996932039e-03 1.216225147534e-02
4883 -7.713979542255e-01 1.038174738743e-03 8.622454305305e-03 -7.739085473418e-01 1.002564456638e-03 8.041083917709e-03 -7.709443863630e-01 1.006333447253e-03 8.101656056475e-03
4884 -7.729388154149e-01 9.952518721140e-04 7.924210311571e-03 -7.738449559212e-01 1.254460997086e-03 1.258937914568e-02 -7.716838569045e-01 9.232344797857e-04 6.818895237321e-03
4885 -7.718202278018e-01 1.233498039408e-03 1.217213930578e-02 -7.737609966993e-01 1.053259153083e-03 8.874838748431e-03 -7.735973049998e-01 1.061510035006e-03 9.014428435353e-03
4886 -7.726301126480e-01 1.212145645524e-03 1.175437652770e-02 -7.726452628970e-01 9.829451678887e-04 7.729449624606e-03 -7.730079441667e-01 1.175045863279e-03 1.104586224647e-02
4887 -7.730424992442e-01 1.170795096314e-03 1.096608926042e-02 -7.741874531507e-01 1.218170911272e-03 1.187152295256e-02 -7.731684249043e-01 1.181485020047e-03 1.116725482076e-02
4888 -7.723762463927e-01 1.112736383666e-03 9.905458076280e-03 -7.745148786902e-01 1.112355330009e-03 9.898675041603e-03 -7.741595389843e-01 1.148627864766e-03 1.055476777374e-02
4889 -7.728625330925e-01 1.230842191578e-03 1.211978000456e-02 -7.743519361615e-01 8.831179573575e-04 6.239178612859e-03 -7.727609599233e-01 1.037148234317e-03 8.605411679580e-03
4890 -7.709102897048e-01 9.330404212426e-04 6.964515421381e-03 -7.745201132298e-01 1.139647245868e-03 1.039036676012e-02 -7.719486427903e-01 1.103584476356e-03 9.743189571628e-03
4891 -7.717751482725e-01 1.023165819969e-03 8.374946361227e-03 -7.715155433416e-01 1.086047970385e-03 9.436001551822e-03 -7.727960355282e-01 1.065035679427e-03 9.074407987621e-03
4892 -7.725414618254e-01 1.228387322857e-03 1.207148331964e-02 -7.722579724789e-01 9.943125033113e-04 7.909258833929e-03 -7.728820538521e-01 1.046193215303e-03 8.756161949974e-03
4893 -7.728769945502e-01 1.079213458600e-03 9.317613513788e-03 -7.713657096028e-01 1.167408897052e-03 1.090274826333e-02 -7.738875575662e-01 1.213234373120e-03 1.177550115296e-02
4894 -7.740115605593e-01 1.137334416753e-03 1.034823660424e-02 -7.726228209138e-01 1.168364189062e-03 1.092059902627e-02 -7.730291832685e-01 1.006722248428e-03 8.107917483846e-03
4895 -7.720116820335e-01 1.014515985717e-03 8.233941482204e-03 -7.710169216394e-01 9.900307502161e-04 7.841287090987e-03 -7.728987584710e-01 1.058881076477e-03 8.969833072975e-03
4896 -7.725325103998e-01 1.209950981128e-03 1.171185101385e-02 -7.728827147484e-01 1.002198778382e-03 8.035219131129e-03 -7.732857595086e-01 1.109228004426e-03 9.843094126418e-03
4897 -7.698475585580e-01 1.030109287646e-03 8.489001155955e-03 -7.749782909155e-01 1.262256549884e-03 1.274633278179e-02 -7.713283047080e-01 9.662383201076e-04 7.468931929955e-03
4898 -7.717216590643e-01 1.234770521171e-03 1.219726591963e-02 -7.745762733817e-01 1.115270986624e-03 9.950634988842e-03 -7.736517329216e-01 1.125981490772e-03 1.014267454049e-02
4899 -7.732437797785e-01 1.203855462503e-03 1.159414379678e-02 -7.740457059145e-01 1.297159917473e-03 1.346099081198e-02 -7.723622617722e-01 1.107786654417e-03 9.817530173642e-03
4900 -7.720174846649e-01 1.153991318787e-03 1.065356771069e-02 -7.734040730000e-01 8.915936008240e-04 6.359513192242e-03 -7.716843238473e-01 1.047948370012e-03 8.785566289686e-03
4901 -7.724768233299e-01 1.058044930217e-03 8.955672594865e-03 -7.734887522459e-01 1.150074033637e-03 1.058136226277e-02 -7.723952126503e-01 1.082468760883e-03 9.373908946301e-03
4902 -7.727523525953e-01 9.711399753153e-04 7.544902813243e-03 -7.713076265454e-01 1.021432389932e-03 8.346593017613e-03 -7.733958687186e-01 8.799920161586e-04 6.195087588023e-03
4903 -7.723430690765e-01 1.082595397465e-03 9.376102356907e-03 -7.737012955546e-01 1.206029744657e-03 1.163606195999e-02 -7.737773791552e-01 1.060716073426e-03 9.000948707390e-03
4904 -7.734742574096e-01 1.019752760867e-03 8.319165546362e-03 -7.741224064827e-01 1.030687823031e-03 8.498539108349e-03 -7.733693769574e-01 9.486257241643e-04 7.199126116371e-03
4905 -7.723090295196e-01 1.157898305200e-03 1.072582788147e-02 -7.736733324528e-01 1.051960535040e-03 8.852967738248e-03 -7.730722176433e-01 1.068234833898e-03 9.129005282833e-03
4906 -7.702878610492e-01 1.134277758483e-03 1.029268826711e-02 -7.738967625499e-01 1.223390967381e-03 1.197348367255e-02 -7.730910122395e-01 1.017506282123e-03 8.282552273286e-03
4907 -7.736625938416e-01 1.199964537684e-03 1.151931913358e-02 -7.735011183619e-01 9.864591426113e-04 7.784813120331e-03 -7.745698642135e-01 1.386237624757e-03 1.537323801834e-02
4908 -7.722567623258e-01 1.134834161461e-03 1.030278859215e-02 -7.721267691851e-01 7.994384430584e-04 5.112814593917e-03 -7.733230135441e-01 1.143337230975e-03 1.045776018986e-02
4909 -7.738188619614e-01 1.268826411327e-03 1.287936369665e-02 -7.736128590107e-01 1.173407925688e-03 1.101508928053e-02 -7.735584051609e-01 1.055059212765e-03 8.905199539525e-03
4910 -7.723729102015e-01 1.132353040659e-03 1.025778726952e-02 -7.742062885165e-01 1.029202492459e-03 8.474062163876e-03 -7.727058569193e-01 1.019191622589e-03 8.310012508441e-03
4911 -7.723164249659e-01 1.034980463836e-03 8.569476484173e-03 -7.718849388361e-01 1.153713849136e-03 1.064844516551e-02 -7.729110904932e-01 1.081252146698e-03 9.352849637907e-03
4912 -7.716042119861e-01 9.807402937049e-04 7.694812189571e-03 -7.755924956799e-01 1.411962095472e-03 1.594909567240e-02 -7.695189004540e-01 1.009633367459e-03 8.154876293490e-03
4913 -7.737594286799e-01 1.239613202921e-03 1.229312714285e-02 -7.723035921454e-01 1.107891947131e-03 9.819396532146e-03 -7.714515836835e-01 8.995748990737e-04 6.473879992348e-03
4914 -7.723895816803e-01 1.286517744390e-03 1.324102325304e-02 -7.745935007930e-01 9.242345982968e-04 6.833676741511e-03 -7.745337445140e-01 1.063598998197e-03 9.049942631734e-03
4915 -7.700547191501e-01 9.714627618145e-04 7.549919180738e-03 -7.745374055505e-01 1.205808109099e-03 1.163178556774e-02 -7.732786592841e-01 1.030185620726e-03 8.490259305210e-03
4916 -7.715406785607e-01 9.545765031588e-04 7.289730403063e-03 -7.727321763039e-01 9.719492173033e-04 7.557482248131e-03 -7.729247880578e-01 1.049091695993e-03 8.804747092814e-03
4917 -7.744869840741e-01 1.331201918810e-03 1.417678838915e-02 -7.720631991029e-01 9.805104697640e-04 7.691206250535e-03 -7.719530664086e-01 1.063299186869e-03 9.044841286366e-03
4918 -7.724823222756e-01 1.081600220292e-03 9.358872292287e-03 -7.742677549124e-01 1.128400583772e-03 1.018630301966e-02 -7.743730864525e-01 1.166574258147e-03 1.088716399817e-02
4919 -7.739918382168e-01 1.071082400385e-03 9.177740067309e-03 -7.739930856228e-01 1.138719684850e-03 1.037346016532e-02 -7.737266262174e-01 1.154207468194e-03 1.065755903709e-02
4920 -7.713319727778e-01 1.198586774765e-03 1.149288205313e-02 -7.730846906304e-01 1.024139256374e-03 8.390889731571e-03 -7.739123858809e-01 1.068540109362e-03 9.134223722530e-03
4921 -7.715873296261e-01 1.001815725436e-03 8.029077981847e-03 -7.723219053149e-01 9.315748488348e-04 6.942653591853e-03 -7.728885144591e-01 1.260636912885e-03 1.271364340903e-02
4922 -7.721578848362e-01 1.203471211384e-03 1.158674365303e-02 -7.739491652250e-01 1.083302001495e-03 9.388345811544e-03 -7.733427078128e-01 1.179630159367e-03 1.113221850310e-02
4923 -7.726319127679e-01 1.087810318873e-03 9.466650318775e-03 -7.724148185253e-01 9.708232335252e-04 7.539982006019e-03 -7.726700268388e-01 1.042775449390e-03 8.699045102802e-03
4924 -7.730864553452e-01 1.004750700974e-03 8.076191768869e-03 -7.722827754617e-01 1.021371629239e-03 8.345600040109e-03 -7.746849736571e-01 1.140908833258e-03 1.041338372645e-02
4925 -7.731562654972e-01 1.177730916439e-03 1.109640089229e-02 -7.739191780090e-01 1.216086608372e-03 1.183093311249e-02 -7.742304739356e-01 1.153423438784e-03 1.064308503309e-02
4926 -7.721780231595e-01 1.090134965871e-03 9.507153950518e-03 -7.736385391355e-01 1.001568579333e-03 8.025116952853e-03 -7.729898556471e-01 1.011023326163e-03 8.177345328369e-03
4927 -7.720962577462e-01 9.653376273013e-04 7.455013877469e-03 -7.734932767749e-01 1.254227751005e-03 1.258469801113e-02 -7.727182712555e-01 9.870532918482e-04 7.794193607587e-03
4928 -7.727449095845e-01 1.245244418483e-03 1.240506929411e-02 -7.741148915887e-01 1.042843883131e-03 8.700186916673e-03 -7.716281037927e-01 9.754115282458e-04 7.611421195478e-03
4929 -7.713390708566e-01 1.147681186968e-03 1.053737685535e-02 -7.762044556737e-01 1.275228607614e-03 1.300966401342e-02 -7.747430130839e-01 1.097782675782e-03 9.641014425981e-03
4930 -7.726811336875e-01 1.044130080112e-03 8.721660993558e-03 -7.710469565988e-01 9.623831330738e-04 7.409450358599e-03 -7.728650934100e-01 1.046575015127e-03 8.762554098301e-03
4931 -7.736734141707e-01 1.072626737334e-03 9.204224941146e-03 -7.739810232520e-01 1.260925696247e-03 1.271946889165e-02 -7.735079164505e-01 1.205462409638e-03 1.162511696839e-02
4932 -7.726816578507e-01 1.077810626135e-03 9.293405966471e-03 -7.720114818811e-01 9.782915665921e-04 7.656435114122e-03 -7.736105457544e-01 9.596379683534e-04 7.367240242444e-03
4933 -7.728072490692e-01 1.234430113762e-03 1.219054164609e-02 -7.709914293885e-01 1.017010828096e-03 8.274488195721e-03 -7.756192663908e-01 1.041969533214e-03 8.685604065167e-03
4934 -7.733212807775e-01 1.104589976736e-03 9.760952133649e-03 -7.744933372736e-01 1.215126787778e-03 1.181226488300e-02 -7.728536492586e-01 1.118536000363e-03 1.000898227286e-02
4935 -7.749604800344e-01 1.151341974518e-03 1.060470673829e-02 -7.736180319786e-01 1.123834657289e-03 1.010403469539e-02 -7.740620062351e-01 1.217043118327e-03 1.184955161493e-02
4936 -7.714142561555e-01 1.076531475044e-03 9.271360134090e-03 -7.742106057405e-01 1.238126499367e-03 1.226365782749e-02 -7.733177291751e-01 1.177302371538e-03 1.108832699224e-02
4937 -7.724939377308e-01 1.116070652085e-03 9.964909603567e-03 -7.740615011454e-01 1.274406028986e-03 1.299288581373e-02 -7.716782430410e-01 9.693520564042e-04 7.517147274040e-03
4938 -7.753303052783e-01 1.196379101476e-03 1.145058363559e-02 -7.749238029122e-01 1.123658758404e-03 1.010087204271e-02 -7.725941510797e-01 1.192536909748e-03 1.137715424889e-02
4939 -7.736434451342e-01 1.130239670933e-03 1.021953371000e-02 -7.729468219280e-01 1.194462275683e-03 1.141392102424e-02 -7.731667033434e-01 9.847027429083e-04 7.757115935129e-03
4940 -7.719549898505e-01 1.110829044417e-03 9.871529327372e-03 -7.734770599008e-01 9.975798367317e-04 7.961324245230e-03 -7.719972729683e-01 1.104061015991e-03 9.751605816240e-03
4941 -7.721441466212e-01 1.101917470058e-03 9.713776886545e-03 -7.715367993116e-01 1.061683310674e-03 9.017371617309e-03 -7.718106486797e-01 1.094116126981e-03 9.576720794563e-03
4942 -7.727085378170e-01 1.178579775484e-03 1.111240229743e-02 -7.724050171971e-01 1.035375839244e-03 8.576025027930e-03 -7.709278861880e-01 9.777584566822e-04 7.648092796908e-03
4943 -7.717707564831e-01 1.033129744344e-03 8.538856549185e-03 -7.732474626899e-01 1.068178608924e-03 9.128044324506e-03 -7.725019378066e-01 9.390822889548e-04 7.055004363428e-03
4944 -7.728854427338e-01 1.132898853903e-03 1.026767850539e-02 -7.720737150908e-01 1.091022636620e-03 9.522643148944e-03 -7.746967569590e-01 1.122054214975e-03 1.007204529075e-02
4945 -7.716112335920e-01 1.026356964680e-03 8.427268951581e-03 -7.729383221269e-01 9.136210120227e-04 6.677626828875e-03 -7.728612428904e-01 9.808032221527e-04 7.695799684680e-03
4946 -7.743895884156e-01 1.345852160750e-03 1.449054430876e-02 -7.726500684619e-01 1.103850444504e-03 9.747886430654e-03 -7.717247675657e-01 1.098164735990e-03 9.647726298976e-03
4947 -7.746527475715e-01 1.270575816817e-03 1.291490325024e-02 -7.731343513727e-01 1.125435360734e-03 1.013283800952e-02 -7.729510097504e-01 8.786905040238e-04 6.176776014893e-03
4948 -7.749107688069e-01 1.151675560813e-03 1.061085277900e-02 -7.726122348309e-01 1.000790051871e-03 8.012645823396e-03 -7.720402815938e-01 1.023555324880e-03 8.381324024730e-03
4949 -7.725804723501e-01 1.107901500298e-03 9.819565874905e-03 -7.731819853187e-01 1.211127571959e-03 1.173463996447e-02 -7.723463698626e-01 1.177866181103e-03 1.109894992469e-02
4950 -7.747495908737e-01 1.262285130199e-03 1.274690999937e-02 -7.726654396057e-01 1.255858439297e-03 1.261744335642e-02 -7.747713102698e-01 1.017425031731e-03 8.281229561546e-03
4951 -7.705918991566e-01 1.143902637260e-03 1.046810594824e-02 -7.714573114514e-01 9.443551068955e-04 7.134452543356e-03 -7.734067054987e-01 1.182290292940e-03 1.118248269425e-02
4952 -7.716992681026e-01 1.200106914963e-03 1.152205285874e-02 -7.726458381414e-01 1.058909547396e-03 8.970315436530e-03 -7.734468352795e-01 1.277479944077e-03 1.305564006016e-02
4953 -7.710316237211e-01 1.201098900529e-03 1.154110855082e-02 -7.729279603958e-01 9.948943256644e-04 7.918517753914e-03 -7.718838397264e-01 1.028292306938e-03 8.459080548056e-03
4954 -7.732124800682e-01 1.231970465025e-03 1.214200981354e-02 -7.746809847355e-01 1.180950875615e-03 1.115715976493e-02 -7.721314509511e-01 1.066639182959e-03 9.101753172992e-03
4955 -7.723735830784e-01 9.836559656374e-04 7.740632469872e-03 -7.714812806845e-01 1.230989400285e-03 1.212267922892e-02 -7.726046966314e-01 1.174940588850e-03 1.104388309861e-02
4956 -7.732100545764e-01 1.217294884890e-03 1.185445469424e-02 -7.714306003451e-01 9.842942905436e-04 7.750682003175e-03 -7.743773871660e-01 1.020038271496e-03 8.323824602538e-03
4957 -7.728261771798e-01 9.559359270799e-04 7.310507973457e-03 -7.740318379402e-01 9.479323602235e-04 7.188606076472e-03 -7.751607953310e-01 1.164990631371e-03 1.085762536946e-02
4958 -7.737563149929e-01 1.181401489882e-03 1.116567584237e-02 -7.719115641713e-01 1.011110724508e-03 8.178759177713e-03 -7.748627716899e-01 1.152421542650e-03 1.062460329571e-02
4959 -7.706838194132e-01 9.485209697421e-04 7.197536240325e-03 -7.729214861989e-01 1.076533584478e-03 9.271396468066e-03 -7.736708760858e-01 1.048115812374e-03 8.788374049185e-03
4960 -7.732704280615e-01 1.057271630602e-03 8.942586407009e-03 -7.728459079862e-01 1.102345262031e-03 9.721320613779e-03 -7.725323698521e-01 9.725112079154e-04 7.566224396168e-03
4961 -7.710645246506e-01 1.065128931080e-03 9.075997118596e-03 -7.732611361742e-01 1.211194210464e-03 1.173593132369e-02 -7.712179510593e-01 8.897362132558e-04 6.333044233431e-03
4962 -7.726194422245e-01 1.019741540321e-03 8.318982472458e-03 -7.723301475644e-01 8.914289479105e-04 6.357164553382e-03 -7.720695033073e-01 1.043439158544e-03 8.710122220670e-03
4963 -7.751147650480e-01 1.181203226966e-03 1.116192850715e-02 -7.729415640831e-01 1.135819351140e-03 1.032068478739e-02 -7.727788893580e-01 9.844510385943e-04 7.753150779115e-03
4964 -7.728735130429e-01 9.260247552707e-04 6.860174778994e-03 -7.726008318663e-01 1.074049407197e-03 9.228657032803e-03 -7.738646946549e-01 1.198850580768e-03 1.149794172005e-02
4965 -7.749475207925e-01 1.085119379914e-03 9.419872549326e-03 -7.739572176933e-01 1.129580111521e-03 1.020760982676e-02 -7.738505543470e-01 1.029816391946e-03 8.484174408959e-03
4966 -7.734086390734e-01 1.151884201850e-03 1.061469771577e-02 -7.715214069486e-01 9.732368262002e-04 7.577519358978e-03 -7.722220616937e-01 1.031516080947e-03 8.512203402018e-03
4967 -7.716691585183e-01 9.760629133343e-04 7.621590486293e-03 -7.715357385874e-01 1.032271825673e-03 8.524680976628e-03 -7.753541330099e-01 1.272863841686e-03 1.296145887578e-02
4968 -7.708984671235e-01 1.050284855861e-03 8.824786227605e-03 -7.737405851483e-01 1.106645697689e-03 9.797317601705e-03 -7.726543428898e-01 1.024561943487e-03 8.397817408333e-03
4969 -7.733250446320e-01 1.091773665870e-03 9.535757899894e-03 -7.758371523619e-01 1.309548902652e-03 1.371934662749e-02 -7.736084338427e-01 1.019794671311e-03 8.319849373071e-03
4970 -7.744069347978e-01 1.067410599721e-03 9.114923107180e-03 -7.739933226705e-01 1.071679406810e-03 9.187974007847e-03 -7.720715118051e-01 1.211704000825e-03 1.174581268493e-02
4971 -7.728827474117e-01 1.006598663795e-03 8.105926959632e-03 -7.736303080320e-01 1.003224744512e-03 8.051679104004e-03 -7.729088037014e-01 9.927540931342e-04 7.884485515478e-03
4972 -7.726782740951e-01 1.026418064377e-03 8.428272343031e-03 -7.725940448046e-01 9.526398685974e-04 7.260181753930e-03 -7.713310881257e-01 9.326202093987e-04 6.958243639831e-03
4973 -7.702502140999e-01 9.742694704687e-04 7.593608008699e-03 -7.749651857018e-01 1.259185834828e-03 1.268439173305e-02 -7.727334808707e-01 9.802634128593e-04 7.687330868725e-03
4974 -7.721899361610e-01 1.037910351272e-03 8.618063178228e-03 -7.738885161281e-01 9.831365284222e-04 7.732459468145e-03 -7.726554067135e-01 1.074648353454e-03 9.238952668650e-03
4975 -7.731529492736e-01 1.238606450238e-03 1.227316750858e-02 -7.738453519940e-01 1.188650473961e-03 1.130311959398e-02 -7.748931509852e-01 1.141454761391e-03 1.042335177842e-02
4976 -7.712249796987e-01 1.017207403555e-03 8.277687214777e-03 -7.737130392194e-01 1.137651210530e-03 1.035400221456e-02 -7.734663536549e-01 1.153281405280e-03 1.064046399812e-02
4977 -7.718860790730e-01 1.054089949220e-03 8.888844968370e-03 -7.741656064987e-01 1.081338130246e-03 9.354337215392e-03 -7.729772700071e-01 1.131811081214e-03 1.024797058846e-02
4978 -7.720124397874e-01 1.012726016455e-03 8.204911875239e-03 -7.725360829830e-01 1.080083677028e-03 9.332645995055e-03 -7.754370693564e-01 1.080603188422e-03 9.341626006618e-03
4979 -7.734222367406e-01 1.200214188154e-03 1.152411277957e-02 -7.734951243997e-01 1.023565851187e-03 8.381496413732e-03 -7.730010471940e-01 1.056557574343e-03 8.930511263220e-03
4980 -7.717173302770e-01 1.227210469813e-03 1.204836429775e-02 -7.706572105885e-01 1.082920660549e-03 9.381737256344e-03 -7.737080032229e-01 1.014767308136e-03 8.238021517285e-03
4981 -7.721946356297e-01 1.012340002218e-03 8.198658240725e-03 -7.742906333208e-01 1.119654005939e-03 1.002900074412e-02 -7.740608143806e-01 1.149255453278e-03 1.056630477511e-02
4982 -7.724664444923e-01 1.162877043455e-03 1.081826414556e-02 -7.752590094805e-01 1.340145197928e-03 1.436791321224e-02 -7.730487438440e-01 1.142938668028e-03 1.045047039099e-02
4983 -7.738035128713e-01 1.188040588622e-03 1.129152352171e-02 -7.744403296113e-01 1.118747917935e-03 1.001277523108e-02 -7.727539659142e-01 1.111198077095e-03 9.878089332314e-03
4984 -7.729864356518e-01 1.193742766653e-03 1.140017434350e-02 -7.728062600493e-01 1.250050668571e-03 1.250101339196e-02 -7.736496772766e-01 1.175232121207e-03 1.104936430973e-02
4985 -7.730755676627e-01 1.105154194271e-03 9.770926344913e-03 -7.742199193239e-01 1.020069902836e-03 8.324340853370e-03 -7.732639260888e-01 1.118070467331e-03 1.000065255933e-02
4986 -7.744542310834e-01 1.256687762956e-03 1.263411306850e-02 -7.743659673929e-01 1.017670097671e-03 8.285219421548e-03 -7.723791223168e-01 9.418818084182e-04 7.097130728233e-03
4987 -7.707296679020e-01 9.647537536542e-04 7.445998441518e-03 -7.741073983312e-01 1.124213752092e-03 1.011085248315e-02 -7.734139362574e-01 9.807129514152e-04 7.694383144589e-03
4988 -7.702167011499e-01 1.177294652117e-03 1.108818158323e-02 -7.740298811793e-01 1.207158519597e-03 1.165785353149e-02 -7.756189945340e-01 1.189581741576e-03 1.132083775913e-02
4989 -7.733151819110e-01 1.127795594689e-03 1.017538322720e-02 -7.732449373603e-01 1.051008894998e-03 8.836957578918e-03 -7.726693089604e-01 1.167402776837e-03 1.090263394693e-02
4990 -7.728952804804e-01 1.047399951583e-03 8.776373268615e-03 -7.736000323296e-01 1.049169044759e-03 8.806045475838e-03 -7.716782279611e-01 1.031988902194e-03 8.520008754012e-03
4991 -7.702322280407e-01 1.011658569674e-03 8.187624492753e-03 -7.732787739038e-01 9.430258619209e-04 7.114382210013e-03 -7.739119729996e-01 1.054098255846e-03 8.888985063813e-03
4992 -7.721760606766e-01 1.088962317883e-03 9.486711438162e-03 -7.732227743864e-01 1.032970803766e-03 8.536229451457e-03 -7.725887059569e-01 1.002103758332e-03 8.033695539697e-03
4993 -7.709428740144e-01 1.224023801593e-03 1.198587413492e-02 -7.730555566549e-01 1.167887772012e-03 1.091169478412e-02 -7.709103255868e-01 9.844980055275e-04 7.753890583102e-03
4994 -7.732296708226e-01 1.063194023616e-03 9.043052254828e-03 -7.732979022264e-01 1.071769312402e-03 9.189515672060e-03 -7.736747776866e-01 1.047831923654e-03 8.783613921823e-03
4995 -7.718285802603e-01 1.016853059290e-03 8.271921153494e-03 -7.734449715018e-01 1.226743689425e-03 1.203920063635e-02 -7.736579424143e-01 1.225603804663e-03 1.201683748804e-02
4996 -7.724193983078e-01 1.225668743839e-03 1.201811095699e-02 -7.724927166104e-01 1.112440509644e-03 9.900191099969e-03 -7.723774755597e-01 1.123723319620e-03 1.010203279246e-02
4997 -7.721996375918e-01 9.895636600307e-04 7.833889898027e-03 -7.735589488149e-01 1.160618479328e-03 1.077628203646e-02 -7.744690120220e-01 1.042042523842e-03 8.686820971954e-03
4998 -7.722320188880e-01 1.223649627629e-03 1.197854728957e-02 -7.744107406139e-01 9.750748160215e-04 7.606167174715e-03 -7.729394111633e-01 9.920066055192e-04 7.872616843150e-03
4999 -7.716156647801e-01 1.052022356975e-03 8.854008316599e-03 -7.724105296135e-01 1.176267421804e-03 1.106884038077e-02 -7.709709188938e-01 9.549147097061e-04 7.294896822504e-03
5000 -7.717669779658e-01 1.007005312352e-03 8.112477592846e-03 -7.727769089341e-01 1.180573379357e-03 1.115002803238e-02 -7.726055232286e-01 1.115139429256e-03 9.948287573454e-03
